sample	group	library_size	TMM_factor
"CNP0000460|CNP0000460_P01N"	"Left"	185432	1.03156735327512
"CNP0000460|CNP0000460_P01T"	"Left"	4705555	0.915175250699269
"CNP0000460|CNP0000460_P04T"	"Left"	652663	0.969811069373195
"CNP0000460|CNP0000460_P05T"	"Left"	2286167	0.994916628909265
"CNP0000460|CNP0000460_P06T"	"Left"	164995	0.975921463662245
"CNP0000460|CNP0000460_P07T"	"Left"	14966945	0.892153234837634
"HRA003620|HRA003620_BC-04"	"Left"	6229812	1.13217928820582
"HRA003620|HRA003620_BC-05"	"Left"	3289989	1.25011359063045
"HRA003620|HRA003620_BC-24"	"Left"	593427	1.31106047944935
"HRA003620|HRA003620_BC-27"	"Left"	522794	1.31487547198354
"HRA003620|HRA003620_NC-24"	"Left"	333122	1.05988776991712
"InhouseData|T4465219"	"Left"	149249	1.60698196927523
"PRJNA662018|PRJNA662018_PRJNA662018_P3T3"	"Left"	2149095	1.00859762372021
"PRJNA662018|PRJNA662018_PRJNA662018_P7T7"	"Left"	208342	1.13711356005059
"CNP0000460|CNP0000460_P01N"	"Right"	556043	0.828812091482091
"CNP0000460|CNP0000460_P01T"	"Right"	833527	0.886572563203169
"CNP0000460|CNP0000460_P04T"	"Right"	2723344	0.85334512758161
"CNP0000460|CNP0000460_P05T"	"Right"	4669911	0.866308711341676
"CNP0000460|CNP0000460_P06T"	"Right"	697423	0.767812369228601
"CNP0000460|CNP0000460_P07T"	"Right"	1921612	0.804045782914293
"HRA003620|HRA003620_BC-04"	"Right"	17956522	1.01168054757792
"HRA003620|HRA003620_BC-05"	"Right"	1022061	1.0398700823274
"HRA003620|HRA003620_BC-24"	"Right"	545378	0.964828931208677
"HRA003620|HRA003620_BC-27"	"Right"	1210468	1.06622259697979
"HRA003620|HRA003620_NC-24"	"Right"	24676239	0.833190291461312
"InhouseData|T4465219"	"Right"	621926	1.29329393801894
"PRJNA662018|PRJNA662018_PRJNA662018_P3T3"	"Right"	2255132	0.941649047372835
"PRJNA662018|PRJNA662018_PRJNA662018_P7T7"	"Right"	45783884	0.718373753666385
