cluster	source	n	fraction_within_unit	fraction_within_cluster
"C1"	"Normal"	14545	0.648288464967017	0.635097371408611
"C3"	"Normal"	1239	0.0552237475485826	0.0761571086114697
"C4"	"Normal"	528	0.0235336067035122	0.0495960924290814
"C13"	"Normal"	505	0.0225084685327153	0.361488904795991
"C8"	"Normal"	2862	0.127562845426992	0.332674648378473
"C9"	"Normal"	448	0.0199679087181316	0.055979007872048
"C2"	"Normal"	1461	0.0651185594580139	0.0731267831222784
"C11"	"Normal"	103	0.00459083615617757	0.039814456899884
"C5"	"Normal"	150	0.0066856837225887	0.0151683688947315
"C10"	"Normal"	34	0.00151542164378677	0.00900662251655629
"C6"	"Normal"	276	0.0123016580495632	0.0306496390893948
"C12"	"Normal"	104	0.00463540738099483	0.0618311533888228
"C7"	"Normal"	181	0.00806739169192369	0.0201963847355501
"C5"	"MIBC"	9286	0.110755945707402	0.939023157043179
"C2"	"MIBC"	13248	0.158011497817323	0.663096251063617
"C7"	"MIBC"	8483	0.10117840700365	0.946552108904262
"C3"	"MIBC"	11741	0.140037212852747	0.721679267318213
"C13"	"MIBC"	835	0.0099592089883352	0.597709377236936
"C1"	"MIBC"	6883	0.0820948927745044	0.300541437429045
"C8"	"MIBC"	3881	0.0462894492020706	0.451121701731954
"C9"	"MIBC"	6731	0.0802819589227356	0.841059602649007
"C12"	"MIBC"	503	0.00599937978578755	0.299048751486326
"C6"	"MIBC"	8001	0.0954294983421197	0.888506385341477
"C11"	"MIBC"	629	0.00750220653133275	0.243138770776962
"C4"	"MIBC"	9942	0.118580186541352	0.933871876761225
"C10"	"MIBC"	3679	0.043880155530641	0.974569536423841
"C3"	"NMIBC"	3289	0.188795132311578	0.202163624070318
"C1"	"NMIBC"	1474	0.0846105275242523	0.0643611911623439
"C2"	"NMIBC"	5270	0.302508466792951	0.263776965814105
"C8"	"NMIBC"	1860	0.106767694162218	0.216203649889573
"C4"	"NMIBC"	176	0.0101027495551346	0.0165320308096938
"C5"	"NMIBC"	453	0.0260030997072499	0.0458084740620892
"C7"	"NMIBC"	298	0.0171057918603984	0.0332515063601875
"C13"	"NMIBC"	57	0.003271913208197	0.0408017179670723
"C9"	"NMIBC"	824	0.0472992365535848	0.102961389478945
"C6"	"NMIBC"	728	0.0417886458871477	0.0808439755691283
"C12"	"NMIBC"	1075	0.0617071350668733	0.639120095124851
"C11"	"NMIBC"	1855	0.106480684231674	0.717046772323154
"C10"	"NMIBC"	62	0.0035589231387406	0.0164238410596027
