dataset	cluster	EpiMP01	EpiMP02	EpiMP03	EpiMP04	EpiMP05	EpiMP06	EpiMP07	EpiMP08	EpiMP09	EpiMP10	EpiMP11	EpiMP12	EpiMP13	EpiMP14
"CNP0000460"	"C5"	0.644579242317583	0.165466219385161	0.230292831489711	0.271180993114371	0.588253136224023	0.199348418643066	0.262993422701492	0.277906194034982	0.199874399056604	0.163628110528072	0.103926790253533	0.427626246045109	0.111035754718757	0.381253135359084
"CNP0000460"	"C12"	0.43117912643244	0.133949087144173	0.44432671727897	0.534077000274256	0.401173483951562	0.154581951094486	0.395149401129278	0.355565470467056	0.209423627389699	0.274650296607785	0.254916007505988	0.311351002968665	0.114769898615929	0.283043847557338
"CNP0000460"	"C1"	0.482149641287259	0.114643468714258	0.219295084775143	0.249962757299761	0.428977193828493	0.144714523044337	0.260723843035276	0.243223514152619	0.17244968943429	0.167362383199757	0.110624233544078	0.323768667576154	0.103162160929306	0.287059316707893
"CNP0000460"	"C3"	0.648700101454826	0.178523743037851	0.341596492600937	0.434387159306044	0.597037052291108	0.241300049560477	0.253886378831499	0.289652980561584	0.209709075882444	0.150263645262307	0.172465681772316	0.424333988190604	0.104111556377445	0.369808004634797
"CNP0000460"	"C18"	0.407672414816467	0.125824139751731	0.297633199190913	0.38164327819507	0.357058399694864	0.165377629751437	0.241424727728049	0.200108449424075	0.19427982449485	0.18787071230709	0.452673485788078	0.285170217389173	0.0884859248523737	0.268385924491083
"CNP0000460"	"C16"	0.650105411253921	0.183282866671719	0.443555170785215	0.48932831805096	0.551451423637504	0.20038510203941	0.388206248129411	0.298533596344784	0.245017303183464	0.283230922675705	0.22824040287598	0.404043318812591	0.104072344988966	0.382359693418666
"CNP0000460"	"C7"	0.58584280031145	0.251147072828089	0.2242726820525	0.204772633019166	0.418957291374977	0.172914966745947	0.174938731962527	0.0956119064751177	0.143092431970679	0.150964928759882	0.123903904116791	0.304985225015744	0.0597940718107951	0.345163741798732
"CNP0000460"	"C2"	0.338620747164407	0.0705524591701836	0.171168535254105	0.201015728247883	0.270727042522091	0.137249025897196	0.20514717939881	0.149496083517908	0.15101875551256	0.141492554592227	0.123121005646237	0.230794999624087	0.0736334561316082	0.223665332230656
"CNP0000460"	"C11"	0.614429371548415	0.197629066540905	0.214854061978441	0.313595338637235	0.520356263706215	0.307317457764832	0.243842393513892	0.269458855005189	0.241776155568285	0.178241019775497	0.116179083495805	0.398542350810433	0.126533788435373	0.353176307469732
"CNP0000460"	"C17"	0.628488470668024	0.14435256677669	0.317181406451644	0.359803786675644	0.50261655578894	0.341215745613072	0.296015019113905	0.269433645352284	0.207098522606127	0.163628501064865	0.148039781806295	0.51246111960889	0.183958170188163	0.404569424826365
"CNP0000460"	"C10"	0.571621435896179	0.143445758619422	0.186147331952428	0.211494964598986	0.432043404543913	0.26543911556705	0.143015798698354	0.121130838716004	0.16883901833172	0.105243190462767	0.110441031675022	0.345685897200194	0.0816814358144684	0.330680328639073
"CNP0000460"	"C4"	0.576646892809278	0.125423156810189	0.373563002471327	0.412740221821667	0.446345718584755	0.27700707144494	0.326876077521556	0.327365401107322	0.303303955537949	0.199672945813152	0.169592477151852	0.407579312628231	0.109743449577003	0.375780248034272
"CNP0000460"	"C9"	0.671975214563947	0.169379650866702	0.355875266992751	0.39505462480871	0.464975881498388	0.350537063661583	0.247597722162369	0.190152468971282	0.217172348122261	0.172832444295959	0.180969544995552	0.439304936691279	0.0884489957819212	0.425344860162742
"CNP0000460"	"C14"	0.247141195954915	0.0522896889010321	0.163916890368521	0.184293771636424	0.23398352917062	0.0973342942428255	0.318624215800565	0.246196146441069	0.15093443137356	0.246420034736923	0.10495247825722	0.188062943639562	0.0837163219810644	0.176520734752257
"CNP0000460"	"C15"	0.705484344975698	0.237471459251724	0.162793037187747	0.178110093817113	0.614674126822652	0.224920311970159	0.133305301232056	0.11122007460156	0.218985644851362	0.12175517124449	0.0879240420481519	0.347748841415169	0.052118006103764	0.385200406917599
"CNP0000460"	"C8"	0.711024792908008	0.253837155452212	0.505536772755898	0.521600019377028	0.548364346267499	0.279201840817711	0.329299714188829	0.240222370779441	0.267696323208836	0.23112776243763	0.234381533691808	0.431967175313666	0.0917684057549775	0.426569161459091
"CNP0000460"	"C13"	0.562215308573693	0.123435578513258	0.266622441264166	0.305100187546434	0.439088825019946	0.218810435439143	0.227856253175614	0.155729955083233	0.360583138818381	0.141110683123345	0.157965587588794	0.344249413711631	0.0772966975805522	0.347850217450707
"CNP0000460"	"C6"	0.612359241863452	0.228546250802652	0.317873812255146	0.395941415409479	0.513823712329459	0.232083894288002	0.24229969048289	0.198814224800329	0.239895471237996	0.188730431520241	0.219918962793013	0.335203018693679	0.083382062437321	0.340097717942613
"GSE326225"	"C7"	0.626517477104105	0.255256834112615	0.206878818983184	0.22149226166842	0.430357073074179	0.201642166370189	0.108964822437883	0.0747511696847406	0.173279819906934	0.101266457310511	0.129322453049501	0.312339513525706	0.0655743406696108	0.356879657831308
"GSE326225"	"C2"	0.322848401681345	0.0672721596239964	0.123376082269854	0.171078506430627	0.237775882844734	0.139133086956183	0.177236047434997	0.115869506699807	0.184071090645117	0.116314798037695	0.0971768330183029	0.213385792681238	0.0527743836604782	0.202653026375693
"GSE326225"	"C10"	0.619566637780541	0.149426130640644	0.144277497707949	0.1682407244138	0.454665099280359	0.309792024917424	0.107759828190347	0.0920249174233576	0.206050633610891	0.0883354407646031	0.0862823455534204	0.365882511334664	0.0535251573037941	0.348416352059078
"GSE326225"	"C13"	0.591203229429212	0.136182543129233	0.211532055337092	0.260531498105877	0.443054783826678	0.245969783922524	0.173828674206144	0.122967801554298	0.388841282967035	0.116420414096165	0.140839978133798	0.352056738432495	0.046064110013174	0.333539614644538
"GSE326225"	"C15"	0.757897110844916	0.251521466508555	0.183795690445663	0.207505462688184	0.621382476458773	0.271784277490514	0.121684614782666	0.0887953593736519	0.307622481595406	0.116699914322576	0.115230997971431	0.361549055842819	0.0406714942985387	0.3949997291229
"GSE326225"	"C6"	0.661363405819154	0.230407758098501	0.297954340599305	0.366543490042981	0.497967208933638	0.226981303237661	0.166047769343802	0.122090988398211	0.245430031330336	0.133862558074155	0.202431013845053	0.347068657200905	0.0523188796433965	0.339876881341785
"GSE326225"	"C1"	0.447614961593466	0.111784245212084	0.180666843587362	0.2104891857225	0.372217848349477	0.166738466982175	0.210104972945877	0.184094534624854	0.173432261488788	0.137138602621375	0.100530614651982	0.256575405074675	0.0809673139015436	0.254906895484099
"GSE326225"	"C18"	0.357424550695151	0.116920990166158	0.314903357070193	0.42784503221431	0.272733129874534	0.143789420142421	0.170364530349271	0.160269582909461	0.266503899626992	0.174681247880638	0.366220752797559	0.274203119701594	0.0571447948457104	0.277048151915904
"GSE326225"	"C9"	0.751694983298449	0.210076771267356	0.251441001928484	0.323927569013805	0.545318745623232	0.384469995890115	0.138536794298303	0.134471204170342	0.262498195158478	0.120889839922358	0.167856853005998	0.438851380232796	0.0489700991785859	0.428829592211919
"GSE326225"	"C8"	0.738365252775443	0.261289457000899	0.336247217184897	0.409250888289324	0.512725021009333	0.198645672077491	0.198387662730181	0.120863667860881	0.377046898727645	0.218919309419553	0.209748625178764	0.397858080115588	0.06095478201896	0.462221829065122
"GSE326225"	"C14"	0.210716188815302	0.0417584653393402	0.110359513082954	0.167015176365562	0.176852201714867	0.105034567234829	0.2660702694099	0.191738050255708	0.155966809918271	0.189895986878984	0.0898498972325451	0.165425429581802	0.0647177528183196	0.144822388772396
"GSE326225"	"C4"	0.510091104329151	0.108827851249011	0.227039975886365	0.288381447571681	0.412337440186881	0.259477789081044	0.213884782035342	0.253443201085114	0.309291435891639	0.145957122941864	0.130969895633171	0.31632010851136	0.0735007723898874	0.291975886364493
"GSE326225"	"C5"	0.730406917599186	0.18187012546626	0.185430654459139	0.155759579518481	0.499959308240081	0.255132248219736	0.183394370973211	0.100630722278739	0.187292302475415	0.160996948118006	0.0855239064089522	0.421508986096982	0.0604052221091896	0.465379789759241
"GSE326225"	"C11"	0.572771787046456	0.175387182095626	0.210642658528315	0.228627060020346	0.507558901322482	0.312832553407935	0.155663207867074	0.244870939301458	0.268517463546965	0.116086673448627	0.0968637504238725	0.323802780603594	0.106536046117328	0.291581281790437
"GSE326225"	"C16"	0.78010512037979	0.253048491013903	0.274218379111563	0.339338758901322	0.715361139369278	0.298060359443879	0.169108172261784	0.227721261444558	0.290881654798237	0.104937266870125	0.198402848423194	0.398426585283147	0.0546592065106816	0.468667344862665
"GSE326225"	"C3"	0.757410986775178	0.222027806035944	0.339859274330281	0.437073584265853	0.676603933536792	0.408062054933876	0.188399457443201	0.242417768735164	0.271149542217701	0.154087826381824	0.175139030179722	0.461668362156663	0.0764123431671753	0.380228891149542
"GSE326225"	"C17"	0.5446143971322	0.219269486024318	0.161693067868042	0.135615462868769	0.481058227970741	0.306086324662113	0.13599234607373	0.186511650438405	0.176328779731628	0.0843685510826915	0.0582400813835198	0.26980647192753	0.298188974470765	0.270978055515187
"GSE326225"	"C12"	0.444876229230248	0.241105459477789	0.346049508307901	0.382516107154968	0.41969481180061	0.208355374703289	0.152770430654459	0.381010512037979	0.230179721939641	0.11442522889115	0.2472499152255	0.257124448965751	0.160501865038996	0.242909460834181
"HRA003620"	"C10"	0.587330811535567	0.120330531459552	0.226347666766336	0.248730849176003	0.458974200711494	0.286671892339448	0.151972108215136	0.105953895478749	0.150299110605527	0.103727046155748	0.156947739374512	0.319988510201616	0.100682372082379	0.26297001126429
"HRA003620"	"C8"	0.718044719413706	0.231917453858451	0.43037493858174	0.479140497297596	0.558114033812915	0.19953828693227	0.259560321381859	0.182736977598771	0.321912685725358	0.283538349215576	0.220976560715843	0.388813198524577	0.059107120365949	0.428591663725511
"HRA003620"	"C17"	0.456236091067528	0.135788323988423	0.385855512708289	0.348220366383559	0.34637015306726	0.297192584005615	0.272667754934665	0.222148225255704	0.193177663693645	0.173633159052734	0.180410702879179	0.331042529197915	0.333055982713888	0.294268218631464
"HRA003620"	"C7"	0.574280073790545	0.296674401862277	0.28191300637704	0.237324757738869	0.368557799165831	0.183535686097511	0.199515276746869	0.111831692204801	0.14401916814618	0.161703581333272	0.156799683586893	0.275732875404111	0.04259739899493	0.353275027283578
"HRA003620"	"C9"	0.69687064309249	0.163372725745778	0.339995753352158	0.382226299849255	0.50858915161061	0.410541870151876	0.179744863087862	0.168683211691169	0.220037353598928	0.152306764318439	0.189020344823579	0.425171402946666	0.0828209784403393	0.391708641928358
"HRA003620"	"C2"	0.246889474773049	0.0534712205784795	0.175849624673441	0.194121586531329	0.208797583490959	0.136881479164549	0.203374477333552	0.132852633140367	0.142336656559507	0.125125520528585	0.141879972793224	0.171054811853235	0.0944220122292355	0.16411785678224
"HRA003620"	"C6"	0.651529268296565	0.203565368701414	0.330165584896288	0.392675769776339	0.543059937561391	0.194616853754303	0.191466776621448	0.150596265888917	0.251734467693088	0.176467416078552	0.19500033697532	0.33054521545459	0.0697895416658044	0.333161544907135
"HRA003620"	"C4"	0.475998326693985	0.0977162161733901	0.356209137898796	0.407080188753989	0.395931952222043	0.282817961418888	0.28356757716064	0.336090269788904	0.305748921700054	0.203259777589742	0.18825325233011	0.37252246445017	0.104986147688271	0.321040200543191
"HRA003620"	"C11"	0.627468587611009	0.144418905171703	0.234002043752807	0.287332031930201	0.513684253938577	0.312781978316058	0.214302237130314	0.231732057591671	0.254969297883845	0.16015612255185	0.13820630905575	0.37210593604795	0.118741442357923	0.344452219258933
"HRA003620"	"C12"	0.49654065819438	0.147549801791195	0.56008074663527	0.526950631118181	0.399850697904995	0.178747291088952	0.417723068819681	0.243223522384772	0.216463104588495	0.287081984256901	0.299556646578983	0.307961827376742	0.093750126946586	0.291867917886645
"HRA003620"	"C14"	0.200952581721973	0.0621239525675392	0.279999084564337	0.232476666060674	0.148445951260142	0.0975167067008602	0.398467032067325	0.221080755608333	0.155449833480963	0.297448448723354	0.168749875900447	0.163710428359423	0.0738844256028016	0.170592351341629
"HRA003620"	"C15"	0.739358496143847	0.222982555291813	0.201759483875455	0.244672364672365	0.622853466190191	0.215919288879614	0.135828630884582	0.10161671492292	0.310508154292488	0.150119205988992	0.120312375917666	0.359988464871476	0.0550158970301391	0.391371897760504
"HRA003620"	"C1"	0.482068168878635	0.114886159397988	0.260618270412251	0.31144665628228	0.455917299244979	0.130690929794184	0.268277593610235	0.201996433597485	0.191665135635284	0.180356530612405	0.161309991174054	0.277024943672925	0.0908381045909797	0.273966021284077
"HRA003620"	"C13"	0.532153736460255	0.111809829200335	0.218598068301815	0.285825780989109	0.449396031650866	0.227055546315242	0.178141549561816	0.150238761093211	0.395052096025333	0.143438221630842	0.162920639464045	0.319861111648339	0.0790391793570549	0.285871707493808
"HRA003620"	"C3"	0.666942623909599	0.182401168293038	0.388429409130598	0.501895735045128	0.639942341524854	0.220716146617941	0.239773525071394	0.249708269383232	0.219517464728491	0.164607053947302	0.211172487455146	0.383065682219095	0.0928030407756483	0.362332261689133
"HRA003620"	"C5"	0.68532495816961	0.183180258576146	0.180454356149031	0.194113721804236	0.56799635872641	0.208302519964138	0.260730300443172	0.167754060456748	0.182739653920743	0.186945893499781	0.103932792359187	0.362212859170579	0.089943232591626	0.425960985265796
"HRA003620"	"C16"	0.696560629638403	0.188910086384828	0.425952894797556	0.546428294708678	0.654626653102748	0.212762942627406	0.345561724352036	0.290350292878477	0.267789691111142	0.265749507224026	0.242440112041695	0.405315080880293	0.099457635201779	0.407071041805054
"HRA003620"	"C18"	0.328613277570551	0.122336008439772	0.36992897780792	0.366232809615312	0.252218454466674	0.137723522097886	0.262835236049885	0.167579405448175	0.153737048340304	0.175645416525376	0.399879996985796	0.224852680758072	0.0694195772578275	0.228074300139407
"InhouseData"	"C2"	0.351326785957967	0.080951847627706	0.16422198276944	0.195185326869021	0.246668070523255	0.200737006453815	0.183206567273986	0.127850493837134	0.157930226136834	0.15259590152375	0.107091790588046	0.263333708486167	0.0720013399619461	0.241340290547198
"InhouseData"	"C4"	0.479662090458428	0.121162311679504	0.373909890358314	0.452132926415734	0.355864632078671	0.313954121655444	0.316352558575142	0.308527856093269	0.272445762082385	0.212535968609214	0.189830534967463	0.419335316249254	0.111019173569733	0.36269897463224
"InhouseData"	"C14"	0.148873698401277	0.0420005334590477	0.20552452671017	0.190101295188944	0.12349866428471	0.106362078091788	0.397511661662904	0.26728612013994	0.155646746726877	0.274099860225459	0.101569961706738	0.180369678849383	0.0928376506298124	0.161939826646486
"InhouseData"	"C10"	0.60082344321706	0.164442683361616	0.179054478598705	0.175982468560823	0.397085311102447	0.37011712459419	0.112991296000604	0.0780018080385832	0.167979918427689	0.0961954017730395	0.0909151942770133	0.378974901665212	0.0715814993359633	0.344472184161437
"InhouseData"	"C7"	0.561576818639519	0.32178733766654	0.18747201794372	0.158071852536375	0.378296271992835	0.222879867415271	0.0960697441751505	0.0712167729260015	0.163237350479785	0.0972786091287252	0.0803883189799103	0.324928142286556	0.0600603387356046	0.384937868704361
"InhouseData"	"C12"	0.370308229437052	0.150562963503627	0.543637502718106	0.548584151806419	0.313591002194253	0.271274035281398	0.399798867747218	0.255854990747035	0.244629828154866	0.249867097914167	0.270481412715719	0.353092680197133	0.123016862142217	0.282255609943022
"InhouseData"	"C11"	0.573235842658528	0.20442956181003	0.240764571794582	0.262987359180136	0.417748012508949	0.333649824799367	0.195735089107419	0.192787102972759	0.227029218944275	0.16725066877661	0.115935722090351	0.400989883576354	0.117699502656268	0.357396575110207
"InhouseData"	"C9"	0.687976020013178	0.197139949369897	0.36270797776029	0.44573585246891	0.46262084620946	0.402653437152771	0.177400322036464	0.147062574457604	0.212094896255207	0.14991946699766	0.192177242045593	0.448577809341617	0.0719774890113053	0.421117453736584
"InhouseData"	"C1"	0.373118139958237	0.0917563937820135	0.2307051007478	0.259730060145277	0.291509253805929	0.181037416787136	0.270278863486284	0.204063732576609	0.181163016901358	0.170121807570809	0.121397708411415	0.300585747175671	0.10242557691278	0.274531330870411
"InhouseData"	"C17"	0.559653037813034	0.140976890832089	0.334638066997107	0.389965513011984	0.409221661868791	0.394878610131094	0.262740344725583	0.255126801007193	0.202476497622707	0.183674018599886	0.1464393267101	0.500094442400237	0.196661111231359	0.412644098612584
"InhouseData"	"C13"	0.549921632496022	0.141715852179357	0.237367393118919	0.290373513185695	0.388500110858961	0.270656154628688	0.169166438427629	0.118015950648199	0.412789749458748	0.135841859691682	0.156693810809401	0.371761222839554	0.0736205884654512	0.345881834128909
"InhouseData"	"C8"	0.654165145370848	0.294009113839379	0.51030393400131	0.563459171207328	0.502419766161736	0.334303200063175	0.255198372329603	0.18816938177325	0.265108441682112	0.203659610641174	0.236538041685828	0.453102560886672	0.0938167105635995	0.417732595679055
"InhouseData"	"C5"	0.610506612410987	0.19776025771448	0.296685656154629	0.343510681586979	0.488998982706002	0.236426246185148	0.31059477789081	0.235947100712106	0.23513021363174	0.202750423872499	0.145471007121058	0.465903696168193	0.115842658528315	0.416637843336724
"InhouseData"	"C16"	0.642386402170227	0.215199220074602	0.457722109189556	0.582134621905731	0.574893184130214	0.290192438114615	0.335562054933876	0.294745676500509	0.338682604272635	0.311864191251272	0.24891997287216	0.464331129196338	0.106577653441845	0.421962529671075
"InhouseData"	"C18"	0.296522941283877	0.125296710749407	0.320975037170358	0.385025432349949	0.234867621357957	0.146021337089496	0.231960768969925	0.180062081018337	0.189186947335472	0.206303049273548	0.334265591986854	0.256625192372903	0.0766163236559981	0.246551373346897
"InhouseData"	"C6"	0.621943339807022	0.241843871060555	0.351492082575501	0.414637267897695	0.471217926980898	0.283484283321516	0.187123883802419	0.138541416196554	0.237016811040209	0.168736705817072	0.196053772722135	0.369286044575973	0.075815530688369	0.349338399251929
"InhouseData"	"C3"	0.6579129065074	0.212398079173914	0.399207823319004	0.530923112263315	0.577777704853477	0.343280062131504	0.223403231275774	0.254314967348144	0.235689736269266	0.150487972959669	0.20213806757895	0.469458208906245	0.092229186492961	0.406780428576117
"InhouseData"	"C15"	0.748033231603934	0.286310613767379	0.205693455408613	0.193328246863344	0.591361478467277	0.292366904035266	0.105393353679213	0.0830620549338759	0.24547982366904	0.116127500847745	0.109172600881655	0.409582909460834	0.0503865717192268	0.426737877246524
"PRJNA662018"	"C11"	0.65756684834235	0.212999535143802	0.276364420310847	0.357408348098693	0.511912894482134	0.315070817585487	0.219097280703527	0.256946231633127	0.210675568550569	0.161976739224656	0.141174177350499	0.389934134143575	0.120745746116654	0.374494081504787
"PRJNA662018"	"C2"	0.370314969257247	0.0841509833841981	0.170263000889332	0.191821428114423	0.2695715448793	0.136960586255654	0.156314820501993	0.102589948943358	0.144593914150624	0.117233808070532	0.105491764077366	0.219695907471033	0.0583350528161129	0.228243376392381
"PRJNA662018"	"C7"	0.663597497889656	0.323071232224411	0.229871436164201	0.22487342986804	0.478762176864859	0.198579872008542	0.133978244819136	0.0713403557883547	0.1753502882333	0.124129131404082	0.126744317703561	0.316819222287156	0.0535801678174354	0.398371237755797
"PRJNA662018"	"C5"	0.713225866813324	0.210583049089422	0.26680743507983	0.35220589422612	0.583865109285491	0.238757704506014	0.226593356908718	0.233522088387746	0.196299367491995	0.161950905828591	0.130819942761778	0.412332224853319	0.0917131667858733	0.43553566560568
"PRJNA662018"	"C6"	0.691182130539202	0.250388121881509	0.324040885530206	0.42565824245987	0.514617007357599	0.237491632309538	0.20289376456823	0.155000782500274	0.223437331242011	0.180627611480103	0.225213079668827	0.336886566263982	0.0709262699700135	0.330037301652764
"PRJNA662018"	"C1"	0.486021657319484	0.115935553790031	0.265840381587858	0.319968806892973	0.41325752001118	0.166519867527018	0.248653800487246	0.213723286260277	0.169620239557589	0.160436136706332	0.134821240629608	0.302922927031387	0.0906148032400961	0.286020953715566
"PRJNA662018"	"C4"	0.622407057544392	0.141922201230441	0.413909019468531	0.462381181137539	0.444045102725163	0.297179162158816	0.306476381555222	0.280252654922034	0.283267962774575	0.202739750359283	0.191306846011831	0.402334595531442	0.105789089118184	0.393589823292265
"PRJNA662018"	"C10"	0.596936255567258	0.146159265822876	0.223699619083908	0.259881806972957	0.442273897721813	0.265761981961904	0.131914082392426	0.104715283494315	0.16762551119323	0.10960847960679	0.133690260937708	0.32358540416767	0.0821222502207732	0.320853688199989
"PRJNA662018"	"C12"	0.523440664407263	0.165514932489523	0.565592531600749	0.567226290773724	0.394118429507896	0.186124821786203	0.405792243461123	0.233561428258291	0.193396675340831	0.261392868450584	0.293473112900899	0.321980032560902	0.101975273948094	0.339421997156073
"PRJNA662018"	"C17"	0.649369596578744	0.196354998728729	0.477920644413743	0.490260079570192	0.635681344369683	0.325677260221254	0.333457138761508	0.371991758504553	0.211630013306061	0.17165954782682	0.174642318154886	0.457729751371573	0.159880725120729	0.400791565082832
"PRJNA662018"	"C8"	0.755501074569788	0.288564844612993	0.514311343100217	0.538153185464327	0.534108062773255	0.274493624413334	0.276832109530047	0.185663082151459	0.247637779289098	0.215034058527125	0.235943498096482	0.422972433826208	0.0752415424541456	0.44397966247408
"PRJNA662018"	"C3"	0.687748696801539	0.180568059981439	0.353543462833941	0.522498311938786	0.629833441862658	0.273386557967342	0.247029551281508	0.272622942719666	0.20356265673435	0.149581467931536	0.18303393474682	0.438896104367275	0.0938354264186711	0.380658025645261
"PRJNA662018"	"C9"	0.711792097021922	0.187269941954401	0.367442131929068	0.422724584604951	0.477472291704068	0.344441609319211	0.199116645722378	0.161473217242136	0.21990302595097	0.166147455767658	0.18157652643967	0.415910916960885	0.0780583727285421	0.437137901182854
"PRJNA662018"	"C15"	0.778582018273558	0.241015163092236	0.193590003212246	0.22110482199341	0.663557393205233	0.24156871401428	0.123190363063242	0.0708240836037927	0.339921388842137	0.135513390895591	0.115911520742818	0.339884645116319	0.053512428711224	0.408876407964186
"PRJNA662018"	"C14"	0.21883013903018	0.059842984062394	0.239161858257036	0.23737988470668	0.169387914547304	0.103790844354018	0.370077775517124	0.213556975245846	0.159108524923703	0.281853102746694	0.133649372668701	0.168944428619871	0.0762311834520177	0.174353502882333
"PRJNA662018"	"C16"	0.722530768156703	0.20259230447011	0.491556360082181	0.563432469630782	0.549911086509884	0.263097460754393	0.369969580914767	0.274264805617059	0.249892186783157	0.315190642889913	0.242714928290747	0.422632746893264	0.106228581971955	0.449724981549079
"PRJNA662018"	"C13"	0.632357717562193	0.133142593791424	0.291904192484355	0.3481504916921	0.456259542525971	0.215290801196091	0.185653102746694	0.131423061746663	0.397364551928234	0.140327864607417	0.172792191497888	0.344908033539876	0.0677535281605476	0.392400684361417
"PRJNA662018"	"C18"	0.397240119061075	0.109203119701594	0.301161787423232	0.39495798952564	0.317488790927245	0.145646735239818	0.235010738103312	0.158549225726235	0.186520100975849	0.199250593421499	0.368035869032817	0.253494593270789	0.0676579631513508	0.263499868128556
