model	target	predictor	target_excluded	deterministic_copy_excluded	status	section_id	dataset	cohort	patient_uid	specimen	predictor_label	target_label
wang_style_cellcell_intra	M01	M02	True	True	PASS	NPJ_sample1	NPJ__UNVERIFIED	NPJ__UNVERIFIED	NA	NPJ_sample1	Endothelial	B
wang_style_cellcell_intra	M01	M03	True	True	PASS	NPJ_sample1	NPJ__UNVERIFIED	NPJ__UNVERIFIED	NA	NPJ_sample1	Epithelial	B
wang_style_cellcell_intra	M01	M04	True	True	PASS	NPJ_sample1	NPJ__UNVERIFIED	NPJ__UNVERIFIED	NA	NPJ_sample1	Fibroblast	B
wang_style_cellcell_intra	M01	M05	True	True	PASS	NPJ_sample1	NPJ__UNVERIFIED	NPJ__UNVERIFIED	NA	NPJ_sample1	Mast	B
wang_style_cellcell_intra	M01	M06	True	True	PASS	NPJ_sample1	NPJ__UNVERIFIED	NPJ__UNVERIFIED	NA	NPJ_sample1	Mural	B
wang_style_cellcell_intra	M01	M07	True	True	PASS	NPJ_sample1	NPJ__UNVERIFIED	NPJ__UNVERIFIED	NA	NPJ_sample1	Myeloid	B
wang_style_cellcell_intra	M01	M08	True	True	PASS	NPJ_sample1	NPJ__UNVERIFIED	NPJ__UNVERIFIED	NA	NPJ_sample1	Plasma	B
wang_style_cellcell_intra	M01	M09	True	True	PASS	NPJ_sample1	NPJ__UNVERIFIED	NPJ__UNVERIFIED	NA	NPJ_sample1	T_NK	B
wang_style_cellcell_intra	M02	M01	True	True	PASS	NPJ_sample1	NPJ__UNVERIFIED	NPJ__UNVERIFIED	NA	NPJ_sample1	B	Endothelial
wang_style_cellcell_intra	M02	M03	True	True	PASS	NPJ_sample1	NPJ__UNVERIFIED	NPJ__UNVERIFIED	NA	NPJ_sample1	Epithelial	Endothelial
wang_style_cellcell_intra	M02	M04	True	True	PASS	NPJ_sample1	NPJ__UNVERIFIED	NPJ__UNVERIFIED	NA	NPJ_sample1	Fibroblast	Endothelial
wang_style_cellcell_intra	M02	M05	True	True	PASS	NPJ_sample1	NPJ__UNVERIFIED	NPJ__UNVERIFIED	NA	NPJ_sample1	Mast	Endothelial
wang_style_cellcell_intra	M02	M06	True	True	PASS	NPJ_sample1	NPJ__UNVERIFIED	NPJ__UNVERIFIED	NA	NPJ_sample1	Mural	Endothelial
wang_style_cellcell_intra	M02	M07	True	True	PASS	NPJ_sample1	NPJ__UNVERIFIED	NPJ__UNVERIFIED	NA	NPJ_sample1	Myeloid	Endothelial
wang_style_cellcell_intra	M02	M08	True	True	PASS	NPJ_sample1	NPJ__UNVERIFIED	NPJ__UNVERIFIED	NA	NPJ_sample1	Plasma	Endothelial
wang_style_cellcell_intra	M02	M09	True	True	PASS	NPJ_sample1	NPJ__UNVERIFIED	NPJ__UNVERIFIED	NA	NPJ_sample1	T_NK	Endothelial
wang_style_cellcell_intra	M03	M01	True	True	PASS	NPJ_sample1	NPJ__UNVERIFIED	NPJ__UNVERIFIED	NA	NPJ_sample1	B	Epithelial
wang_style_cellcell_intra	M03	M02	True	True	PASS	NPJ_sample1	NPJ__UNVERIFIED	NPJ__UNVERIFIED	NA	NPJ_sample1	Endothelial	Epithelial
wang_style_cellcell_intra	M03	M04	True	True	PASS	NPJ_sample1	NPJ__UNVERIFIED	NPJ__UNVERIFIED	NA	NPJ_sample1	Fibroblast	Epithelial
wang_style_cellcell_intra	M03	M05	True	True	PASS	NPJ_sample1	NPJ__UNVERIFIED	NPJ__UNVERIFIED	NA	NPJ_sample1	Mast	Epithelial
wang_style_cellcell_intra	M03	M06	True	True	PASS	NPJ_sample1	NPJ__UNVERIFIED	NPJ__UNVERIFIED	NA	NPJ_sample1	Mural	Epithelial
wang_style_cellcell_intra	M03	M07	True	True	PASS	NPJ_sample1	NPJ__UNVERIFIED	NPJ__UNVERIFIED	NA	NPJ_sample1	Myeloid	Epithelial
wang_style_cellcell_intra	M03	M08	True	True	PASS	NPJ_sample1	NPJ__UNVERIFIED	NPJ__UNVERIFIED	NA	NPJ_sample1	Plasma	Epithelial
wang_style_cellcell_intra	M03	M09	True	True	PASS	NPJ_sample1	NPJ__UNVERIFIED	NPJ__UNVERIFIED	NA	NPJ_sample1	T_NK	Epithelial
wang_style_cellcell_intra	M04	M01	True	True	PASS	NPJ_sample1	NPJ__UNVERIFIED	NPJ__UNVERIFIED	NA	NPJ_sample1	B	Fibroblast
wang_style_cellcell_intra	M04	M02	True	True	PASS	NPJ_sample1	NPJ__UNVERIFIED	NPJ__UNVERIFIED	NA	NPJ_sample1	Endothelial	Fibroblast
wang_style_cellcell_intra	M04	M03	True	True	PASS	NPJ_sample1	NPJ__UNVERIFIED	NPJ__UNVERIFIED	NA	NPJ_sample1	Epithelial	Fibroblast
wang_style_cellcell_intra	M04	M05	True	True	PASS	NPJ_sample1	NPJ__UNVERIFIED	NPJ__UNVERIFIED	NA	NPJ_sample1	Mast	Fibroblast
wang_style_cellcell_intra	M04	M06	True	True	PASS	NPJ_sample1	NPJ__UNVERIFIED	NPJ__UNVERIFIED	NA	NPJ_sample1	Mural	Fibroblast
wang_style_cellcell_intra	M04	M07	True	True	PASS	NPJ_sample1	NPJ__UNVERIFIED	NPJ__UNVERIFIED	NA	NPJ_sample1	Myeloid	Fibroblast
wang_style_cellcell_intra	M04	M08	True	True	PASS	NPJ_sample1	NPJ__UNVERIFIED	NPJ__UNVERIFIED	NA	NPJ_sample1	Plasma	Fibroblast
wang_style_cellcell_intra	M04	M09	True	True	PASS	NPJ_sample1	NPJ__UNVERIFIED	NPJ__UNVERIFIED	NA	NPJ_sample1	T_NK	Fibroblast
wang_style_cellcell_intra	M05	M01	True	True	PASS	NPJ_sample1	NPJ__UNVERIFIED	NPJ__UNVERIFIED	NA	NPJ_sample1	B	Mast
wang_style_cellcell_intra	M05	M02	True	True	PASS	NPJ_sample1	NPJ__UNVERIFIED	NPJ__UNVERIFIED	NA	NPJ_sample1	Endothelial	Mast
wang_style_cellcell_intra	M05	M03	True	True	PASS	NPJ_sample1	NPJ__UNVERIFIED	NPJ__UNVERIFIED	NA	NPJ_sample1	Epithelial	Mast
wang_style_cellcell_intra	M05	M04	True	True	PASS	NPJ_sample1	NPJ__UNVERIFIED	NPJ__UNVERIFIED	NA	NPJ_sample1	Fibroblast	Mast
wang_style_cellcell_intra	M05	M06	True	True	PASS	NPJ_sample1	NPJ__UNVERIFIED	NPJ__UNVERIFIED	NA	NPJ_sample1	Mural	Mast
wang_style_cellcell_intra	M05	M07	True	True	PASS	NPJ_sample1	NPJ__UNVERIFIED	NPJ__UNVERIFIED	NA	NPJ_sample1	Myeloid	Mast
wang_style_cellcell_intra	M05	M08	True	True	PASS	NPJ_sample1	NPJ__UNVERIFIED	NPJ__UNVERIFIED	NA	NPJ_sample1	Plasma	Mast
wang_style_cellcell_intra	M05	M09	True	True	PASS	NPJ_sample1	NPJ__UNVERIFIED	NPJ__UNVERIFIED	NA	NPJ_sample1	T_NK	Mast
wang_style_cellcell_intra	M06	M01	True	True	PASS	NPJ_sample1	NPJ__UNVERIFIED	NPJ__UNVERIFIED	NA	NPJ_sample1	B	Mural
wang_style_cellcell_intra	M06	M02	True	True	PASS	NPJ_sample1	NPJ__UNVERIFIED	NPJ__UNVERIFIED	NA	NPJ_sample1	Endothelial	Mural
wang_style_cellcell_intra	M06	M03	True	True	PASS	NPJ_sample1	NPJ__UNVERIFIED	NPJ__UNVERIFIED	NA	NPJ_sample1	Epithelial	Mural
wang_style_cellcell_intra	M06	M04	True	True	PASS	NPJ_sample1	NPJ__UNVERIFIED	NPJ__UNVERIFIED	NA	NPJ_sample1	Fibroblast	Mural
wang_style_cellcell_intra	M06	M05	True	True	PASS	NPJ_sample1	NPJ__UNVERIFIED	NPJ__UNVERIFIED	NA	NPJ_sample1	Mast	Mural
wang_style_cellcell_intra	M06	M07	True	True	PASS	NPJ_sample1	NPJ__UNVERIFIED	NPJ__UNVERIFIED	NA	NPJ_sample1	Myeloid	Mural
wang_style_cellcell_intra	M06	M08	True	True	PASS	NPJ_sample1	NPJ__UNVERIFIED	NPJ__UNVERIFIED	NA	NPJ_sample1	Plasma	Mural
wang_style_cellcell_intra	M06	M09	True	True	PASS	NPJ_sample1	NPJ__UNVERIFIED	NPJ__UNVERIFIED	NA	NPJ_sample1	T_NK	Mural
wang_style_cellcell_intra	M07	M01	True	True	PASS	NPJ_sample1	NPJ__UNVERIFIED	NPJ__UNVERIFIED	NA	NPJ_sample1	B	Myeloid
wang_style_cellcell_intra	M07	M02	True	True	PASS	NPJ_sample1	NPJ__UNVERIFIED	NPJ__UNVERIFIED	NA	NPJ_sample1	Endothelial	Myeloid
wang_style_cellcell_intra	M07	M03	True	True	PASS	NPJ_sample1	NPJ__UNVERIFIED	NPJ__UNVERIFIED	NA	NPJ_sample1	Epithelial	Myeloid
wang_style_cellcell_intra	M07	M04	True	True	PASS	NPJ_sample1	NPJ__UNVERIFIED	NPJ__UNVERIFIED	NA	NPJ_sample1	Fibroblast	Myeloid
wang_style_cellcell_intra	M07	M05	True	True	PASS	NPJ_sample1	NPJ__UNVERIFIED	NPJ__UNVERIFIED	NA	NPJ_sample1	Mast	Myeloid
wang_style_cellcell_intra	M07	M06	True	True	PASS	NPJ_sample1	NPJ__UNVERIFIED	NPJ__UNVERIFIED	NA	NPJ_sample1	Mural	Myeloid
wang_style_cellcell_intra	M07	M08	True	True	PASS	NPJ_sample1	NPJ__UNVERIFIED	NPJ__UNVERIFIED	NA	NPJ_sample1	Plasma	Myeloid
wang_style_cellcell_intra	M07	M09	True	True	PASS	NPJ_sample1	NPJ__UNVERIFIED	NPJ__UNVERIFIED	NA	NPJ_sample1	T_NK	Myeloid
wang_style_cellcell_intra	M08	M01	True	True	PASS	NPJ_sample1	NPJ__UNVERIFIED	NPJ__UNVERIFIED	NA	NPJ_sample1	B	Plasma
wang_style_cellcell_intra	M08	M02	True	True	PASS	NPJ_sample1	NPJ__UNVERIFIED	NPJ__UNVERIFIED	NA	NPJ_sample1	Endothelial	Plasma
wang_style_cellcell_intra	M08	M03	True	True	PASS	NPJ_sample1	NPJ__UNVERIFIED	NPJ__UNVERIFIED	NA	NPJ_sample1	Epithelial	Plasma
wang_style_cellcell_intra	M08	M04	True	True	PASS	NPJ_sample1	NPJ__UNVERIFIED	NPJ__UNVERIFIED	NA	NPJ_sample1	Fibroblast	Plasma
wang_style_cellcell_intra	M08	M05	True	True	PASS	NPJ_sample1	NPJ__UNVERIFIED	NPJ__UNVERIFIED	NA	NPJ_sample1	Mast	Plasma
wang_style_cellcell_intra	M08	M06	True	True	PASS	NPJ_sample1	NPJ__UNVERIFIED	NPJ__UNVERIFIED	NA	NPJ_sample1	Mural	Plasma
wang_style_cellcell_intra	M08	M07	True	True	PASS	NPJ_sample1	NPJ__UNVERIFIED	NPJ__UNVERIFIED	NA	NPJ_sample1	Myeloid	Plasma
wang_style_cellcell_intra	M08	M09	True	True	PASS	NPJ_sample1	NPJ__UNVERIFIED	NPJ__UNVERIFIED	NA	NPJ_sample1	T_NK	Plasma
wang_style_cellcell_intra	M09	M01	True	True	PASS	NPJ_sample1	NPJ__UNVERIFIED	NPJ__UNVERIFIED	NA	NPJ_sample1	B	T_NK
wang_style_cellcell_intra	M09	M02	True	True	PASS	NPJ_sample1	NPJ__UNVERIFIED	NPJ__UNVERIFIED	NA	NPJ_sample1	Endothelial	T_NK
wang_style_cellcell_intra	M09	M03	True	True	PASS	NPJ_sample1	NPJ__UNVERIFIED	NPJ__UNVERIFIED	NA	NPJ_sample1	Epithelial	T_NK
wang_style_cellcell_intra	M09	M04	True	True	PASS	NPJ_sample1	NPJ__UNVERIFIED	NPJ__UNVERIFIED	NA	NPJ_sample1	Fibroblast	T_NK
wang_style_cellcell_intra	M09	M05	True	True	PASS	NPJ_sample1	NPJ__UNVERIFIED	NPJ__UNVERIFIED	NA	NPJ_sample1	Mast	T_NK
wang_style_cellcell_intra	M09	M06	True	True	PASS	NPJ_sample1	NPJ__UNVERIFIED	NPJ__UNVERIFIED	NA	NPJ_sample1	Mural	T_NK
wang_style_cellcell_intra	M09	M07	True	True	PASS	NPJ_sample1	NPJ__UNVERIFIED	NPJ__UNVERIFIED	NA	NPJ_sample1	Myeloid	T_NK
wang_style_cellcell_intra	M09	M08	True	True	PASS	NPJ_sample1	NPJ__UNVERIFIED	NPJ__UNVERIFIED	NA	NPJ_sample1	Plasma	T_NK
mp10_technical_baseline	MP10	epi_fraction_gate	True	True	PASS	NPJ_sample1	NPJ__UNVERIFIED	NPJ__UNVERIFIED	NA	NPJ_sample1	historical c2l mean fraction	EpiMP10 raw Top20 AUCell
mp10_technical_baseline	MP10	log1p_nCount	True	True	PASS	NPJ_sample1	NPJ__UNVERIFIED	NPJ__UNVERIFIED	NA	NPJ_sample1	raw X row sum over all frozen features	EpiMP10 raw Top20 AUCell
mp10_target_extension	MP10	epi_fraction_gate	True	True	PASS	NPJ_sample1	NPJ__UNVERIFIED	NPJ__UNVERIFIED	NA	NPJ_sample1	historical c2l mean fraction	EpiMP10 raw Top20 AUCell
mp10_target_extension	MP10	log1p_nCount	True	True	PASS	NPJ_sample1	NPJ__UNVERIFIED	NPJ__UNVERIFIED	NA	NPJ_sample1	raw X row sum over all frozen features	EpiMP10 raw Top20 AUCell
mp10_target_extension	MP10	F01	True	True	PASS	NPJ_sample1	NPJ__UNVERIFIED	NPJ__UNVERIFIED	NA	NPJ_sample1	Arterial EC	EpiMP10 raw Top20 AUCell
mp10_target_extension	MP10	F02	True	True	PASS	NPJ_sample1	NPJ__UNVERIFIED	NPJ__UNVERIFIED	NA	NPJ_sample1	C1QC TAM	EpiMP10 raw Top20 AUCell
mp10_target_extension	MP10	F03	True	True	PASS	NPJ_sample1	NPJ__UNVERIFIED	NPJ__UNVERIFIED	NA	NPJ_sample1	CD4 Helper/Conventional	EpiMP10 raw Top20 AUCell
mp10_target_extension	MP10	F04	True	True	PASS	NPJ_sample1	NPJ__UNVERIFIED	NPJ__UNVERIFIED	NA	NPJ_sample1	CD4 Naive/Memory-like	EpiMP10 raw Top20 AUCell
mp10_target_extension	MP10	F05	True	True	PASS	NPJ_sample1	NPJ__UNVERIFIED	NPJ__UNVERIFIED	NA	NPJ_sample1	CD8 Exhausted	EpiMP10 raw Top20 AUCell
mp10_target_extension	MP10	F06	True	True	PASS	NPJ_sample1	NPJ__UNVERIFIED	NPJ__UNVERIFIED	NA	NPJ_sample1	CD8 GZMK/Effector-memory-like	EpiMP10 raw Top20 AUCell
mp10_target_extension	MP10	F07	True	True	PASS	NPJ_sample1	NPJ__UNVERIFIED	NPJ__UNVERIFIED	NA	NPJ_sample1	Capillary EC	EpiMP10 raw Top20 AUCell
mp10_target_extension	MP10	F08	True	True	PASS	NPJ_sample1	NPJ__UNVERIFIED	NPJ__UNVERIFIED	NA	NPJ_sample1	Classical Mono	EpiMP10 raw Top20 AUCell
mp10_target_extension	MP10	F10	True	True	PASS	NPJ_sample1	NPJ__UNVERIFIED	NPJ__UNVERIFIED	NA	NPJ_sample1	GC B	EpiMP10 raw Top20 AUCell
mp10_target_extension	MP10	F11	True	True	PASS	NPJ_sample1	NPJ__UNVERIFIED	NPJ__UNVERIFIED	NA	NPJ_sample1	LAMP3 DC	EpiMP10 raw Top20 AUCell
mp10_target_extension	MP10	F12	True	True	PASS	NPJ_sample1	NPJ__UNVERIFIED	NPJ__UNVERIFIED	NA	NPJ_sample1	Lymphatic EC	EpiMP10 raw Top20 AUCell
mp10_target_extension	MP10	F13	True	True	PASS	NPJ_sample1	NPJ__UNVERIFIED	NPJ__UNVERIFIED	NA	NPJ_sample1	Mast	EpiMP10 raw Top20 AUCell
mp10_target_extension	MP10	F14	True	True	PASS	NPJ_sample1	NPJ__UNVERIFIED	NPJ__UNVERIFIED	NA	NPJ_sample1	Matrix_CAF	EpiMP10 raw Top20 AUCell
mp10_target_extension	MP10	F15	True	True	PASS	NPJ_sample1	NPJ__UNVERIFIED	NPJ__UNVERIFIED	NA	NPJ_sample1	NK	EpiMP10 raw Top20 AUCell
mp10_target_extension	MP10	F16	True	True	PASS	NPJ_sample1	NPJ__UNVERIFIED	NPJ__UNVERIFIED	NA	NPJ_sample1	Naive/Memory B	EpiMP10 raw Top20 AUCell
mp10_target_extension	MP10	F17	True	True	PASS	NPJ_sample1	NPJ__UNVERIFIED	NPJ__UNVERIFIED	NA	NPJ_sample1	Neutrophil	EpiMP10 raw Top20 AUCell
mp10_target_extension	MP10	F18	True	True	PASS	NPJ_sample1	NPJ__UNVERIFIED	NPJ__UNVERIFIED	NA	NPJ_sample1	Pericyte	EpiMP10 raw Top20 AUCell
mp10_target_extension	MP10	F19	True	True	PASS	NPJ_sample1	NPJ__UNVERIFIED	NPJ__UNVERIFIED	NA	NPJ_sample1	Plasma	EpiMP10 raw Top20 AUCell
mp10_target_extension	MP10	F20	True	True	PASS	NPJ_sample1	NPJ__UNVERIFIED	NPJ__UNVERIFIED	NA	NPJ_sample1	SMC	EpiMP10 raw Top20 AUCell
mp10_target_extension	MP10	F21	True	True	PASS	NPJ_sample1	NPJ__UNVERIFIED	NPJ__UNVERIFIED	NA	NPJ_sample1	SPP1 TAM	EpiMP10 raw Top20 AUCell
mp10_target_extension	MP10	F22	True	True	PASS	NPJ_sample1	NPJ__UNVERIFIED	NPJ__UNVERIFIED	NA	NPJ_sample1	Tfh/CXCL13-like	EpiMP10 raw Top20 AUCell
mp10_target_extension	MP10	F23	True	True	PASS	NPJ_sample1	NPJ__UNVERIFIED	NPJ__UNVERIFIED	NA	NPJ_sample1	Treg	EpiMP10 raw Top20 AUCell
mp10_target_extension	MP10	F24	True	True	PASS	NPJ_sample1	NPJ__UNVERIFIED	NPJ__UNVERIFIED	NA	NPJ_sample1	Venous EC	EpiMP10 raw Top20 AUCell
mp10_target_extension	MP10	F25	True	True	PASS	NPJ_sample1	NPJ__UNVERIFIED	NPJ__UNVERIFIED	NA	NPJ_sample1	cDC1	EpiMP10 raw Top20 AUCell
mp10_target_extension	MP10	F26	True	True	PASS	NPJ_sample1	NPJ__UNVERIFIED	NPJ__UNVERIFIED	NA	NPJ_sample1	cDC2	EpiMP10 raw Top20 AUCell
mp10_target_extension	MP10	F27	True	True	PASS	NPJ_sample1	NPJ__UNVERIFIED	NPJ__UNVERIFIED	NA	NPJ_sample1	iCAF	EpiMP10 raw Top20 AUCell
mp10_target_extension	MP10	F28	True	True	PASS	NPJ_sample1	NPJ__UNVERIFIED	NPJ__UNVERIFIED	NA	NPJ_sample1	pDC	EpiMP10 raw Top20 AUCell
mp10_target_extension	MP10	F29	True	True	PASS	NPJ_sample1	NPJ__UNVERIFIED	NPJ__UNVERIFIED	NA	NPJ_sample1	rCAF	EpiMP10 raw Top20 AUCell
mp10_target_extension	MP10	F30	True	True	PASS	NPJ_sample1	NPJ__UNVERIFIED	NPJ__UNVERIFIED	NA	NPJ_sample1	vCAF	EpiMP10 raw Top20 AUCell
wang_style_cellcell_intra	M01	M02	True	True	PASS	NPJ_sample2	NPJ__UNVERIFIED	NPJ__UNVERIFIED	NA	NPJ_sample2	Endothelial	B
wang_style_cellcell_intra	M01	M03	True	True	PASS	NPJ_sample2	NPJ__UNVERIFIED	NPJ__UNVERIFIED	NA	NPJ_sample2	Epithelial	B
wang_style_cellcell_intra	M01	M04	True	True	PASS	NPJ_sample2	NPJ__UNVERIFIED	NPJ__UNVERIFIED	NA	NPJ_sample2	Fibroblast	B
wang_style_cellcell_intra	M01	M05	True	True	PASS	NPJ_sample2	NPJ__UNVERIFIED	NPJ__UNVERIFIED	NA	NPJ_sample2	Mast	B
wang_style_cellcell_intra	M01	M06	True	True	PASS	NPJ_sample2	NPJ__UNVERIFIED	NPJ__UNVERIFIED	NA	NPJ_sample2	Mural	B
wang_style_cellcell_intra	M01	M07	True	True	PASS	NPJ_sample2	NPJ__UNVERIFIED	NPJ__UNVERIFIED	NA	NPJ_sample2	Myeloid	B
wang_style_cellcell_intra	M01	M08	True	True	PASS	NPJ_sample2	NPJ__UNVERIFIED	NPJ__UNVERIFIED	NA	NPJ_sample2	Plasma	B
wang_style_cellcell_intra	M01	M09	True	True	PASS	NPJ_sample2	NPJ__UNVERIFIED	NPJ__UNVERIFIED	NA	NPJ_sample2	T_NK	B
wang_style_cellcell_intra	M02	M01	True	True	PASS	NPJ_sample2	NPJ__UNVERIFIED	NPJ__UNVERIFIED	NA	NPJ_sample2	B	Endothelial
wang_style_cellcell_intra	M02	M03	True	True	PASS	NPJ_sample2	NPJ__UNVERIFIED	NPJ__UNVERIFIED	NA	NPJ_sample2	Epithelial	Endothelial
wang_style_cellcell_intra	M02	M04	True	True	PASS	NPJ_sample2	NPJ__UNVERIFIED	NPJ__UNVERIFIED	NA	NPJ_sample2	Fibroblast	Endothelial
wang_style_cellcell_intra	M02	M05	True	True	PASS	NPJ_sample2	NPJ__UNVERIFIED	NPJ__UNVERIFIED	NA	NPJ_sample2	Mast	Endothelial
wang_style_cellcell_intra	M02	M06	True	True	PASS	NPJ_sample2	NPJ__UNVERIFIED	NPJ__UNVERIFIED	NA	NPJ_sample2	Mural	Endothelial
wang_style_cellcell_intra	M02	M07	True	True	PASS	NPJ_sample2	NPJ__UNVERIFIED	NPJ__UNVERIFIED	NA	NPJ_sample2	Myeloid	Endothelial
wang_style_cellcell_intra	M02	M08	True	True	PASS	NPJ_sample2	NPJ__UNVERIFIED	NPJ__UNVERIFIED	NA	NPJ_sample2	Plasma	Endothelial
wang_style_cellcell_intra	M02	M09	True	True	PASS	NPJ_sample2	NPJ__UNVERIFIED	NPJ__UNVERIFIED	NA	NPJ_sample2	T_NK	Endothelial
wang_style_cellcell_intra	M03	M01	True	True	PASS	NPJ_sample2	NPJ__UNVERIFIED	NPJ__UNVERIFIED	NA	NPJ_sample2	B	Epithelial
wang_style_cellcell_intra	M03	M02	True	True	PASS	NPJ_sample2	NPJ__UNVERIFIED	NPJ__UNVERIFIED	NA	NPJ_sample2	Endothelial	Epithelial
wang_style_cellcell_intra	M03	M04	True	True	PASS	NPJ_sample2	NPJ__UNVERIFIED	NPJ__UNVERIFIED	NA	NPJ_sample2	Fibroblast	Epithelial
wang_style_cellcell_intra	M03	M05	True	True	PASS	NPJ_sample2	NPJ__UNVERIFIED	NPJ__UNVERIFIED	NA	NPJ_sample2	Mast	Epithelial
wang_style_cellcell_intra	M03	M06	True	True	PASS	NPJ_sample2	NPJ__UNVERIFIED	NPJ__UNVERIFIED	NA	NPJ_sample2	Mural	Epithelial
wang_style_cellcell_intra	M03	M07	True	True	PASS	NPJ_sample2	NPJ__UNVERIFIED	NPJ__UNVERIFIED	NA	NPJ_sample2	Myeloid	Epithelial
wang_style_cellcell_intra	M03	M08	True	True	PASS	NPJ_sample2	NPJ__UNVERIFIED	NPJ__UNVERIFIED	NA	NPJ_sample2	Plasma	Epithelial
wang_style_cellcell_intra	M03	M09	True	True	PASS	NPJ_sample2	NPJ__UNVERIFIED	NPJ__UNVERIFIED	NA	NPJ_sample2	T_NK	Epithelial
wang_style_cellcell_intra	M04	M01	True	True	PASS	NPJ_sample2	NPJ__UNVERIFIED	NPJ__UNVERIFIED	NA	NPJ_sample2	B	Fibroblast
wang_style_cellcell_intra	M04	M02	True	True	PASS	NPJ_sample2	NPJ__UNVERIFIED	NPJ__UNVERIFIED	NA	NPJ_sample2	Endothelial	Fibroblast
wang_style_cellcell_intra	M04	M03	True	True	PASS	NPJ_sample2	NPJ__UNVERIFIED	NPJ__UNVERIFIED	NA	NPJ_sample2	Epithelial	Fibroblast
wang_style_cellcell_intra	M04	M05	True	True	PASS	NPJ_sample2	NPJ__UNVERIFIED	NPJ__UNVERIFIED	NA	NPJ_sample2	Mast	Fibroblast
wang_style_cellcell_intra	M04	M06	True	True	PASS	NPJ_sample2	NPJ__UNVERIFIED	NPJ__UNVERIFIED	NA	NPJ_sample2	Mural	Fibroblast
wang_style_cellcell_intra	M04	M07	True	True	PASS	NPJ_sample2	NPJ__UNVERIFIED	NPJ__UNVERIFIED	NA	NPJ_sample2	Myeloid	Fibroblast
wang_style_cellcell_intra	M04	M08	True	True	PASS	NPJ_sample2	NPJ__UNVERIFIED	NPJ__UNVERIFIED	NA	NPJ_sample2	Plasma	Fibroblast
wang_style_cellcell_intra	M04	M09	True	True	PASS	NPJ_sample2	NPJ__UNVERIFIED	NPJ__UNVERIFIED	NA	NPJ_sample2	T_NK	Fibroblast
wang_style_cellcell_intra	M05	M01	True	True	PASS	NPJ_sample2	NPJ__UNVERIFIED	NPJ__UNVERIFIED	NA	NPJ_sample2	B	Mast
wang_style_cellcell_intra	M05	M02	True	True	PASS	NPJ_sample2	NPJ__UNVERIFIED	NPJ__UNVERIFIED	NA	NPJ_sample2	Endothelial	Mast
wang_style_cellcell_intra	M05	M03	True	True	PASS	NPJ_sample2	NPJ__UNVERIFIED	NPJ__UNVERIFIED	NA	NPJ_sample2	Epithelial	Mast
wang_style_cellcell_intra	M05	M04	True	True	PASS	NPJ_sample2	NPJ__UNVERIFIED	NPJ__UNVERIFIED	NA	NPJ_sample2	Fibroblast	Mast
wang_style_cellcell_intra	M05	M06	True	True	PASS	NPJ_sample2	NPJ__UNVERIFIED	NPJ__UNVERIFIED	NA	NPJ_sample2	Mural	Mast
wang_style_cellcell_intra	M05	M07	True	True	PASS	NPJ_sample2	NPJ__UNVERIFIED	NPJ__UNVERIFIED	NA	NPJ_sample2	Myeloid	Mast
wang_style_cellcell_intra	M05	M08	True	True	PASS	NPJ_sample2	NPJ__UNVERIFIED	NPJ__UNVERIFIED	NA	NPJ_sample2	Plasma	Mast
wang_style_cellcell_intra	M05	M09	True	True	PASS	NPJ_sample2	NPJ__UNVERIFIED	NPJ__UNVERIFIED	NA	NPJ_sample2	T_NK	Mast
wang_style_cellcell_intra	M06	M01	True	True	PASS	NPJ_sample2	NPJ__UNVERIFIED	NPJ__UNVERIFIED	NA	NPJ_sample2	B	Mural
wang_style_cellcell_intra	M06	M02	True	True	PASS	NPJ_sample2	NPJ__UNVERIFIED	NPJ__UNVERIFIED	NA	NPJ_sample2	Endothelial	Mural
wang_style_cellcell_intra	M06	M03	True	True	PASS	NPJ_sample2	NPJ__UNVERIFIED	NPJ__UNVERIFIED	NA	NPJ_sample2	Epithelial	Mural
wang_style_cellcell_intra	M06	M04	True	True	PASS	NPJ_sample2	NPJ__UNVERIFIED	NPJ__UNVERIFIED	NA	NPJ_sample2	Fibroblast	Mural
wang_style_cellcell_intra	M06	M05	True	True	PASS	NPJ_sample2	NPJ__UNVERIFIED	NPJ__UNVERIFIED	NA	NPJ_sample2	Mast	Mural
wang_style_cellcell_intra	M06	M07	True	True	PASS	NPJ_sample2	NPJ__UNVERIFIED	NPJ__UNVERIFIED	NA	NPJ_sample2	Myeloid	Mural
wang_style_cellcell_intra	M06	M08	True	True	PASS	NPJ_sample2	NPJ__UNVERIFIED	NPJ__UNVERIFIED	NA	NPJ_sample2	Plasma	Mural
wang_style_cellcell_intra	M06	M09	True	True	PASS	NPJ_sample2	NPJ__UNVERIFIED	NPJ__UNVERIFIED	NA	NPJ_sample2	T_NK	Mural
wang_style_cellcell_intra	M07	M01	True	True	PASS	NPJ_sample2	NPJ__UNVERIFIED	NPJ__UNVERIFIED	NA	NPJ_sample2	B	Myeloid
wang_style_cellcell_intra	M07	M02	True	True	PASS	NPJ_sample2	NPJ__UNVERIFIED	NPJ__UNVERIFIED	NA	NPJ_sample2	Endothelial	Myeloid
wang_style_cellcell_intra	M07	M03	True	True	PASS	NPJ_sample2	NPJ__UNVERIFIED	NPJ__UNVERIFIED	NA	NPJ_sample2	Epithelial	Myeloid
wang_style_cellcell_intra	M07	M04	True	True	PASS	NPJ_sample2	NPJ__UNVERIFIED	NPJ__UNVERIFIED	NA	NPJ_sample2	Fibroblast	Myeloid
wang_style_cellcell_intra	M07	M05	True	True	PASS	NPJ_sample2	NPJ__UNVERIFIED	NPJ__UNVERIFIED	NA	NPJ_sample2	Mast	Myeloid
wang_style_cellcell_intra	M07	M06	True	True	PASS	NPJ_sample2	NPJ__UNVERIFIED	NPJ__UNVERIFIED	NA	NPJ_sample2	Mural	Myeloid
wang_style_cellcell_intra	M07	M08	True	True	PASS	NPJ_sample2	NPJ__UNVERIFIED	NPJ__UNVERIFIED	NA	NPJ_sample2	Plasma	Myeloid
wang_style_cellcell_intra	M07	M09	True	True	PASS	NPJ_sample2	NPJ__UNVERIFIED	NPJ__UNVERIFIED	NA	NPJ_sample2	T_NK	Myeloid
wang_style_cellcell_intra	M08	M01	True	True	PASS	NPJ_sample2	NPJ__UNVERIFIED	NPJ__UNVERIFIED	NA	NPJ_sample2	B	Plasma
wang_style_cellcell_intra	M08	M02	True	True	PASS	NPJ_sample2	NPJ__UNVERIFIED	NPJ__UNVERIFIED	NA	NPJ_sample2	Endothelial	Plasma
wang_style_cellcell_intra	M08	M03	True	True	PASS	NPJ_sample2	NPJ__UNVERIFIED	NPJ__UNVERIFIED	NA	NPJ_sample2	Epithelial	Plasma
wang_style_cellcell_intra	M08	M04	True	True	PASS	NPJ_sample2	NPJ__UNVERIFIED	NPJ__UNVERIFIED	NA	NPJ_sample2	Fibroblast	Plasma
wang_style_cellcell_intra	M08	M05	True	True	PASS	NPJ_sample2	NPJ__UNVERIFIED	NPJ__UNVERIFIED	NA	NPJ_sample2	Mast	Plasma
wang_style_cellcell_intra	M08	M06	True	True	PASS	NPJ_sample2	NPJ__UNVERIFIED	NPJ__UNVERIFIED	NA	NPJ_sample2	Mural	Plasma
wang_style_cellcell_intra	M08	M07	True	True	PASS	NPJ_sample2	NPJ__UNVERIFIED	NPJ__UNVERIFIED	NA	NPJ_sample2	Myeloid	Plasma
wang_style_cellcell_intra	M08	M09	True	True	PASS	NPJ_sample2	NPJ__UNVERIFIED	NPJ__UNVERIFIED	NA	NPJ_sample2	T_NK	Plasma
wang_style_cellcell_intra	M09	M01	True	True	PASS	NPJ_sample2	NPJ__UNVERIFIED	NPJ__UNVERIFIED	NA	NPJ_sample2	B	T_NK
wang_style_cellcell_intra	M09	M02	True	True	PASS	NPJ_sample2	NPJ__UNVERIFIED	NPJ__UNVERIFIED	NA	NPJ_sample2	Endothelial	T_NK
wang_style_cellcell_intra	M09	M03	True	True	PASS	NPJ_sample2	NPJ__UNVERIFIED	NPJ__UNVERIFIED	NA	NPJ_sample2	Epithelial	T_NK
wang_style_cellcell_intra	M09	M04	True	True	PASS	NPJ_sample2	NPJ__UNVERIFIED	NPJ__UNVERIFIED	NA	NPJ_sample2	Fibroblast	T_NK
wang_style_cellcell_intra	M09	M05	True	True	PASS	NPJ_sample2	NPJ__UNVERIFIED	NPJ__UNVERIFIED	NA	NPJ_sample2	Mast	T_NK
wang_style_cellcell_intra	M09	M06	True	True	PASS	NPJ_sample2	NPJ__UNVERIFIED	NPJ__UNVERIFIED	NA	NPJ_sample2	Mural	T_NK
wang_style_cellcell_intra	M09	M07	True	True	PASS	NPJ_sample2	NPJ__UNVERIFIED	NPJ__UNVERIFIED	NA	NPJ_sample2	Myeloid	T_NK
wang_style_cellcell_intra	M09	M08	True	True	PASS	NPJ_sample2	NPJ__UNVERIFIED	NPJ__UNVERIFIED	NA	NPJ_sample2	Plasma	T_NK
mp10_technical_baseline	MP10	epi_fraction_gate	True	True	PASS	NPJ_sample2	NPJ__UNVERIFIED	NPJ__UNVERIFIED	NA	NPJ_sample2	historical c2l mean fraction	EpiMP10 raw Top20 AUCell
mp10_technical_baseline	MP10	log1p_nCount	True	True	PASS	NPJ_sample2	NPJ__UNVERIFIED	NPJ__UNVERIFIED	NA	NPJ_sample2	raw X row sum over all frozen features	EpiMP10 raw Top20 AUCell
mp10_target_extension	MP10	epi_fraction_gate	True	True	PASS	NPJ_sample2	NPJ__UNVERIFIED	NPJ__UNVERIFIED	NA	NPJ_sample2	historical c2l mean fraction	EpiMP10 raw Top20 AUCell
mp10_target_extension	MP10	log1p_nCount	True	True	PASS	NPJ_sample2	NPJ__UNVERIFIED	NPJ__UNVERIFIED	NA	NPJ_sample2	raw X row sum over all frozen features	EpiMP10 raw Top20 AUCell
mp10_target_extension	MP10	F01	True	True	PASS	NPJ_sample2	NPJ__UNVERIFIED	NPJ__UNVERIFIED	NA	NPJ_sample2	Arterial EC	EpiMP10 raw Top20 AUCell
mp10_target_extension	MP10	F02	True	True	PASS	NPJ_sample2	NPJ__UNVERIFIED	NPJ__UNVERIFIED	NA	NPJ_sample2	C1QC TAM	EpiMP10 raw Top20 AUCell
mp10_target_extension	MP10	F03	True	True	PASS	NPJ_sample2	NPJ__UNVERIFIED	NPJ__UNVERIFIED	NA	NPJ_sample2	CD4 Helper/Conventional	EpiMP10 raw Top20 AUCell
mp10_target_extension	MP10	F04	True	True	PASS	NPJ_sample2	NPJ__UNVERIFIED	NPJ__UNVERIFIED	NA	NPJ_sample2	CD4 Naive/Memory-like	EpiMP10 raw Top20 AUCell
mp10_target_extension	MP10	F05	True	True	PASS	NPJ_sample2	NPJ__UNVERIFIED	NPJ__UNVERIFIED	NA	NPJ_sample2	CD8 Exhausted	EpiMP10 raw Top20 AUCell
mp10_target_extension	MP10	F06	True	True	PASS	NPJ_sample2	NPJ__UNVERIFIED	NPJ__UNVERIFIED	NA	NPJ_sample2	CD8 GZMK/Effector-memory-like	EpiMP10 raw Top20 AUCell
mp10_target_extension	MP10	F07	True	True	PASS	NPJ_sample2	NPJ__UNVERIFIED	NPJ__UNVERIFIED	NA	NPJ_sample2	Capillary EC	EpiMP10 raw Top20 AUCell
mp10_target_extension	MP10	F08	True	True	PASS	NPJ_sample2	NPJ__UNVERIFIED	NPJ__UNVERIFIED	NA	NPJ_sample2	Classical Mono	EpiMP10 raw Top20 AUCell
mp10_target_extension	MP10	F10	True	True	PASS	NPJ_sample2	NPJ__UNVERIFIED	NPJ__UNVERIFIED	NA	NPJ_sample2	GC B	EpiMP10 raw Top20 AUCell
mp10_target_extension	MP10	F11	True	True	PASS	NPJ_sample2	NPJ__UNVERIFIED	NPJ__UNVERIFIED	NA	NPJ_sample2	LAMP3 DC	EpiMP10 raw Top20 AUCell
mp10_target_extension	MP10	F12	True	True	PASS	NPJ_sample2	NPJ__UNVERIFIED	NPJ__UNVERIFIED	NA	NPJ_sample2	Lymphatic EC	EpiMP10 raw Top20 AUCell
mp10_target_extension	MP10	F13	True	True	PASS	NPJ_sample2	NPJ__UNVERIFIED	NPJ__UNVERIFIED	NA	NPJ_sample2	Mast	EpiMP10 raw Top20 AUCell
mp10_target_extension	MP10	F14	True	True	PASS	NPJ_sample2	NPJ__UNVERIFIED	NPJ__UNVERIFIED	NA	NPJ_sample2	Matrix_CAF	EpiMP10 raw Top20 AUCell
mp10_target_extension	MP10	F15	True	True	PASS	NPJ_sample2	NPJ__UNVERIFIED	NPJ__UNVERIFIED	NA	NPJ_sample2	NK	EpiMP10 raw Top20 AUCell
mp10_target_extension	MP10	F16	True	True	PASS	NPJ_sample2	NPJ__UNVERIFIED	NPJ__UNVERIFIED	NA	NPJ_sample2	Naive/Memory B	EpiMP10 raw Top20 AUCell
mp10_target_extension	MP10	F17	True	True	PASS	NPJ_sample2	NPJ__UNVERIFIED	NPJ__UNVERIFIED	NA	NPJ_sample2	Neutrophil	EpiMP10 raw Top20 AUCell
mp10_target_extension	MP10	F18	True	True	PASS	NPJ_sample2	NPJ__UNVERIFIED	NPJ__UNVERIFIED	NA	NPJ_sample2	Pericyte	EpiMP10 raw Top20 AUCell
mp10_target_extension	MP10	F19	True	True	PASS	NPJ_sample2	NPJ__UNVERIFIED	NPJ__UNVERIFIED	NA	NPJ_sample2	Plasma	EpiMP10 raw Top20 AUCell
mp10_target_extension	MP10	F20	True	True	PASS	NPJ_sample2	NPJ__UNVERIFIED	NPJ__UNVERIFIED	NA	NPJ_sample2	SMC	EpiMP10 raw Top20 AUCell
mp10_target_extension	MP10	F21	True	True	PASS	NPJ_sample2	NPJ__UNVERIFIED	NPJ__UNVERIFIED	NA	NPJ_sample2	SPP1 TAM	EpiMP10 raw Top20 AUCell
mp10_target_extension	MP10	F22	True	True	PASS	NPJ_sample2	NPJ__UNVERIFIED	NPJ__UNVERIFIED	NA	NPJ_sample2	Tfh/CXCL13-like	EpiMP10 raw Top20 AUCell
mp10_target_extension	MP10	F23	True	True	PASS	NPJ_sample2	NPJ__UNVERIFIED	NPJ__UNVERIFIED	NA	NPJ_sample2	Treg	EpiMP10 raw Top20 AUCell
mp10_target_extension	MP10	F24	True	True	PASS	NPJ_sample2	NPJ__UNVERIFIED	NPJ__UNVERIFIED	NA	NPJ_sample2	Venous EC	EpiMP10 raw Top20 AUCell
mp10_target_extension	MP10	F25	True	True	PASS	NPJ_sample2	NPJ__UNVERIFIED	NPJ__UNVERIFIED	NA	NPJ_sample2	cDC1	EpiMP10 raw Top20 AUCell
mp10_target_extension	MP10	F26	True	True	PASS	NPJ_sample2	NPJ__UNVERIFIED	NPJ__UNVERIFIED	NA	NPJ_sample2	cDC2	EpiMP10 raw Top20 AUCell
mp10_target_extension	MP10	F27	True	True	PASS	NPJ_sample2	NPJ__UNVERIFIED	NPJ__UNVERIFIED	NA	NPJ_sample2	iCAF	EpiMP10 raw Top20 AUCell
mp10_target_extension	MP10	F28	True	True	PASS	NPJ_sample2	NPJ__UNVERIFIED	NPJ__UNVERIFIED	NA	NPJ_sample2	pDC	EpiMP10 raw Top20 AUCell
mp10_target_extension	MP10	F29	True	True	PASS	NPJ_sample2	NPJ__UNVERIFIED	NPJ__UNVERIFIED	NA	NPJ_sample2	rCAF	EpiMP10 raw Top20 AUCell
mp10_target_extension	MP10	F30	True	True	PASS	NPJ_sample2	NPJ__UNVERIFIED	NPJ__UNVERIFIED	NA	NPJ_sample2	vCAF	EpiMP10 raw Top20 AUCell
wang_style_cellcell_intra	M01	M02	True	True	PASS	NPJ_sample3	NPJ__UNVERIFIED	NPJ__UNVERIFIED	NA	NPJ_sample3	Endothelial	B
wang_style_cellcell_intra	M01	M03	True	True	PASS	NPJ_sample3	NPJ__UNVERIFIED	NPJ__UNVERIFIED	NA	NPJ_sample3	Epithelial	B
wang_style_cellcell_intra	M01	M04	True	True	PASS	NPJ_sample3	NPJ__UNVERIFIED	NPJ__UNVERIFIED	NA	NPJ_sample3	Fibroblast	B
wang_style_cellcell_intra	M01	M05	True	True	PASS	NPJ_sample3	NPJ__UNVERIFIED	NPJ__UNVERIFIED	NA	NPJ_sample3	Mast	B
wang_style_cellcell_intra	M01	M06	True	True	PASS	NPJ_sample3	NPJ__UNVERIFIED	NPJ__UNVERIFIED	NA	NPJ_sample3	Mural	B
wang_style_cellcell_intra	M01	M07	True	True	PASS	NPJ_sample3	NPJ__UNVERIFIED	NPJ__UNVERIFIED	NA	NPJ_sample3	Myeloid	B
wang_style_cellcell_intra	M01	M08	True	True	PASS	NPJ_sample3	NPJ__UNVERIFIED	NPJ__UNVERIFIED	NA	NPJ_sample3	Plasma	B
wang_style_cellcell_intra	M01	M09	True	True	PASS	NPJ_sample3	NPJ__UNVERIFIED	NPJ__UNVERIFIED	NA	NPJ_sample3	T_NK	B
wang_style_cellcell_intra	M02	M01	True	True	PASS	NPJ_sample3	NPJ__UNVERIFIED	NPJ__UNVERIFIED	NA	NPJ_sample3	B	Endothelial
wang_style_cellcell_intra	M02	M03	True	True	PASS	NPJ_sample3	NPJ__UNVERIFIED	NPJ__UNVERIFIED	NA	NPJ_sample3	Epithelial	Endothelial
wang_style_cellcell_intra	M02	M04	True	True	PASS	NPJ_sample3	NPJ__UNVERIFIED	NPJ__UNVERIFIED	NA	NPJ_sample3	Fibroblast	Endothelial
wang_style_cellcell_intra	M02	M05	True	True	PASS	NPJ_sample3	NPJ__UNVERIFIED	NPJ__UNVERIFIED	NA	NPJ_sample3	Mast	Endothelial
wang_style_cellcell_intra	M02	M06	True	True	PASS	NPJ_sample3	NPJ__UNVERIFIED	NPJ__UNVERIFIED	NA	NPJ_sample3	Mural	Endothelial
wang_style_cellcell_intra	M02	M07	True	True	PASS	NPJ_sample3	NPJ__UNVERIFIED	NPJ__UNVERIFIED	NA	NPJ_sample3	Myeloid	Endothelial
wang_style_cellcell_intra	M02	M08	True	True	PASS	NPJ_sample3	NPJ__UNVERIFIED	NPJ__UNVERIFIED	NA	NPJ_sample3	Plasma	Endothelial
wang_style_cellcell_intra	M02	M09	True	True	PASS	NPJ_sample3	NPJ__UNVERIFIED	NPJ__UNVERIFIED	NA	NPJ_sample3	T_NK	Endothelial
wang_style_cellcell_intra	M03	M01	True	True	PASS	NPJ_sample3	NPJ__UNVERIFIED	NPJ__UNVERIFIED	NA	NPJ_sample3	B	Epithelial
wang_style_cellcell_intra	M03	M02	True	True	PASS	NPJ_sample3	NPJ__UNVERIFIED	NPJ__UNVERIFIED	NA	NPJ_sample3	Endothelial	Epithelial
wang_style_cellcell_intra	M03	M04	True	True	PASS	NPJ_sample3	NPJ__UNVERIFIED	NPJ__UNVERIFIED	NA	NPJ_sample3	Fibroblast	Epithelial
wang_style_cellcell_intra	M03	M05	True	True	PASS	NPJ_sample3	NPJ__UNVERIFIED	NPJ__UNVERIFIED	NA	NPJ_sample3	Mast	Epithelial
wang_style_cellcell_intra	M03	M06	True	True	PASS	NPJ_sample3	NPJ__UNVERIFIED	NPJ__UNVERIFIED	NA	NPJ_sample3	Mural	Epithelial
wang_style_cellcell_intra	M03	M07	True	True	PASS	NPJ_sample3	NPJ__UNVERIFIED	NPJ__UNVERIFIED	NA	NPJ_sample3	Myeloid	Epithelial
wang_style_cellcell_intra	M03	M08	True	True	PASS	NPJ_sample3	NPJ__UNVERIFIED	NPJ__UNVERIFIED	NA	NPJ_sample3	Plasma	Epithelial
wang_style_cellcell_intra	M03	M09	True	True	PASS	NPJ_sample3	NPJ__UNVERIFIED	NPJ__UNVERIFIED	NA	NPJ_sample3	T_NK	Epithelial
wang_style_cellcell_intra	M04	M01	True	True	PASS	NPJ_sample3	NPJ__UNVERIFIED	NPJ__UNVERIFIED	NA	NPJ_sample3	B	Fibroblast
wang_style_cellcell_intra	M04	M02	True	True	PASS	NPJ_sample3	NPJ__UNVERIFIED	NPJ__UNVERIFIED	NA	NPJ_sample3	Endothelial	Fibroblast
wang_style_cellcell_intra	M04	M03	True	True	PASS	NPJ_sample3	NPJ__UNVERIFIED	NPJ__UNVERIFIED	NA	NPJ_sample3	Epithelial	Fibroblast
wang_style_cellcell_intra	M04	M05	True	True	PASS	NPJ_sample3	NPJ__UNVERIFIED	NPJ__UNVERIFIED	NA	NPJ_sample3	Mast	Fibroblast
wang_style_cellcell_intra	M04	M06	True	True	PASS	NPJ_sample3	NPJ__UNVERIFIED	NPJ__UNVERIFIED	NA	NPJ_sample3	Mural	Fibroblast
wang_style_cellcell_intra	M04	M07	True	True	PASS	NPJ_sample3	NPJ__UNVERIFIED	NPJ__UNVERIFIED	NA	NPJ_sample3	Myeloid	Fibroblast
wang_style_cellcell_intra	M04	M08	True	True	PASS	NPJ_sample3	NPJ__UNVERIFIED	NPJ__UNVERIFIED	NA	NPJ_sample3	Plasma	Fibroblast
wang_style_cellcell_intra	M04	M09	True	True	PASS	NPJ_sample3	NPJ__UNVERIFIED	NPJ__UNVERIFIED	NA	NPJ_sample3	T_NK	Fibroblast
wang_style_cellcell_intra	M05	M01	True	True	PASS	NPJ_sample3	NPJ__UNVERIFIED	NPJ__UNVERIFIED	NA	NPJ_sample3	B	Mast
wang_style_cellcell_intra	M05	M02	True	True	PASS	NPJ_sample3	NPJ__UNVERIFIED	NPJ__UNVERIFIED	NA	NPJ_sample3	Endothelial	Mast
wang_style_cellcell_intra	M05	M03	True	True	PASS	NPJ_sample3	NPJ__UNVERIFIED	NPJ__UNVERIFIED	NA	NPJ_sample3	Epithelial	Mast
wang_style_cellcell_intra	M05	M04	True	True	PASS	NPJ_sample3	NPJ__UNVERIFIED	NPJ__UNVERIFIED	NA	NPJ_sample3	Fibroblast	Mast
wang_style_cellcell_intra	M05	M06	True	True	PASS	NPJ_sample3	NPJ__UNVERIFIED	NPJ__UNVERIFIED	NA	NPJ_sample3	Mural	Mast
wang_style_cellcell_intra	M05	M07	True	True	PASS	NPJ_sample3	NPJ__UNVERIFIED	NPJ__UNVERIFIED	NA	NPJ_sample3	Myeloid	Mast
wang_style_cellcell_intra	M05	M08	True	True	PASS	NPJ_sample3	NPJ__UNVERIFIED	NPJ__UNVERIFIED	NA	NPJ_sample3	Plasma	Mast
wang_style_cellcell_intra	M05	M09	True	True	PASS	NPJ_sample3	NPJ__UNVERIFIED	NPJ__UNVERIFIED	NA	NPJ_sample3	T_NK	Mast
wang_style_cellcell_intra	M06	M01	True	True	PASS	NPJ_sample3	NPJ__UNVERIFIED	NPJ__UNVERIFIED	NA	NPJ_sample3	B	Mural
wang_style_cellcell_intra	M06	M02	True	True	PASS	NPJ_sample3	NPJ__UNVERIFIED	NPJ__UNVERIFIED	NA	NPJ_sample3	Endothelial	Mural
wang_style_cellcell_intra	M06	M03	True	True	PASS	NPJ_sample3	NPJ__UNVERIFIED	NPJ__UNVERIFIED	NA	NPJ_sample3	Epithelial	Mural
wang_style_cellcell_intra	M06	M04	True	True	PASS	NPJ_sample3	NPJ__UNVERIFIED	NPJ__UNVERIFIED	NA	NPJ_sample3	Fibroblast	Mural
wang_style_cellcell_intra	M06	M05	True	True	PASS	NPJ_sample3	NPJ__UNVERIFIED	NPJ__UNVERIFIED	NA	NPJ_sample3	Mast	Mural
wang_style_cellcell_intra	M06	M07	True	True	PASS	NPJ_sample3	NPJ__UNVERIFIED	NPJ__UNVERIFIED	NA	NPJ_sample3	Myeloid	Mural
wang_style_cellcell_intra	M06	M08	True	True	PASS	NPJ_sample3	NPJ__UNVERIFIED	NPJ__UNVERIFIED	NA	NPJ_sample3	Plasma	Mural
wang_style_cellcell_intra	M06	M09	True	True	PASS	NPJ_sample3	NPJ__UNVERIFIED	NPJ__UNVERIFIED	NA	NPJ_sample3	T_NK	Mural
wang_style_cellcell_intra	M07	M01	True	True	PASS	NPJ_sample3	NPJ__UNVERIFIED	NPJ__UNVERIFIED	NA	NPJ_sample3	B	Myeloid
wang_style_cellcell_intra	M07	M02	True	True	PASS	NPJ_sample3	NPJ__UNVERIFIED	NPJ__UNVERIFIED	NA	NPJ_sample3	Endothelial	Myeloid
wang_style_cellcell_intra	M07	M03	True	True	PASS	NPJ_sample3	NPJ__UNVERIFIED	NPJ__UNVERIFIED	NA	NPJ_sample3	Epithelial	Myeloid
wang_style_cellcell_intra	M07	M04	True	True	PASS	NPJ_sample3	NPJ__UNVERIFIED	NPJ__UNVERIFIED	NA	NPJ_sample3	Fibroblast	Myeloid
wang_style_cellcell_intra	M07	M05	True	True	PASS	NPJ_sample3	NPJ__UNVERIFIED	NPJ__UNVERIFIED	NA	NPJ_sample3	Mast	Myeloid
wang_style_cellcell_intra	M07	M06	True	True	PASS	NPJ_sample3	NPJ__UNVERIFIED	NPJ__UNVERIFIED	NA	NPJ_sample3	Mural	Myeloid
wang_style_cellcell_intra	M07	M08	True	True	PASS	NPJ_sample3	NPJ__UNVERIFIED	NPJ__UNVERIFIED	NA	NPJ_sample3	Plasma	Myeloid
wang_style_cellcell_intra	M07	M09	True	True	PASS	NPJ_sample3	NPJ__UNVERIFIED	NPJ__UNVERIFIED	NA	NPJ_sample3	T_NK	Myeloid
wang_style_cellcell_intra	M08	M01	True	True	PASS	NPJ_sample3	NPJ__UNVERIFIED	NPJ__UNVERIFIED	NA	NPJ_sample3	B	Plasma
wang_style_cellcell_intra	M08	M02	True	True	PASS	NPJ_sample3	NPJ__UNVERIFIED	NPJ__UNVERIFIED	NA	NPJ_sample3	Endothelial	Plasma
wang_style_cellcell_intra	M08	M03	True	True	PASS	NPJ_sample3	NPJ__UNVERIFIED	NPJ__UNVERIFIED	NA	NPJ_sample3	Epithelial	Plasma
wang_style_cellcell_intra	M08	M04	True	True	PASS	NPJ_sample3	NPJ__UNVERIFIED	NPJ__UNVERIFIED	NA	NPJ_sample3	Fibroblast	Plasma
wang_style_cellcell_intra	M08	M05	True	True	PASS	NPJ_sample3	NPJ__UNVERIFIED	NPJ__UNVERIFIED	NA	NPJ_sample3	Mast	Plasma
wang_style_cellcell_intra	M08	M06	True	True	PASS	NPJ_sample3	NPJ__UNVERIFIED	NPJ__UNVERIFIED	NA	NPJ_sample3	Mural	Plasma
wang_style_cellcell_intra	M08	M07	True	True	PASS	NPJ_sample3	NPJ__UNVERIFIED	NPJ__UNVERIFIED	NA	NPJ_sample3	Myeloid	Plasma
wang_style_cellcell_intra	M08	M09	True	True	PASS	NPJ_sample3	NPJ__UNVERIFIED	NPJ__UNVERIFIED	NA	NPJ_sample3	T_NK	Plasma
wang_style_cellcell_intra	M09	M01	True	True	PASS	NPJ_sample3	NPJ__UNVERIFIED	NPJ__UNVERIFIED	NA	NPJ_sample3	B	T_NK
wang_style_cellcell_intra	M09	M02	True	True	PASS	NPJ_sample3	NPJ__UNVERIFIED	NPJ__UNVERIFIED	NA	NPJ_sample3	Endothelial	T_NK
wang_style_cellcell_intra	M09	M03	True	True	PASS	NPJ_sample3	NPJ__UNVERIFIED	NPJ__UNVERIFIED	NA	NPJ_sample3	Epithelial	T_NK
wang_style_cellcell_intra	M09	M04	True	True	PASS	NPJ_sample3	NPJ__UNVERIFIED	NPJ__UNVERIFIED	NA	NPJ_sample3	Fibroblast	T_NK
wang_style_cellcell_intra	M09	M05	True	True	PASS	NPJ_sample3	NPJ__UNVERIFIED	NPJ__UNVERIFIED	NA	NPJ_sample3	Mast	T_NK
wang_style_cellcell_intra	M09	M06	True	True	PASS	NPJ_sample3	NPJ__UNVERIFIED	NPJ__UNVERIFIED	NA	NPJ_sample3	Mural	T_NK
wang_style_cellcell_intra	M09	M07	True	True	PASS	NPJ_sample3	NPJ__UNVERIFIED	NPJ__UNVERIFIED	NA	NPJ_sample3	Myeloid	T_NK
wang_style_cellcell_intra	M09	M08	True	True	PASS	NPJ_sample3	NPJ__UNVERIFIED	NPJ__UNVERIFIED	NA	NPJ_sample3	Plasma	T_NK
mp10_technical_baseline	MP10	epi_fraction_gate	True	True	PASS	NPJ_sample3	NPJ__UNVERIFIED	NPJ__UNVERIFIED	NA	NPJ_sample3	historical c2l mean fraction	EpiMP10 raw Top20 AUCell
mp10_technical_baseline	MP10	log1p_nCount	True	True	PASS	NPJ_sample3	NPJ__UNVERIFIED	NPJ__UNVERIFIED	NA	NPJ_sample3	raw X row sum over all frozen features	EpiMP10 raw Top20 AUCell
mp10_target_extension	MP10	epi_fraction_gate	True	True	PASS	NPJ_sample3	NPJ__UNVERIFIED	NPJ__UNVERIFIED	NA	NPJ_sample3	historical c2l mean fraction	EpiMP10 raw Top20 AUCell
mp10_target_extension	MP10	log1p_nCount	True	True	PASS	NPJ_sample3	NPJ__UNVERIFIED	NPJ__UNVERIFIED	NA	NPJ_sample3	raw X row sum over all frozen features	EpiMP10 raw Top20 AUCell
mp10_target_extension	MP10	F01	True	True	PASS	NPJ_sample3	NPJ__UNVERIFIED	NPJ__UNVERIFIED	NA	NPJ_sample3	Arterial EC	EpiMP10 raw Top20 AUCell
mp10_target_extension	MP10	F02	True	True	PASS	NPJ_sample3	NPJ__UNVERIFIED	NPJ__UNVERIFIED	NA	NPJ_sample3	C1QC TAM	EpiMP10 raw Top20 AUCell
mp10_target_extension	MP10	F03	True	True	PASS	NPJ_sample3	NPJ__UNVERIFIED	NPJ__UNVERIFIED	NA	NPJ_sample3	CD4 Helper/Conventional	EpiMP10 raw Top20 AUCell
mp10_target_extension	MP10	F04	True	True	PASS	NPJ_sample3	NPJ__UNVERIFIED	NPJ__UNVERIFIED	NA	NPJ_sample3	CD4 Naive/Memory-like	EpiMP10 raw Top20 AUCell
mp10_target_extension	MP10	F05	True	True	PASS	NPJ_sample3	NPJ__UNVERIFIED	NPJ__UNVERIFIED	NA	NPJ_sample3	CD8 Exhausted	EpiMP10 raw Top20 AUCell
mp10_target_extension	MP10	F06	True	True	PASS	NPJ_sample3	NPJ__UNVERIFIED	NPJ__UNVERIFIED	NA	NPJ_sample3	CD8 GZMK/Effector-memory-like	EpiMP10 raw Top20 AUCell
mp10_target_extension	MP10	F07	True	True	PASS	NPJ_sample3	NPJ__UNVERIFIED	NPJ__UNVERIFIED	NA	NPJ_sample3	Capillary EC	EpiMP10 raw Top20 AUCell
mp10_target_extension	MP10	F08	True	True	PASS	NPJ_sample3	NPJ__UNVERIFIED	NPJ__UNVERIFIED	NA	NPJ_sample3	Classical Mono	EpiMP10 raw Top20 AUCell
mp10_target_extension	MP10	F10	True	True	PASS	NPJ_sample3	NPJ__UNVERIFIED	NPJ__UNVERIFIED	NA	NPJ_sample3	GC B	EpiMP10 raw Top20 AUCell
mp10_target_extension	MP10	F11	True	True	PASS	NPJ_sample3	NPJ__UNVERIFIED	NPJ__UNVERIFIED	NA	NPJ_sample3	LAMP3 DC	EpiMP10 raw Top20 AUCell
mp10_target_extension	MP10	F12	True	True	PASS	NPJ_sample3	NPJ__UNVERIFIED	NPJ__UNVERIFIED	NA	NPJ_sample3	Lymphatic EC	EpiMP10 raw Top20 AUCell
mp10_target_extension	MP10	F13	True	True	PASS	NPJ_sample3	NPJ__UNVERIFIED	NPJ__UNVERIFIED	NA	NPJ_sample3	Mast	EpiMP10 raw Top20 AUCell
mp10_target_extension	MP10	F14	True	True	PASS	NPJ_sample3	NPJ__UNVERIFIED	NPJ__UNVERIFIED	NA	NPJ_sample3	Matrix_CAF	EpiMP10 raw Top20 AUCell
mp10_target_extension	MP10	F15	True	True	PASS	NPJ_sample3	NPJ__UNVERIFIED	NPJ__UNVERIFIED	NA	NPJ_sample3	NK	EpiMP10 raw Top20 AUCell
mp10_target_extension	MP10	F16	True	True	PASS	NPJ_sample3	NPJ__UNVERIFIED	NPJ__UNVERIFIED	NA	NPJ_sample3	Naive/Memory B	EpiMP10 raw Top20 AUCell
mp10_target_extension	MP10	F17	True	True	PASS	NPJ_sample3	NPJ__UNVERIFIED	NPJ__UNVERIFIED	NA	NPJ_sample3	Neutrophil	EpiMP10 raw Top20 AUCell
mp10_target_extension	MP10	F18	True	True	PASS	NPJ_sample3	NPJ__UNVERIFIED	NPJ__UNVERIFIED	NA	NPJ_sample3	Pericyte	EpiMP10 raw Top20 AUCell
mp10_target_extension	MP10	F19	True	True	PASS	NPJ_sample3	NPJ__UNVERIFIED	NPJ__UNVERIFIED	NA	NPJ_sample3	Plasma	EpiMP10 raw Top20 AUCell
mp10_target_extension	MP10	F20	True	True	PASS	NPJ_sample3	NPJ__UNVERIFIED	NPJ__UNVERIFIED	NA	NPJ_sample3	SMC	EpiMP10 raw Top20 AUCell
mp10_target_extension	MP10	F21	True	True	PASS	NPJ_sample3	NPJ__UNVERIFIED	NPJ__UNVERIFIED	NA	NPJ_sample3	SPP1 TAM	EpiMP10 raw Top20 AUCell
mp10_target_extension	MP10	F22	True	True	PASS	NPJ_sample3	NPJ__UNVERIFIED	NPJ__UNVERIFIED	NA	NPJ_sample3	Tfh/CXCL13-like	EpiMP10 raw Top20 AUCell
mp10_target_extension	MP10	F23	True	True	PASS	NPJ_sample3	NPJ__UNVERIFIED	NPJ__UNVERIFIED	NA	NPJ_sample3	Treg	EpiMP10 raw Top20 AUCell
mp10_target_extension	MP10	F24	True	True	PASS	NPJ_sample3	NPJ__UNVERIFIED	NPJ__UNVERIFIED	NA	NPJ_sample3	Venous EC	EpiMP10 raw Top20 AUCell
mp10_target_extension	MP10	F25	True	True	PASS	NPJ_sample3	NPJ__UNVERIFIED	NPJ__UNVERIFIED	NA	NPJ_sample3	cDC1	EpiMP10 raw Top20 AUCell
mp10_target_extension	MP10	F26	True	True	PASS	NPJ_sample3	NPJ__UNVERIFIED	NPJ__UNVERIFIED	NA	NPJ_sample3	cDC2	EpiMP10 raw Top20 AUCell
mp10_target_extension	MP10	F27	True	True	PASS	NPJ_sample3	NPJ__UNVERIFIED	NPJ__UNVERIFIED	NA	NPJ_sample3	iCAF	EpiMP10 raw Top20 AUCell
mp10_target_extension	MP10	F28	True	True	PASS	NPJ_sample3	NPJ__UNVERIFIED	NPJ__UNVERIFIED	NA	NPJ_sample3	pDC	EpiMP10 raw Top20 AUCell
mp10_target_extension	MP10	F29	True	True	PASS	NPJ_sample3	NPJ__UNVERIFIED	NPJ__UNVERIFIED	NA	NPJ_sample3	rCAF	EpiMP10 raw Top20 AUCell
mp10_target_extension	MP10	F30	True	True	PASS	NPJ_sample3	NPJ__UNVERIFIED	NPJ__UNVERIFIED	NA	NPJ_sample3	vCAF	EpiMP10 raw Top20 AUCell
wang_style_cellcell_intra	M01	M02	True	True	PASS	NPJ_sample4	NPJ__UNVERIFIED	NPJ__UNVERIFIED	NA	NPJ_sample4	Endothelial	B
wang_style_cellcell_intra	M01	M03	True	True	PASS	NPJ_sample4	NPJ__UNVERIFIED	NPJ__UNVERIFIED	NA	NPJ_sample4	Epithelial	B
wang_style_cellcell_intra	M01	M04	True	True	PASS	NPJ_sample4	NPJ__UNVERIFIED	NPJ__UNVERIFIED	NA	NPJ_sample4	Fibroblast	B
wang_style_cellcell_intra	M01	M05	True	True	PASS	NPJ_sample4	NPJ__UNVERIFIED	NPJ__UNVERIFIED	NA	NPJ_sample4	Mast	B
wang_style_cellcell_intra	M01	M06	True	True	PASS	NPJ_sample4	NPJ__UNVERIFIED	NPJ__UNVERIFIED	NA	NPJ_sample4	Mural	B
wang_style_cellcell_intra	M01	M07	True	True	PASS	NPJ_sample4	NPJ__UNVERIFIED	NPJ__UNVERIFIED	NA	NPJ_sample4	Myeloid	B
wang_style_cellcell_intra	M01	M08	True	True	PASS	NPJ_sample4	NPJ__UNVERIFIED	NPJ__UNVERIFIED	NA	NPJ_sample4	Plasma	B
wang_style_cellcell_intra	M01	M09	True	True	PASS	NPJ_sample4	NPJ__UNVERIFIED	NPJ__UNVERIFIED	NA	NPJ_sample4	T_NK	B
wang_style_cellcell_intra	M02	M01	True	True	PASS	NPJ_sample4	NPJ__UNVERIFIED	NPJ__UNVERIFIED	NA	NPJ_sample4	B	Endothelial
wang_style_cellcell_intra	M02	M03	True	True	PASS	NPJ_sample4	NPJ__UNVERIFIED	NPJ__UNVERIFIED	NA	NPJ_sample4	Epithelial	Endothelial
wang_style_cellcell_intra	M02	M04	True	True	PASS	NPJ_sample4	NPJ__UNVERIFIED	NPJ__UNVERIFIED	NA	NPJ_sample4	Fibroblast	Endothelial
wang_style_cellcell_intra	M02	M05	True	True	PASS	NPJ_sample4	NPJ__UNVERIFIED	NPJ__UNVERIFIED	NA	NPJ_sample4	Mast	Endothelial
wang_style_cellcell_intra	M02	M06	True	True	PASS	NPJ_sample4	NPJ__UNVERIFIED	NPJ__UNVERIFIED	NA	NPJ_sample4	Mural	Endothelial
wang_style_cellcell_intra	M02	M07	True	True	PASS	NPJ_sample4	NPJ__UNVERIFIED	NPJ__UNVERIFIED	NA	NPJ_sample4	Myeloid	Endothelial
wang_style_cellcell_intra	M02	M08	True	True	PASS	NPJ_sample4	NPJ__UNVERIFIED	NPJ__UNVERIFIED	NA	NPJ_sample4	Plasma	Endothelial
wang_style_cellcell_intra	M02	M09	True	True	PASS	NPJ_sample4	NPJ__UNVERIFIED	NPJ__UNVERIFIED	NA	NPJ_sample4	T_NK	Endothelial
wang_style_cellcell_intra	M03	M01	True	True	PASS	NPJ_sample4	NPJ__UNVERIFIED	NPJ__UNVERIFIED	NA	NPJ_sample4	B	Epithelial
wang_style_cellcell_intra	M03	M02	True	True	PASS	NPJ_sample4	NPJ__UNVERIFIED	NPJ__UNVERIFIED	NA	NPJ_sample4	Endothelial	Epithelial
wang_style_cellcell_intra	M03	M04	True	True	PASS	NPJ_sample4	NPJ__UNVERIFIED	NPJ__UNVERIFIED	NA	NPJ_sample4	Fibroblast	Epithelial
wang_style_cellcell_intra	M03	M05	True	True	PASS	NPJ_sample4	NPJ__UNVERIFIED	NPJ__UNVERIFIED	NA	NPJ_sample4	Mast	Epithelial
wang_style_cellcell_intra	M03	M06	True	True	PASS	NPJ_sample4	NPJ__UNVERIFIED	NPJ__UNVERIFIED	NA	NPJ_sample4	Mural	Epithelial
wang_style_cellcell_intra	M03	M07	True	True	PASS	NPJ_sample4	NPJ__UNVERIFIED	NPJ__UNVERIFIED	NA	NPJ_sample4	Myeloid	Epithelial
wang_style_cellcell_intra	M03	M08	True	True	PASS	NPJ_sample4	NPJ__UNVERIFIED	NPJ__UNVERIFIED	NA	NPJ_sample4	Plasma	Epithelial
wang_style_cellcell_intra	M03	M09	True	True	PASS	NPJ_sample4	NPJ__UNVERIFIED	NPJ__UNVERIFIED	NA	NPJ_sample4	T_NK	Epithelial
wang_style_cellcell_intra	M04	M01	True	True	PASS	NPJ_sample4	NPJ__UNVERIFIED	NPJ__UNVERIFIED	NA	NPJ_sample4	B	Fibroblast
wang_style_cellcell_intra	M04	M02	True	True	PASS	NPJ_sample4	NPJ__UNVERIFIED	NPJ__UNVERIFIED	NA	NPJ_sample4	Endothelial	Fibroblast
wang_style_cellcell_intra	M04	M03	True	True	PASS	NPJ_sample4	NPJ__UNVERIFIED	NPJ__UNVERIFIED	NA	NPJ_sample4	Epithelial	Fibroblast
wang_style_cellcell_intra	M04	M05	True	True	PASS	NPJ_sample4	NPJ__UNVERIFIED	NPJ__UNVERIFIED	NA	NPJ_sample4	Mast	Fibroblast
wang_style_cellcell_intra	M04	M06	True	True	PASS	NPJ_sample4	NPJ__UNVERIFIED	NPJ__UNVERIFIED	NA	NPJ_sample4	Mural	Fibroblast
wang_style_cellcell_intra	M04	M07	True	True	PASS	NPJ_sample4	NPJ__UNVERIFIED	NPJ__UNVERIFIED	NA	NPJ_sample4	Myeloid	Fibroblast
wang_style_cellcell_intra	M04	M08	True	True	PASS	NPJ_sample4	NPJ__UNVERIFIED	NPJ__UNVERIFIED	NA	NPJ_sample4	Plasma	Fibroblast
wang_style_cellcell_intra	M04	M09	True	True	PASS	NPJ_sample4	NPJ__UNVERIFIED	NPJ__UNVERIFIED	NA	NPJ_sample4	T_NK	Fibroblast
wang_style_cellcell_intra	M05	M01	True	True	PASS	NPJ_sample4	NPJ__UNVERIFIED	NPJ__UNVERIFIED	NA	NPJ_sample4	B	Mast
wang_style_cellcell_intra	M05	M02	True	True	PASS	NPJ_sample4	NPJ__UNVERIFIED	NPJ__UNVERIFIED	NA	NPJ_sample4	Endothelial	Mast
wang_style_cellcell_intra	M05	M03	True	True	PASS	NPJ_sample4	NPJ__UNVERIFIED	NPJ__UNVERIFIED	NA	NPJ_sample4	Epithelial	Mast
wang_style_cellcell_intra	M05	M04	True	True	PASS	NPJ_sample4	NPJ__UNVERIFIED	NPJ__UNVERIFIED	NA	NPJ_sample4	Fibroblast	Mast
wang_style_cellcell_intra	M05	M06	True	True	PASS	NPJ_sample4	NPJ__UNVERIFIED	NPJ__UNVERIFIED	NA	NPJ_sample4	Mural	Mast
wang_style_cellcell_intra	M05	M07	True	True	PASS	NPJ_sample4	NPJ__UNVERIFIED	NPJ__UNVERIFIED	NA	NPJ_sample4	Myeloid	Mast
wang_style_cellcell_intra	M05	M08	True	True	PASS	NPJ_sample4	NPJ__UNVERIFIED	NPJ__UNVERIFIED	NA	NPJ_sample4	Plasma	Mast
wang_style_cellcell_intra	M05	M09	True	True	PASS	NPJ_sample4	NPJ__UNVERIFIED	NPJ__UNVERIFIED	NA	NPJ_sample4	T_NK	Mast
wang_style_cellcell_intra	M06	M01	True	True	PASS	NPJ_sample4	NPJ__UNVERIFIED	NPJ__UNVERIFIED	NA	NPJ_sample4	B	Mural
wang_style_cellcell_intra	M06	M02	True	True	PASS	NPJ_sample4	NPJ__UNVERIFIED	NPJ__UNVERIFIED	NA	NPJ_sample4	Endothelial	Mural
wang_style_cellcell_intra	M06	M03	True	True	PASS	NPJ_sample4	NPJ__UNVERIFIED	NPJ__UNVERIFIED	NA	NPJ_sample4	Epithelial	Mural
wang_style_cellcell_intra	M06	M04	True	True	PASS	NPJ_sample4	NPJ__UNVERIFIED	NPJ__UNVERIFIED	NA	NPJ_sample4	Fibroblast	Mural
wang_style_cellcell_intra	M06	M05	True	True	PASS	NPJ_sample4	NPJ__UNVERIFIED	NPJ__UNVERIFIED	NA	NPJ_sample4	Mast	Mural
wang_style_cellcell_intra	M06	M07	True	True	PASS	NPJ_sample4	NPJ__UNVERIFIED	NPJ__UNVERIFIED	NA	NPJ_sample4	Myeloid	Mural
wang_style_cellcell_intra	M06	M08	True	True	PASS	NPJ_sample4	NPJ__UNVERIFIED	NPJ__UNVERIFIED	NA	NPJ_sample4	Plasma	Mural
wang_style_cellcell_intra	M06	M09	True	True	PASS	NPJ_sample4	NPJ__UNVERIFIED	NPJ__UNVERIFIED	NA	NPJ_sample4	T_NK	Mural
wang_style_cellcell_intra	M07	M01	True	True	PASS	NPJ_sample4	NPJ__UNVERIFIED	NPJ__UNVERIFIED	NA	NPJ_sample4	B	Myeloid
wang_style_cellcell_intra	M07	M02	True	True	PASS	NPJ_sample4	NPJ__UNVERIFIED	NPJ__UNVERIFIED	NA	NPJ_sample4	Endothelial	Myeloid
wang_style_cellcell_intra	M07	M03	True	True	PASS	NPJ_sample4	NPJ__UNVERIFIED	NPJ__UNVERIFIED	NA	NPJ_sample4	Epithelial	Myeloid
wang_style_cellcell_intra	M07	M04	True	True	PASS	NPJ_sample4	NPJ__UNVERIFIED	NPJ__UNVERIFIED	NA	NPJ_sample4	Fibroblast	Myeloid
wang_style_cellcell_intra	M07	M05	True	True	PASS	NPJ_sample4	NPJ__UNVERIFIED	NPJ__UNVERIFIED	NA	NPJ_sample4	Mast	Myeloid
wang_style_cellcell_intra	M07	M06	True	True	PASS	NPJ_sample4	NPJ__UNVERIFIED	NPJ__UNVERIFIED	NA	NPJ_sample4	Mural	Myeloid
wang_style_cellcell_intra	M07	M08	True	True	PASS	NPJ_sample4	NPJ__UNVERIFIED	NPJ__UNVERIFIED	NA	NPJ_sample4	Plasma	Myeloid
wang_style_cellcell_intra	M07	M09	True	True	PASS	NPJ_sample4	NPJ__UNVERIFIED	NPJ__UNVERIFIED	NA	NPJ_sample4	T_NK	Myeloid
wang_style_cellcell_intra	M08	M01	True	True	PASS	NPJ_sample4	NPJ__UNVERIFIED	NPJ__UNVERIFIED	NA	NPJ_sample4	B	Plasma
wang_style_cellcell_intra	M08	M02	True	True	PASS	NPJ_sample4	NPJ__UNVERIFIED	NPJ__UNVERIFIED	NA	NPJ_sample4	Endothelial	Plasma
wang_style_cellcell_intra	M08	M03	True	True	PASS	NPJ_sample4	NPJ__UNVERIFIED	NPJ__UNVERIFIED	NA	NPJ_sample4	Epithelial	Plasma
wang_style_cellcell_intra	M08	M04	True	True	PASS	NPJ_sample4	NPJ__UNVERIFIED	NPJ__UNVERIFIED	NA	NPJ_sample4	Fibroblast	Plasma
wang_style_cellcell_intra	M08	M05	True	True	PASS	NPJ_sample4	NPJ__UNVERIFIED	NPJ__UNVERIFIED	NA	NPJ_sample4	Mast	Plasma
wang_style_cellcell_intra	M08	M06	True	True	PASS	NPJ_sample4	NPJ__UNVERIFIED	NPJ__UNVERIFIED	NA	NPJ_sample4	Mural	Plasma
wang_style_cellcell_intra	M08	M07	True	True	PASS	NPJ_sample4	NPJ__UNVERIFIED	NPJ__UNVERIFIED	NA	NPJ_sample4	Myeloid	Plasma
wang_style_cellcell_intra	M08	M09	True	True	PASS	NPJ_sample4	NPJ__UNVERIFIED	NPJ__UNVERIFIED	NA	NPJ_sample4	T_NK	Plasma
wang_style_cellcell_intra	M09	M01	True	True	PASS	NPJ_sample4	NPJ__UNVERIFIED	NPJ__UNVERIFIED	NA	NPJ_sample4	B	T_NK
wang_style_cellcell_intra	M09	M02	True	True	PASS	NPJ_sample4	NPJ__UNVERIFIED	NPJ__UNVERIFIED	NA	NPJ_sample4	Endothelial	T_NK
wang_style_cellcell_intra	M09	M03	True	True	PASS	NPJ_sample4	NPJ__UNVERIFIED	NPJ__UNVERIFIED	NA	NPJ_sample4	Epithelial	T_NK
wang_style_cellcell_intra	M09	M04	True	True	PASS	NPJ_sample4	NPJ__UNVERIFIED	NPJ__UNVERIFIED	NA	NPJ_sample4	Fibroblast	T_NK
wang_style_cellcell_intra	M09	M05	True	True	PASS	NPJ_sample4	NPJ__UNVERIFIED	NPJ__UNVERIFIED	NA	NPJ_sample4	Mast	T_NK
wang_style_cellcell_intra	M09	M06	True	True	PASS	NPJ_sample4	NPJ__UNVERIFIED	NPJ__UNVERIFIED	NA	NPJ_sample4	Mural	T_NK
wang_style_cellcell_intra	M09	M07	True	True	PASS	NPJ_sample4	NPJ__UNVERIFIED	NPJ__UNVERIFIED	NA	NPJ_sample4	Myeloid	T_NK
wang_style_cellcell_intra	M09	M08	True	True	PASS	NPJ_sample4	NPJ__UNVERIFIED	NPJ__UNVERIFIED	NA	NPJ_sample4	Plasma	T_NK
mp10_technical_baseline	MP10	epi_fraction_gate	True	True	PASS	NPJ_sample4	NPJ__UNVERIFIED	NPJ__UNVERIFIED	NA	NPJ_sample4	historical c2l mean fraction	EpiMP10 raw Top20 AUCell
mp10_technical_baseline	MP10	log1p_nCount	True	True	PASS	NPJ_sample4	NPJ__UNVERIFIED	NPJ__UNVERIFIED	NA	NPJ_sample4	raw X row sum over all frozen features	EpiMP10 raw Top20 AUCell
mp10_target_extension	MP10	epi_fraction_gate	True	True	PASS	NPJ_sample4	NPJ__UNVERIFIED	NPJ__UNVERIFIED	NA	NPJ_sample4	historical c2l mean fraction	EpiMP10 raw Top20 AUCell
mp10_target_extension	MP10	log1p_nCount	True	True	PASS	NPJ_sample4	NPJ__UNVERIFIED	NPJ__UNVERIFIED	NA	NPJ_sample4	raw X row sum over all frozen features	EpiMP10 raw Top20 AUCell
mp10_target_extension	MP10	F01	True	True	PASS	NPJ_sample4	NPJ__UNVERIFIED	NPJ__UNVERIFIED	NA	NPJ_sample4	Arterial EC	EpiMP10 raw Top20 AUCell
mp10_target_extension	MP10	F02	True	True	PASS	NPJ_sample4	NPJ__UNVERIFIED	NPJ__UNVERIFIED	NA	NPJ_sample4	C1QC TAM	EpiMP10 raw Top20 AUCell
mp10_target_extension	MP10	F03	True	True	PASS	NPJ_sample4	NPJ__UNVERIFIED	NPJ__UNVERIFIED	NA	NPJ_sample4	CD4 Helper/Conventional	EpiMP10 raw Top20 AUCell
mp10_target_extension	MP10	F04	True	True	PASS	NPJ_sample4	NPJ__UNVERIFIED	NPJ__UNVERIFIED	NA	NPJ_sample4	CD4 Naive/Memory-like	EpiMP10 raw Top20 AUCell
mp10_target_extension	MP10	F05	True	True	PASS	NPJ_sample4	NPJ__UNVERIFIED	NPJ__UNVERIFIED	NA	NPJ_sample4	CD8 Exhausted	EpiMP10 raw Top20 AUCell
mp10_target_extension	MP10	F06	True	True	PASS	NPJ_sample4	NPJ__UNVERIFIED	NPJ__UNVERIFIED	NA	NPJ_sample4	CD8 GZMK/Effector-memory-like	EpiMP10 raw Top20 AUCell
mp10_target_extension	MP10	F07	True	True	PASS	NPJ_sample4	NPJ__UNVERIFIED	NPJ__UNVERIFIED	NA	NPJ_sample4	Capillary EC	EpiMP10 raw Top20 AUCell
mp10_target_extension	MP10	F08	True	True	PASS	NPJ_sample4	NPJ__UNVERIFIED	NPJ__UNVERIFIED	NA	NPJ_sample4	Classical Mono	EpiMP10 raw Top20 AUCell
mp10_target_extension	MP10	F10	True	True	PASS	NPJ_sample4	NPJ__UNVERIFIED	NPJ__UNVERIFIED	NA	NPJ_sample4	GC B	EpiMP10 raw Top20 AUCell
mp10_target_extension	MP10	F11	True	True	PASS	NPJ_sample4	NPJ__UNVERIFIED	NPJ__UNVERIFIED	NA	NPJ_sample4	LAMP3 DC	EpiMP10 raw Top20 AUCell
mp10_target_extension	MP10	F12	True	True	PASS	NPJ_sample4	NPJ__UNVERIFIED	NPJ__UNVERIFIED	NA	NPJ_sample4	Lymphatic EC	EpiMP10 raw Top20 AUCell
mp10_target_extension	MP10	F13	True	True	PASS	NPJ_sample4	NPJ__UNVERIFIED	NPJ__UNVERIFIED	NA	NPJ_sample4	Mast	EpiMP10 raw Top20 AUCell
mp10_target_extension	MP10	F14	True	True	PASS	NPJ_sample4	NPJ__UNVERIFIED	NPJ__UNVERIFIED	NA	NPJ_sample4	Matrix_CAF	EpiMP10 raw Top20 AUCell
mp10_target_extension	MP10	F15	True	True	PASS	NPJ_sample4	NPJ__UNVERIFIED	NPJ__UNVERIFIED	NA	NPJ_sample4	NK	EpiMP10 raw Top20 AUCell
mp10_target_extension	MP10	F16	True	True	PASS	NPJ_sample4	NPJ__UNVERIFIED	NPJ__UNVERIFIED	NA	NPJ_sample4	Naive/Memory B	EpiMP10 raw Top20 AUCell
mp10_target_extension	MP10	F17	True	True	PASS	NPJ_sample4	NPJ__UNVERIFIED	NPJ__UNVERIFIED	NA	NPJ_sample4	Neutrophil	EpiMP10 raw Top20 AUCell
mp10_target_extension	MP10	F18	True	True	PASS	NPJ_sample4	NPJ__UNVERIFIED	NPJ__UNVERIFIED	NA	NPJ_sample4	Pericyte	EpiMP10 raw Top20 AUCell
mp10_target_extension	MP10	F19	True	True	PASS	NPJ_sample4	NPJ__UNVERIFIED	NPJ__UNVERIFIED	NA	NPJ_sample4	Plasma	EpiMP10 raw Top20 AUCell
mp10_target_extension	MP10	F20	True	True	PASS	NPJ_sample4	NPJ__UNVERIFIED	NPJ__UNVERIFIED	NA	NPJ_sample4	SMC	EpiMP10 raw Top20 AUCell
mp10_target_extension	MP10	F21	True	True	PASS	NPJ_sample4	NPJ__UNVERIFIED	NPJ__UNVERIFIED	NA	NPJ_sample4	SPP1 TAM	EpiMP10 raw Top20 AUCell
mp10_target_extension	MP10	F22	True	True	PASS	NPJ_sample4	NPJ__UNVERIFIED	NPJ__UNVERIFIED	NA	NPJ_sample4	Tfh/CXCL13-like	EpiMP10 raw Top20 AUCell
mp10_target_extension	MP10	F23	True	True	PASS	NPJ_sample4	NPJ__UNVERIFIED	NPJ__UNVERIFIED	NA	NPJ_sample4	Treg	EpiMP10 raw Top20 AUCell
mp10_target_extension	MP10	F24	True	True	PASS	NPJ_sample4	NPJ__UNVERIFIED	NPJ__UNVERIFIED	NA	NPJ_sample4	Venous EC	EpiMP10 raw Top20 AUCell
mp10_target_extension	MP10	F25	True	True	PASS	NPJ_sample4	NPJ__UNVERIFIED	NPJ__UNVERIFIED	NA	NPJ_sample4	cDC1	EpiMP10 raw Top20 AUCell
mp10_target_extension	MP10	F26	True	True	PASS	NPJ_sample4	NPJ__UNVERIFIED	NPJ__UNVERIFIED	NA	NPJ_sample4	cDC2	EpiMP10 raw Top20 AUCell
mp10_target_extension	MP10	F27	True	True	PASS	NPJ_sample4	NPJ__UNVERIFIED	NPJ__UNVERIFIED	NA	NPJ_sample4	iCAF	EpiMP10 raw Top20 AUCell
mp10_target_extension	MP10	F28	True	True	PASS	NPJ_sample4	NPJ__UNVERIFIED	NPJ__UNVERIFIED	NA	NPJ_sample4	pDC	EpiMP10 raw Top20 AUCell
mp10_target_extension	MP10	F29	True	True	PASS	NPJ_sample4	NPJ__UNVERIFIED	NPJ__UNVERIFIED	NA	NPJ_sample4	rCAF	EpiMP10 raw Top20 AUCell
mp10_target_extension	MP10	F30	True	True	PASS	NPJ_sample4	NPJ__UNVERIFIED	NPJ__UNVERIFIED	NA	NPJ_sample4	vCAF	EpiMP10 raw Top20 AUCell
wang_style_cellcell_intra	M01	M02	True	True	PASS	NPJ_sample5	NPJ__UNVERIFIED	NPJ__UNVERIFIED	NA	NPJ_sample5	Endothelial	B
wang_style_cellcell_intra	M01	M03	True	True	PASS	NPJ_sample5	NPJ__UNVERIFIED	NPJ__UNVERIFIED	NA	NPJ_sample5	Epithelial	B
wang_style_cellcell_intra	M01	M04	True	True	PASS	NPJ_sample5	NPJ__UNVERIFIED	NPJ__UNVERIFIED	NA	NPJ_sample5	Fibroblast	B
wang_style_cellcell_intra	M01	M05	True	True	PASS	NPJ_sample5	NPJ__UNVERIFIED	NPJ__UNVERIFIED	NA	NPJ_sample5	Mast	B
wang_style_cellcell_intra	M01	M06	True	True	PASS	NPJ_sample5	NPJ__UNVERIFIED	NPJ__UNVERIFIED	NA	NPJ_sample5	Mural	B
wang_style_cellcell_intra	M01	M07	True	True	PASS	NPJ_sample5	NPJ__UNVERIFIED	NPJ__UNVERIFIED	NA	NPJ_sample5	Myeloid	B
wang_style_cellcell_intra	M01	M08	True	True	PASS	NPJ_sample5	NPJ__UNVERIFIED	NPJ__UNVERIFIED	NA	NPJ_sample5	Plasma	B
wang_style_cellcell_intra	M01	M09	True	True	PASS	NPJ_sample5	NPJ__UNVERIFIED	NPJ__UNVERIFIED	NA	NPJ_sample5	T_NK	B
wang_style_cellcell_intra	M02	M01	True	True	PASS	NPJ_sample5	NPJ__UNVERIFIED	NPJ__UNVERIFIED	NA	NPJ_sample5	B	Endothelial
wang_style_cellcell_intra	M02	M03	True	True	PASS	NPJ_sample5	NPJ__UNVERIFIED	NPJ__UNVERIFIED	NA	NPJ_sample5	Epithelial	Endothelial
wang_style_cellcell_intra	M02	M04	True	True	PASS	NPJ_sample5	NPJ__UNVERIFIED	NPJ__UNVERIFIED	NA	NPJ_sample5	Fibroblast	Endothelial
wang_style_cellcell_intra	M02	M05	True	True	PASS	NPJ_sample5	NPJ__UNVERIFIED	NPJ__UNVERIFIED	NA	NPJ_sample5	Mast	Endothelial
wang_style_cellcell_intra	M02	M06	True	True	PASS	NPJ_sample5	NPJ__UNVERIFIED	NPJ__UNVERIFIED	NA	NPJ_sample5	Mural	Endothelial
wang_style_cellcell_intra	M02	M07	True	True	PASS	NPJ_sample5	NPJ__UNVERIFIED	NPJ__UNVERIFIED	NA	NPJ_sample5	Myeloid	Endothelial
wang_style_cellcell_intra	M02	M08	True	True	PASS	NPJ_sample5	NPJ__UNVERIFIED	NPJ__UNVERIFIED	NA	NPJ_sample5	Plasma	Endothelial
wang_style_cellcell_intra	M02	M09	True	True	PASS	NPJ_sample5	NPJ__UNVERIFIED	NPJ__UNVERIFIED	NA	NPJ_sample5	T_NK	Endothelial
wang_style_cellcell_intra	M03	M01	True	True	PASS	NPJ_sample5	NPJ__UNVERIFIED	NPJ__UNVERIFIED	NA	NPJ_sample5	B	Epithelial
wang_style_cellcell_intra	M03	M02	True	True	PASS	NPJ_sample5	NPJ__UNVERIFIED	NPJ__UNVERIFIED	NA	NPJ_sample5	Endothelial	Epithelial
wang_style_cellcell_intra	M03	M04	True	True	PASS	NPJ_sample5	NPJ__UNVERIFIED	NPJ__UNVERIFIED	NA	NPJ_sample5	Fibroblast	Epithelial
wang_style_cellcell_intra	M03	M05	True	True	PASS	NPJ_sample5	NPJ__UNVERIFIED	NPJ__UNVERIFIED	NA	NPJ_sample5	Mast	Epithelial
wang_style_cellcell_intra	M03	M06	True	True	PASS	NPJ_sample5	NPJ__UNVERIFIED	NPJ__UNVERIFIED	NA	NPJ_sample5	Mural	Epithelial
wang_style_cellcell_intra	M03	M07	True	True	PASS	NPJ_sample5	NPJ__UNVERIFIED	NPJ__UNVERIFIED	NA	NPJ_sample5	Myeloid	Epithelial
wang_style_cellcell_intra	M03	M08	True	True	PASS	NPJ_sample5	NPJ__UNVERIFIED	NPJ__UNVERIFIED	NA	NPJ_sample5	Plasma	Epithelial
wang_style_cellcell_intra	M03	M09	True	True	PASS	NPJ_sample5	NPJ__UNVERIFIED	NPJ__UNVERIFIED	NA	NPJ_sample5	T_NK	Epithelial
wang_style_cellcell_intra	M04	M01	True	True	PASS	NPJ_sample5	NPJ__UNVERIFIED	NPJ__UNVERIFIED	NA	NPJ_sample5	B	Fibroblast
wang_style_cellcell_intra	M04	M02	True	True	PASS	NPJ_sample5	NPJ__UNVERIFIED	NPJ__UNVERIFIED	NA	NPJ_sample5	Endothelial	Fibroblast
wang_style_cellcell_intra	M04	M03	True	True	PASS	NPJ_sample5	NPJ__UNVERIFIED	NPJ__UNVERIFIED	NA	NPJ_sample5	Epithelial	Fibroblast
wang_style_cellcell_intra	M04	M05	True	True	PASS	NPJ_sample5	NPJ__UNVERIFIED	NPJ__UNVERIFIED	NA	NPJ_sample5	Mast	Fibroblast
wang_style_cellcell_intra	M04	M06	True	True	PASS	NPJ_sample5	NPJ__UNVERIFIED	NPJ__UNVERIFIED	NA	NPJ_sample5	Mural	Fibroblast
wang_style_cellcell_intra	M04	M07	True	True	PASS	NPJ_sample5	NPJ__UNVERIFIED	NPJ__UNVERIFIED	NA	NPJ_sample5	Myeloid	Fibroblast
wang_style_cellcell_intra	M04	M08	True	True	PASS	NPJ_sample5	NPJ__UNVERIFIED	NPJ__UNVERIFIED	NA	NPJ_sample5	Plasma	Fibroblast
wang_style_cellcell_intra	M04	M09	True	True	PASS	NPJ_sample5	NPJ__UNVERIFIED	NPJ__UNVERIFIED	NA	NPJ_sample5	T_NK	Fibroblast
wang_style_cellcell_intra	M05	M01	True	True	PASS	NPJ_sample5	NPJ__UNVERIFIED	NPJ__UNVERIFIED	NA	NPJ_sample5	B	Mast
wang_style_cellcell_intra	M05	M02	True	True	PASS	NPJ_sample5	NPJ__UNVERIFIED	NPJ__UNVERIFIED	NA	NPJ_sample5	Endothelial	Mast
wang_style_cellcell_intra	M05	M03	True	True	PASS	NPJ_sample5	NPJ__UNVERIFIED	NPJ__UNVERIFIED	NA	NPJ_sample5	Epithelial	Mast
wang_style_cellcell_intra	M05	M04	True	True	PASS	NPJ_sample5	NPJ__UNVERIFIED	NPJ__UNVERIFIED	NA	NPJ_sample5	Fibroblast	Mast
wang_style_cellcell_intra	M05	M06	True	True	PASS	NPJ_sample5	NPJ__UNVERIFIED	NPJ__UNVERIFIED	NA	NPJ_sample5	Mural	Mast
wang_style_cellcell_intra	M05	M07	True	True	PASS	NPJ_sample5	NPJ__UNVERIFIED	NPJ__UNVERIFIED	NA	NPJ_sample5	Myeloid	Mast
wang_style_cellcell_intra	M05	M08	True	True	PASS	NPJ_sample5	NPJ__UNVERIFIED	NPJ__UNVERIFIED	NA	NPJ_sample5	Plasma	Mast
wang_style_cellcell_intra	M05	M09	True	True	PASS	NPJ_sample5	NPJ__UNVERIFIED	NPJ__UNVERIFIED	NA	NPJ_sample5	T_NK	Mast
wang_style_cellcell_intra	M06	M01	True	True	PASS	NPJ_sample5	NPJ__UNVERIFIED	NPJ__UNVERIFIED	NA	NPJ_sample5	B	Mural
wang_style_cellcell_intra	M06	M02	True	True	PASS	NPJ_sample5	NPJ__UNVERIFIED	NPJ__UNVERIFIED	NA	NPJ_sample5	Endothelial	Mural
wang_style_cellcell_intra	M06	M03	True	True	PASS	NPJ_sample5	NPJ__UNVERIFIED	NPJ__UNVERIFIED	NA	NPJ_sample5	Epithelial	Mural
wang_style_cellcell_intra	M06	M04	True	True	PASS	NPJ_sample5	NPJ__UNVERIFIED	NPJ__UNVERIFIED	NA	NPJ_sample5	Fibroblast	Mural
wang_style_cellcell_intra	M06	M05	True	True	PASS	NPJ_sample5	NPJ__UNVERIFIED	NPJ__UNVERIFIED	NA	NPJ_sample5	Mast	Mural
wang_style_cellcell_intra	M06	M07	True	True	PASS	NPJ_sample5	NPJ__UNVERIFIED	NPJ__UNVERIFIED	NA	NPJ_sample5	Myeloid	Mural
wang_style_cellcell_intra	M06	M08	True	True	PASS	NPJ_sample5	NPJ__UNVERIFIED	NPJ__UNVERIFIED	NA	NPJ_sample5	Plasma	Mural
wang_style_cellcell_intra	M06	M09	True	True	PASS	NPJ_sample5	NPJ__UNVERIFIED	NPJ__UNVERIFIED	NA	NPJ_sample5	T_NK	Mural
wang_style_cellcell_intra	M07	M01	True	True	PASS	NPJ_sample5	NPJ__UNVERIFIED	NPJ__UNVERIFIED	NA	NPJ_sample5	B	Myeloid
wang_style_cellcell_intra	M07	M02	True	True	PASS	NPJ_sample5	NPJ__UNVERIFIED	NPJ__UNVERIFIED	NA	NPJ_sample5	Endothelial	Myeloid
wang_style_cellcell_intra	M07	M03	True	True	PASS	NPJ_sample5	NPJ__UNVERIFIED	NPJ__UNVERIFIED	NA	NPJ_sample5	Epithelial	Myeloid
wang_style_cellcell_intra	M07	M04	True	True	PASS	NPJ_sample5	NPJ__UNVERIFIED	NPJ__UNVERIFIED	NA	NPJ_sample5	Fibroblast	Myeloid
wang_style_cellcell_intra	M07	M05	True	True	PASS	NPJ_sample5	NPJ__UNVERIFIED	NPJ__UNVERIFIED	NA	NPJ_sample5	Mast	Myeloid
wang_style_cellcell_intra	M07	M06	True	True	PASS	NPJ_sample5	NPJ__UNVERIFIED	NPJ__UNVERIFIED	NA	NPJ_sample5	Mural	Myeloid
wang_style_cellcell_intra	M07	M08	True	True	PASS	NPJ_sample5	NPJ__UNVERIFIED	NPJ__UNVERIFIED	NA	NPJ_sample5	Plasma	Myeloid
wang_style_cellcell_intra	M07	M09	True	True	PASS	NPJ_sample5	NPJ__UNVERIFIED	NPJ__UNVERIFIED	NA	NPJ_sample5	T_NK	Myeloid
wang_style_cellcell_intra	M08	M01	True	True	PASS	NPJ_sample5	NPJ__UNVERIFIED	NPJ__UNVERIFIED	NA	NPJ_sample5	B	Plasma
wang_style_cellcell_intra	M08	M02	True	True	PASS	NPJ_sample5	NPJ__UNVERIFIED	NPJ__UNVERIFIED	NA	NPJ_sample5	Endothelial	Plasma
wang_style_cellcell_intra	M08	M03	True	True	PASS	NPJ_sample5	NPJ__UNVERIFIED	NPJ__UNVERIFIED	NA	NPJ_sample5	Epithelial	Plasma
wang_style_cellcell_intra	M08	M04	True	True	PASS	NPJ_sample5	NPJ__UNVERIFIED	NPJ__UNVERIFIED	NA	NPJ_sample5	Fibroblast	Plasma
wang_style_cellcell_intra	M08	M05	True	True	PASS	NPJ_sample5	NPJ__UNVERIFIED	NPJ__UNVERIFIED	NA	NPJ_sample5	Mast	Plasma
wang_style_cellcell_intra	M08	M06	True	True	PASS	NPJ_sample5	NPJ__UNVERIFIED	NPJ__UNVERIFIED	NA	NPJ_sample5	Mural	Plasma
wang_style_cellcell_intra	M08	M07	True	True	PASS	NPJ_sample5	NPJ__UNVERIFIED	NPJ__UNVERIFIED	NA	NPJ_sample5	Myeloid	Plasma
wang_style_cellcell_intra	M08	M09	True	True	PASS	NPJ_sample5	NPJ__UNVERIFIED	NPJ__UNVERIFIED	NA	NPJ_sample5	T_NK	Plasma
wang_style_cellcell_intra	M09	M01	True	True	PASS	NPJ_sample5	NPJ__UNVERIFIED	NPJ__UNVERIFIED	NA	NPJ_sample5	B	T_NK
wang_style_cellcell_intra	M09	M02	True	True	PASS	NPJ_sample5	NPJ__UNVERIFIED	NPJ__UNVERIFIED	NA	NPJ_sample5	Endothelial	T_NK
wang_style_cellcell_intra	M09	M03	True	True	PASS	NPJ_sample5	NPJ__UNVERIFIED	NPJ__UNVERIFIED	NA	NPJ_sample5	Epithelial	T_NK
wang_style_cellcell_intra	M09	M04	True	True	PASS	NPJ_sample5	NPJ__UNVERIFIED	NPJ__UNVERIFIED	NA	NPJ_sample5	Fibroblast	T_NK
wang_style_cellcell_intra	M09	M05	True	True	PASS	NPJ_sample5	NPJ__UNVERIFIED	NPJ__UNVERIFIED	NA	NPJ_sample5	Mast	T_NK
wang_style_cellcell_intra	M09	M06	True	True	PASS	NPJ_sample5	NPJ__UNVERIFIED	NPJ__UNVERIFIED	NA	NPJ_sample5	Mural	T_NK
wang_style_cellcell_intra	M09	M07	True	True	PASS	NPJ_sample5	NPJ__UNVERIFIED	NPJ__UNVERIFIED	NA	NPJ_sample5	Myeloid	T_NK
wang_style_cellcell_intra	M09	M08	True	True	PASS	NPJ_sample5	NPJ__UNVERIFIED	NPJ__UNVERIFIED	NA	NPJ_sample5	Plasma	T_NK
mp10_technical_baseline	MP10	epi_fraction_gate	True	True	PASS	NPJ_sample5	NPJ__UNVERIFIED	NPJ__UNVERIFIED	NA	NPJ_sample5	historical c2l mean fraction	EpiMP10 raw Top20 AUCell
mp10_technical_baseline	MP10	log1p_nCount	True	True	PASS	NPJ_sample5	NPJ__UNVERIFIED	NPJ__UNVERIFIED	NA	NPJ_sample5	raw X row sum over all frozen features	EpiMP10 raw Top20 AUCell
mp10_target_extension	MP10	epi_fraction_gate	True	True	PASS	NPJ_sample5	NPJ__UNVERIFIED	NPJ__UNVERIFIED	NA	NPJ_sample5	historical c2l mean fraction	EpiMP10 raw Top20 AUCell
mp10_target_extension	MP10	log1p_nCount	True	True	PASS	NPJ_sample5	NPJ__UNVERIFIED	NPJ__UNVERIFIED	NA	NPJ_sample5	raw X row sum over all frozen features	EpiMP10 raw Top20 AUCell
mp10_target_extension	MP10	F01	True	True	PASS	NPJ_sample5	NPJ__UNVERIFIED	NPJ__UNVERIFIED	NA	NPJ_sample5	Arterial EC	EpiMP10 raw Top20 AUCell
mp10_target_extension	MP10	F02	True	True	PASS	NPJ_sample5	NPJ__UNVERIFIED	NPJ__UNVERIFIED	NA	NPJ_sample5	C1QC TAM	EpiMP10 raw Top20 AUCell
mp10_target_extension	MP10	F03	True	True	PASS	NPJ_sample5	NPJ__UNVERIFIED	NPJ__UNVERIFIED	NA	NPJ_sample5	CD4 Helper/Conventional	EpiMP10 raw Top20 AUCell
mp10_target_extension	MP10	F04	True	True	PASS	NPJ_sample5	NPJ__UNVERIFIED	NPJ__UNVERIFIED	NA	NPJ_sample5	CD4 Naive/Memory-like	EpiMP10 raw Top20 AUCell
mp10_target_extension	MP10	F05	True	True	PASS	NPJ_sample5	NPJ__UNVERIFIED	NPJ__UNVERIFIED	NA	NPJ_sample5	CD8 Exhausted	EpiMP10 raw Top20 AUCell
mp10_target_extension	MP10	F06	True	True	PASS	NPJ_sample5	NPJ__UNVERIFIED	NPJ__UNVERIFIED	NA	NPJ_sample5	CD8 GZMK/Effector-memory-like	EpiMP10 raw Top20 AUCell
mp10_target_extension	MP10	F07	True	True	PASS	NPJ_sample5	NPJ__UNVERIFIED	NPJ__UNVERIFIED	NA	NPJ_sample5	Capillary EC	EpiMP10 raw Top20 AUCell
mp10_target_extension	MP10	F08	True	True	PASS	NPJ_sample5	NPJ__UNVERIFIED	NPJ__UNVERIFIED	NA	NPJ_sample5	Classical Mono	EpiMP10 raw Top20 AUCell
mp10_target_extension	MP10	F10	True	True	PASS	NPJ_sample5	NPJ__UNVERIFIED	NPJ__UNVERIFIED	NA	NPJ_sample5	GC B	EpiMP10 raw Top20 AUCell
mp10_target_extension	MP10	F11	True	True	PASS	NPJ_sample5	NPJ__UNVERIFIED	NPJ__UNVERIFIED	NA	NPJ_sample5	LAMP3 DC	EpiMP10 raw Top20 AUCell
mp10_target_extension	MP10	F12	True	True	PASS	NPJ_sample5	NPJ__UNVERIFIED	NPJ__UNVERIFIED	NA	NPJ_sample5	Lymphatic EC	EpiMP10 raw Top20 AUCell
mp10_target_extension	MP10	F13	True	True	PASS	NPJ_sample5	NPJ__UNVERIFIED	NPJ__UNVERIFIED	NA	NPJ_sample5	Mast	EpiMP10 raw Top20 AUCell
mp10_target_extension	MP10	F14	True	True	PASS	NPJ_sample5	NPJ__UNVERIFIED	NPJ__UNVERIFIED	NA	NPJ_sample5	Matrix_CAF	EpiMP10 raw Top20 AUCell
mp10_target_extension	MP10	F15	True	True	PASS	NPJ_sample5	NPJ__UNVERIFIED	NPJ__UNVERIFIED	NA	NPJ_sample5	NK	EpiMP10 raw Top20 AUCell
mp10_target_extension	MP10	F16	True	True	PASS	NPJ_sample5	NPJ__UNVERIFIED	NPJ__UNVERIFIED	NA	NPJ_sample5	Naive/Memory B	EpiMP10 raw Top20 AUCell
mp10_target_extension	MP10	F17	True	True	PASS	NPJ_sample5	NPJ__UNVERIFIED	NPJ__UNVERIFIED	NA	NPJ_sample5	Neutrophil	EpiMP10 raw Top20 AUCell
mp10_target_extension	MP10	F18	True	True	PASS	NPJ_sample5	NPJ__UNVERIFIED	NPJ__UNVERIFIED	NA	NPJ_sample5	Pericyte	EpiMP10 raw Top20 AUCell
mp10_target_extension	MP10	F19	True	True	PASS	NPJ_sample5	NPJ__UNVERIFIED	NPJ__UNVERIFIED	NA	NPJ_sample5	Plasma	EpiMP10 raw Top20 AUCell
mp10_target_extension	MP10	F20	True	True	PASS	NPJ_sample5	NPJ__UNVERIFIED	NPJ__UNVERIFIED	NA	NPJ_sample5	SMC	EpiMP10 raw Top20 AUCell
mp10_target_extension	MP10	F21	True	True	PASS	NPJ_sample5	NPJ__UNVERIFIED	NPJ__UNVERIFIED	NA	NPJ_sample5	SPP1 TAM	EpiMP10 raw Top20 AUCell
mp10_target_extension	MP10	F22	True	True	PASS	NPJ_sample5	NPJ__UNVERIFIED	NPJ__UNVERIFIED	NA	NPJ_sample5	Tfh/CXCL13-like	EpiMP10 raw Top20 AUCell
mp10_target_extension	MP10	F23	True	True	PASS	NPJ_sample5	NPJ__UNVERIFIED	NPJ__UNVERIFIED	NA	NPJ_sample5	Treg	EpiMP10 raw Top20 AUCell
mp10_target_extension	MP10	F24	True	True	PASS	NPJ_sample5	NPJ__UNVERIFIED	NPJ__UNVERIFIED	NA	NPJ_sample5	Venous EC	EpiMP10 raw Top20 AUCell
mp10_target_extension	MP10	F25	True	True	PASS	NPJ_sample5	NPJ__UNVERIFIED	NPJ__UNVERIFIED	NA	NPJ_sample5	cDC1	EpiMP10 raw Top20 AUCell
mp10_target_extension	MP10	F26	True	True	PASS	NPJ_sample5	NPJ__UNVERIFIED	NPJ__UNVERIFIED	NA	NPJ_sample5	cDC2	EpiMP10 raw Top20 AUCell
mp10_target_extension	MP10	F27	True	True	PASS	NPJ_sample5	NPJ__UNVERIFIED	NPJ__UNVERIFIED	NA	NPJ_sample5	iCAF	EpiMP10 raw Top20 AUCell
mp10_target_extension	MP10	F28	True	True	PASS	NPJ_sample5	NPJ__UNVERIFIED	NPJ__UNVERIFIED	NA	NPJ_sample5	pDC	EpiMP10 raw Top20 AUCell
mp10_target_extension	MP10	F29	True	True	PASS	NPJ_sample5	NPJ__UNVERIFIED	NPJ__UNVERIFIED	NA	NPJ_sample5	rCAF	EpiMP10 raw Top20 AUCell
mp10_target_extension	MP10	F30	True	True	PASS	NPJ_sample5	NPJ__UNVERIFIED	NPJ__UNVERIFIED	NA	NPJ_sample5	vCAF	EpiMP10 raw Top20 AUCell
wang_style_cellcell_intra	M01	M02	True	True	PASS	NPJ_sample6	NPJ__UNVERIFIED	NPJ__UNVERIFIED	NA	NPJ_sample6	Endothelial	B
wang_style_cellcell_intra	M01	M03	True	True	PASS	NPJ_sample6	NPJ__UNVERIFIED	NPJ__UNVERIFIED	NA	NPJ_sample6	Epithelial	B
wang_style_cellcell_intra	M01	M04	True	True	PASS	NPJ_sample6	NPJ__UNVERIFIED	NPJ__UNVERIFIED	NA	NPJ_sample6	Fibroblast	B
wang_style_cellcell_intra	M01	M05	True	True	PASS	NPJ_sample6	NPJ__UNVERIFIED	NPJ__UNVERIFIED	NA	NPJ_sample6	Mast	B
wang_style_cellcell_intra	M01	M06	True	True	PASS	NPJ_sample6	NPJ__UNVERIFIED	NPJ__UNVERIFIED	NA	NPJ_sample6	Mural	B
wang_style_cellcell_intra	M01	M07	True	True	PASS	NPJ_sample6	NPJ__UNVERIFIED	NPJ__UNVERIFIED	NA	NPJ_sample6	Myeloid	B
wang_style_cellcell_intra	M01	M08	True	True	PASS	NPJ_sample6	NPJ__UNVERIFIED	NPJ__UNVERIFIED	NA	NPJ_sample6	Plasma	B
wang_style_cellcell_intra	M01	M09	True	True	PASS	NPJ_sample6	NPJ__UNVERIFIED	NPJ__UNVERIFIED	NA	NPJ_sample6	T_NK	B
wang_style_cellcell_intra	M02	M01	True	True	PASS	NPJ_sample6	NPJ__UNVERIFIED	NPJ__UNVERIFIED	NA	NPJ_sample6	B	Endothelial
wang_style_cellcell_intra	M02	M03	True	True	PASS	NPJ_sample6	NPJ__UNVERIFIED	NPJ__UNVERIFIED	NA	NPJ_sample6	Epithelial	Endothelial
wang_style_cellcell_intra	M02	M04	True	True	PASS	NPJ_sample6	NPJ__UNVERIFIED	NPJ__UNVERIFIED	NA	NPJ_sample6	Fibroblast	Endothelial
wang_style_cellcell_intra	M02	M05	True	True	PASS	NPJ_sample6	NPJ__UNVERIFIED	NPJ__UNVERIFIED	NA	NPJ_sample6	Mast	Endothelial
wang_style_cellcell_intra	M02	M06	True	True	PASS	NPJ_sample6	NPJ__UNVERIFIED	NPJ__UNVERIFIED	NA	NPJ_sample6	Mural	Endothelial
wang_style_cellcell_intra	M02	M07	True	True	PASS	NPJ_sample6	NPJ__UNVERIFIED	NPJ__UNVERIFIED	NA	NPJ_sample6	Myeloid	Endothelial
wang_style_cellcell_intra	M02	M08	True	True	PASS	NPJ_sample6	NPJ__UNVERIFIED	NPJ__UNVERIFIED	NA	NPJ_sample6	Plasma	Endothelial
wang_style_cellcell_intra	M02	M09	True	True	PASS	NPJ_sample6	NPJ__UNVERIFIED	NPJ__UNVERIFIED	NA	NPJ_sample6	T_NK	Endothelial
wang_style_cellcell_intra	M03	M01	True	True	PASS	NPJ_sample6	NPJ__UNVERIFIED	NPJ__UNVERIFIED	NA	NPJ_sample6	B	Epithelial
wang_style_cellcell_intra	M03	M02	True	True	PASS	NPJ_sample6	NPJ__UNVERIFIED	NPJ__UNVERIFIED	NA	NPJ_sample6	Endothelial	Epithelial
wang_style_cellcell_intra	M03	M04	True	True	PASS	NPJ_sample6	NPJ__UNVERIFIED	NPJ__UNVERIFIED	NA	NPJ_sample6	Fibroblast	Epithelial
wang_style_cellcell_intra	M03	M05	True	True	PASS	NPJ_sample6	NPJ__UNVERIFIED	NPJ__UNVERIFIED	NA	NPJ_sample6	Mast	Epithelial
wang_style_cellcell_intra	M03	M06	True	True	PASS	NPJ_sample6	NPJ__UNVERIFIED	NPJ__UNVERIFIED	NA	NPJ_sample6	Mural	Epithelial
wang_style_cellcell_intra	M03	M07	True	True	PASS	NPJ_sample6	NPJ__UNVERIFIED	NPJ__UNVERIFIED	NA	NPJ_sample6	Myeloid	Epithelial
wang_style_cellcell_intra	M03	M08	True	True	PASS	NPJ_sample6	NPJ__UNVERIFIED	NPJ__UNVERIFIED	NA	NPJ_sample6	Plasma	Epithelial
wang_style_cellcell_intra	M03	M09	True	True	PASS	NPJ_sample6	NPJ__UNVERIFIED	NPJ__UNVERIFIED	NA	NPJ_sample6	T_NK	Epithelial
wang_style_cellcell_intra	M04	M01	True	True	PASS	NPJ_sample6	NPJ__UNVERIFIED	NPJ__UNVERIFIED	NA	NPJ_sample6	B	Fibroblast
wang_style_cellcell_intra	M04	M02	True	True	PASS	NPJ_sample6	NPJ__UNVERIFIED	NPJ__UNVERIFIED	NA	NPJ_sample6	Endothelial	Fibroblast
wang_style_cellcell_intra	M04	M03	True	True	PASS	NPJ_sample6	NPJ__UNVERIFIED	NPJ__UNVERIFIED	NA	NPJ_sample6	Epithelial	Fibroblast
wang_style_cellcell_intra	M04	M05	True	True	PASS	NPJ_sample6	NPJ__UNVERIFIED	NPJ__UNVERIFIED	NA	NPJ_sample6	Mast	Fibroblast
wang_style_cellcell_intra	M04	M06	True	True	PASS	NPJ_sample6	NPJ__UNVERIFIED	NPJ__UNVERIFIED	NA	NPJ_sample6	Mural	Fibroblast
wang_style_cellcell_intra	M04	M07	True	True	PASS	NPJ_sample6	NPJ__UNVERIFIED	NPJ__UNVERIFIED	NA	NPJ_sample6	Myeloid	Fibroblast
wang_style_cellcell_intra	M04	M08	True	True	PASS	NPJ_sample6	NPJ__UNVERIFIED	NPJ__UNVERIFIED	NA	NPJ_sample6	Plasma	Fibroblast
wang_style_cellcell_intra	M04	M09	True	True	PASS	NPJ_sample6	NPJ__UNVERIFIED	NPJ__UNVERIFIED	NA	NPJ_sample6	T_NK	Fibroblast
wang_style_cellcell_intra	M05	M01	True	True	PASS	NPJ_sample6	NPJ__UNVERIFIED	NPJ__UNVERIFIED	NA	NPJ_sample6	B	Mast
wang_style_cellcell_intra	M05	M02	True	True	PASS	NPJ_sample6	NPJ__UNVERIFIED	NPJ__UNVERIFIED	NA	NPJ_sample6	Endothelial	Mast
wang_style_cellcell_intra	M05	M03	True	True	PASS	NPJ_sample6	NPJ__UNVERIFIED	NPJ__UNVERIFIED	NA	NPJ_sample6	Epithelial	Mast
wang_style_cellcell_intra	M05	M04	True	True	PASS	NPJ_sample6	NPJ__UNVERIFIED	NPJ__UNVERIFIED	NA	NPJ_sample6	Fibroblast	Mast
wang_style_cellcell_intra	M05	M06	True	True	PASS	NPJ_sample6	NPJ__UNVERIFIED	NPJ__UNVERIFIED	NA	NPJ_sample6	Mural	Mast
wang_style_cellcell_intra	M05	M07	True	True	PASS	NPJ_sample6	NPJ__UNVERIFIED	NPJ__UNVERIFIED	NA	NPJ_sample6	Myeloid	Mast
wang_style_cellcell_intra	M05	M08	True	True	PASS	NPJ_sample6	NPJ__UNVERIFIED	NPJ__UNVERIFIED	NA	NPJ_sample6	Plasma	Mast
wang_style_cellcell_intra	M05	M09	True	True	PASS	NPJ_sample6	NPJ__UNVERIFIED	NPJ__UNVERIFIED	NA	NPJ_sample6	T_NK	Mast
wang_style_cellcell_intra	M06	M01	True	True	PASS	NPJ_sample6	NPJ__UNVERIFIED	NPJ__UNVERIFIED	NA	NPJ_sample6	B	Mural
wang_style_cellcell_intra	M06	M02	True	True	PASS	NPJ_sample6	NPJ__UNVERIFIED	NPJ__UNVERIFIED	NA	NPJ_sample6	Endothelial	Mural
wang_style_cellcell_intra	M06	M03	True	True	PASS	NPJ_sample6	NPJ__UNVERIFIED	NPJ__UNVERIFIED	NA	NPJ_sample6	Epithelial	Mural
wang_style_cellcell_intra	M06	M04	True	True	PASS	NPJ_sample6	NPJ__UNVERIFIED	NPJ__UNVERIFIED	NA	NPJ_sample6	Fibroblast	Mural
wang_style_cellcell_intra	M06	M05	True	True	PASS	NPJ_sample6	NPJ__UNVERIFIED	NPJ__UNVERIFIED	NA	NPJ_sample6	Mast	Mural
wang_style_cellcell_intra	M06	M07	True	True	PASS	NPJ_sample6	NPJ__UNVERIFIED	NPJ__UNVERIFIED	NA	NPJ_sample6	Myeloid	Mural
wang_style_cellcell_intra	M06	M08	True	True	PASS	NPJ_sample6	NPJ__UNVERIFIED	NPJ__UNVERIFIED	NA	NPJ_sample6	Plasma	Mural
wang_style_cellcell_intra	M06	M09	True	True	PASS	NPJ_sample6	NPJ__UNVERIFIED	NPJ__UNVERIFIED	NA	NPJ_sample6	T_NK	Mural
wang_style_cellcell_intra	M07	M01	True	True	PASS	NPJ_sample6	NPJ__UNVERIFIED	NPJ__UNVERIFIED	NA	NPJ_sample6	B	Myeloid
wang_style_cellcell_intra	M07	M02	True	True	PASS	NPJ_sample6	NPJ__UNVERIFIED	NPJ__UNVERIFIED	NA	NPJ_sample6	Endothelial	Myeloid
wang_style_cellcell_intra	M07	M03	True	True	PASS	NPJ_sample6	NPJ__UNVERIFIED	NPJ__UNVERIFIED	NA	NPJ_sample6	Epithelial	Myeloid
wang_style_cellcell_intra	M07	M04	True	True	PASS	NPJ_sample6	NPJ__UNVERIFIED	NPJ__UNVERIFIED	NA	NPJ_sample6	Fibroblast	Myeloid
wang_style_cellcell_intra	M07	M05	True	True	PASS	NPJ_sample6	NPJ__UNVERIFIED	NPJ__UNVERIFIED	NA	NPJ_sample6	Mast	Myeloid
wang_style_cellcell_intra	M07	M06	True	True	PASS	NPJ_sample6	NPJ__UNVERIFIED	NPJ__UNVERIFIED	NA	NPJ_sample6	Mural	Myeloid
wang_style_cellcell_intra	M07	M08	True	True	PASS	NPJ_sample6	NPJ__UNVERIFIED	NPJ__UNVERIFIED	NA	NPJ_sample6	Plasma	Myeloid
wang_style_cellcell_intra	M07	M09	True	True	PASS	NPJ_sample6	NPJ__UNVERIFIED	NPJ__UNVERIFIED	NA	NPJ_sample6	T_NK	Myeloid
wang_style_cellcell_intra	M08	M01	True	True	PASS	NPJ_sample6	NPJ__UNVERIFIED	NPJ__UNVERIFIED	NA	NPJ_sample6	B	Plasma
wang_style_cellcell_intra	M08	M02	True	True	PASS	NPJ_sample6	NPJ__UNVERIFIED	NPJ__UNVERIFIED	NA	NPJ_sample6	Endothelial	Plasma
wang_style_cellcell_intra	M08	M03	True	True	PASS	NPJ_sample6	NPJ__UNVERIFIED	NPJ__UNVERIFIED	NA	NPJ_sample6	Epithelial	Plasma
wang_style_cellcell_intra	M08	M04	True	True	PASS	NPJ_sample6	NPJ__UNVERIFIED	NPJ__UNVERIFIED	NA	NPJ_sample6	Fibroblast	Plasma
wang_style_cellcell_intra	M08	M05	True	True	PASS	NPJ_sample6	NPJ__UNVERIFIED	NPJ__UNVERIFIED	NA	NPJ_sample6	Mast	Plasma
wang_style_cellcell_intra	M08	M06	True	True	PASS	NPJ_sample6	NPJ__UNVERIFIED	NPJ__UNVERIFIED	NA	NPJ_sample6	Mural	Plasma
wang_style_cellcell_intra	M08	M07	True	True	PASS	NPJ_sample6	NPJ__UNVERIFIED	NPJ__UNVERIFIED	NA	NPJ_sample6	Myeloid	Plasma
wang_style_cellcell_intra	M08	M09	True	True	PASS	NPJ_sample6	NPJ__UNVERIFIED	NPJ__UNVERIFIED	NA	NPJ_sample6	T_NK	Plasma
wang_style_cellcell_intra	M09	M01	True	True	PASS	NPJ_sample6	NPJ__UNVERIFIED	NPJ__UNVERIFIED	NA	NPJ_sample6	B	T_NK
wang_style_cellcell_intra	M09	M02	True	True	PASS	NPJ_sample6	NPJ__UNVERIFIED	NPJ__UNVERIFIED	NA	NPJ_sample6	Endothelial	T_NK
wang_style_cellcell_intra	M09	M03	True	True	PASS	NPJ_sample6	NPJ__UNVERIFIED	NPJ__UNVERIFIED	NA	NPJ_sample6	Epithelial	T_NK
wang_style_cellcell_intra	M09	M04	True	True	PASS	NPJ_sample6	NPJ__UNVERIFIED	NPJ__UNVERIFIED	NA	NPJ_sample6	Fibroblast	T_NK
wang_style_cellcell_intra	M09	M05	True	True	PASS	NPJ_sample6	NPJ__UNVERIFIED	NPJ__UNVERIFIED	NA	NPJ_sample6	Mast	T_NK
wang_style_cellcell_intra	M09	M06	True	True	PASS	NPJ_sample6	NPJ__UNVERIFIED	NPJ__UNVERIFIED	NA	NPJ_sample6	Mural	T_NK
wang_style_cellcell_intra	M09	M07	True	True	PASS	NPJ_sample6	NPJ__UNVERIFIED	NPJ__UNVERIFIED	NA	NPJ_sample6	Myeloid	T_NK
wang_style_cellcell_intra	M09	M08	True	True	PASS	NPJ_sample6	NPJ__UNVERIFIED	NPJ__UNVERIFIED	NA	NPJ_sample6	Plasma	T_NK
mp10_technical_baseline	MP10	epi_fraction_gate	True	True	PASS	NPJ_sample6	NPJ__UNVERIFIED	NPJ__UNVERIFIED	NA	NPJ_sample6	historical c2l mean fraction	EpiMP10 raw Top20 AUCell
mp10_technical_baseline	MP10	log1p_nCount	True	True	PASS	NPJ_sample6	NPJ__UNVERIFIED	NPJ__UNVERIFIED	NA	NPJ_sample6	raw X row sum over all frozen features	EpiMP10 raw Top20 AUCell
mp10_target_extension	MP10	epi_fraction_gate	True	True	PASS	NPJ_sample6	NPJ__UNVERIFIED	NPJ__UNVERIFIED	NA	NPJ_sample6	historical c2l mean fraction	EpiMP10 raw Top20 AUCell
mp10_target_extension	MP10	log1p_nCount	True	True	PASS	NPJ_sample6	NPJ__UNVERIFIED	NPJ__UNVERIFIED	NA	NPJ_sample6	raw X row sum over all frozen features	EpiMP10 raw Top20 AUCell
mp10_target_extension	MP10	F01	True	True	PASS	NPJ_sample6	NPJ__UNVERIFIED	NPJ__UNVERIFIED	NA	NPJ_sample6	Arterial EC	EpiMP10 raw Top20 AUCell
mp10_target_extension	MP10	F02	True	True	PASS	NPJ_sample6	NPJ__UNVERIFIED	NPJ__UNVERIFIED	NA	NPJ_sample6	C1QC TAM	EpiMP10 raw Top20 AUCell
mp10_target_extension	MP10	F03	True	True	PASS	NPJ_sample6	NPJ__UNVERIFIED	NPJ__UNVERIFIED	NA	NPJ_sample6	CD4 Helper/Conventional	EpiMP10 raw Top20 AUCell
mp10_target_extension	MP10	F04	True	True	PASS	NPJ_sample6	NPJ__UNVERIFIED	NPJ__UNVERIFIED	NA	NPJ_sample6	CD4 Naive/Memory-like	EpiMP10 raw Top20 AUCell
mp10_target_extension	MP10	F05	True	True	PASS	NPJ_sample6	NPJ__UNVERIFIED	NPJ__UNVERIFIED	NA	NPJ_sample6	CD8 Exhausted	EpiMP10 raw Top20 AUCell
mp10_target_extension	MP10	F06	True	True	PASS	NPJ_sample6	NPJ__UNVERIFIED	NPJ__UNVERIFIED	NA	NPJ_sample6	CD8 GZMK/Effector-memory-like	EpiMP10 raw Top20 AUCell
mp10_target_extension	MP10	F07	True	True	PASS	NPJ_sample6	NPJ__UNVERIFIED	NPJ__UNVERIFIED	NA	NPJ_sample6	Capillary EC	EpiMP10 raw Top20 AUCell
mp10_target_extension	MP10	F08	True	True	PASS	NPJ_sample6	NPJ__UNVERIFIED	NPJ__UNVERIFIED	NA	NPJ_sample6	Classical Mono	EpiMP10 raw Top20 AUCell
mp10_target_extension	MP10	F10	True	True	PASS	NPJ_sample6	NPJ__UNVERIFIED	NPJ__UNVERIFIED	NA	NPJ_sample6	GC B	EpiMP10 raw Top20 AUCell
mp10_target_extension	MP10	F11	True	True	PASS	NPJ_sample6	NPJ__UNVERIFIED	NPJ__UNVERIFIED	NA	NPJ_sample6	LAMP3 DC	EpiMP10 raw Top20 AUCell
mp10_target_extension	MP10	F12	True	True	PASS	NPJ_sample6	NPJ__UNVERIFIED	NPJ__UNVERIFIED	NA	NPJ_sample6	Lymphatic EC	EpiMP10 raw Top20 AUCell
mp10_target_extension	MP10	F13	True	True	PASS	NPJ_sample6	NPJ__UNVERIFIED	NPJ__UNVERIFIED	NA	NPJ_sample6	Mast	EpiMP10 raw Top20 AUCell
mp10_target_extension	MP10	F14	True	True	PASS	NPJ_sample6	NPJ__UNVERIFIED	NPJ__UNVERIFIED	NA	NPJ_sample6	Matrix_CAF	EpiMP10 raw Top20 AUCell
mp10_target_extension	MP10	F15	True	True	PASS	NPJ_sample6	NPJ__UNVERIFIED	NPJ__UNVERIFIED	NA	NPJ_sample6	NK	EpiMP10 raw Top20 AUCell
mp10_target_extension	MP10	F16	True	True	PASS	NPJ_sample6	NPJ__UNVERIFIED	NPJ__UNVERIFIED	NA	NPJ_sample6	Naive/Memory B	EpiMP10 raw Top20 AUCell
mp10_target_extension	MP10	F17	True	True	PASS	NPJ_sample6	NPJ__UNVERIFIED	NPJ__UNVERIFIED	NA	NPJ_sample6	Neutrophil	EpiMP10 raw Top20 AUCell
mp10_target_extension	MP10	F18	True	True	PASS	NPJ_sample6	NPJ__UNVERIFIED	NPJ__UNVERIFIED	NA	NPJ_sample6	Pericyte	EpiMP10 raw Top20 AUCell
mp10_target_extension	MP10	F19	True	True	PASS	NPJ_sample6	NPJ__UNVERIFIED	NPJ__UNVERIFIED	NA	NPJ_sample6	Plasma	EpiMP10 raw Top20 AUCell
mp10_target_extension	MP10	F20	True	True	PASS	NPJ_sample6	NPJ__UNVERIFIED	NPJ__UNVERIFIED	NA	NPJ_sample6	SMC	EpiMP10 raw Top20 AUCell
mp10_target_extension	MP10	F21	True	True	PASS	NPJ_sample6	NPJ__UNVERIFIED	NPJ__UNVERIFIED	NA	NPJ_sample6	SPP1 TAM	EpiMP10 raw Top20 AUCell
mp10_target_extension	MP10	F22	True	True	PASS	NPJ_sample6	NPJ__UNVERIFIED	NPJ__UNVERIFIED	NA	NPJ_sample6	Tfh/CXCL13-like	EpiMP10 raw Top20 AUCell
mp10_target_extension	MP10	F23	True	True	PASS	NPJ_sample6	NPJ__UNVERIFIED	NPJ__UNVERIFIED	NA	NPJ_sample6	Treg	EpiMP10 raw Top20 AUCell
mp10_target_extension	MP10	F24	True	True	PASS	NPJ_sample6	NPJ__UNVERIFIED	NPJ__UNVERIFIED	NA	NPJ_sample6	Venous EC	EpiMP10 raw Top20 AUCell
mp10_target_extension	MP10	F25	True	True	PASS	NPJ_sample6	NPJ__UNVERIFIED	NPJ__UNVERIFIED	NA	NPJ_sample6	cDC1	EpiMP10 raw Top20 AUCell
mp10_target_extension	MP10	F26	True	True	PASS	NPJ_sample6	NPJ__UNVERIFIED	NPJ__UNVERIFIED	NA	NPJ_sample6	cDC2	EpiMP10 raw Top20 AUCell
mp10_target_extension	MP10	F27	True	True	PASS	NPJ_sample6	NPJ__UNVERIFIED	NPJ__UNVERIFIED	NA	NPJ_sample6	iCAF	EpiMP10 raw Top20 AUCell
mp10_target_extension	MP10	F28	True	True	PASS	NPJ_sample6	NPJ__UNVERIFIED	NPJ__UNVERIFIED	NA	NPJ_sample6	pDC	EpiMP10 raw Top20 AUCell
mp10_target_extension	MP10	F29	True	True	PASS	NPJ_sample6	NPJ__UNVERIFIED	NPJ__UNVERIFIED	NA	NPJ_sample6	rCAF	EpiMP10 raw Top20 AUCell
mp10_target_extension	MP10	F30	True	True	PASS	NPJ_sample6	NPJ__UNVERIFIED	NPJ__UNVERIFIED	NA	NPJ_sample6	vCAF	EpiMP10 raw Top20 AUCell
wang_style_cellcell_intra	M01	M02	True	True	PASS	NPJ_sample7	NPJ__UNVERIFIED	NPJ__UNVERIFIED	NA	NPJ_sample7	Endothelial	B
wang_style_cellcell_intra	M01	M03	True	True	PASS	NPJ_sample7	NPJ__UNVERIFIED	NPJ__UNVERIFIED	NA	NPJ_sample7	Epithelial	B
wang_style_cellcell_intra	M01	M04	True	True	PASS	NPJ_sample7	NPJ__UNVERIFIED	NPJ__UNVERIFIED	NA	NPJ_sample7	Fibroblast	B
wang_style_cellcell_intra	M01	M05	True	True	PASS	NPJ_sample7	NPJ__UNVERIFIED	NPJ__UNVERIFIED	NA	NPJ_sample7	Mast	B
wang_style_cellcell_intra	M01	M06	True	True	PASS	NPJ_sample7	NPJ__UNVERIFIED	NPJ__UNVERIFIED	NA	NPJ_sample7	Mural	B
wang_style_cellcell_intra	M01	M07	True	True	PASS	NPJ_sample7	NPJ__UNVERIFIED	NPJ__UNVERIFIED	NA	NPJ_sample7	Myeloid	B
wang_style_cellcell_intra	M01	M08	True	True	PASS	NPJ_sample7	NPJ__UNVERIFIED	NPJ__UNVERIFIED	NA	NPJ_sample7	Plasma	B
wang_style_cellcell_intra	M01	M09	True	True	PASS	NPJ_sample7	NPJ__UNVERIFIED	NPJ__UNVERIFIED	NA	NPJ_sample7	T_NK	B
wang_style_cellcell_intra	M02	M01	True	True	PASS	NPJ_sample7	NPJ__UNVERIFIED	NPJ__UNVERIFIED	NA	NPJ_sample7	B	Endothelial
wang_style_cellcell_intra	M02	M03	True	True	PASS	NPJ_sample7	NPJ__UNVERIFIED	NPJ__UNVERIFIED	NA	NPJ_sample7	Epithelial	Endothelial
wang_style_cellcell_intra	M02	M04	True	True	PASS	NPJ_sample7	NPJ__UNVERIFIED	NPJ__UNVERIFIED	NA	NPJ_sample7	Fibroblast	Endothelial
wang_style_cellcell_intra	M02	M05	True	True	PASS	NPJ_sample7	NPJ__UNVERIFIED	NPJ__UNVERIFIED	NA	NPJ_sample7	Mast	Endothelial
wang_style_cellcell_intra	M02	M06	True	True	PASS	NPJ_sample7	NPJ__UNVERIFIED	NPJ__UNVERIFIED	NA	NPJ_sample7	Mural	Endothelial
wang_style_cellcell_intra	M02	M07	True	True	PASS	NPJ_sample7	NPJ__UNVERIFIED	NPJ__UNVERIFIED	NA	NPJ_sample7	Myeloid	Endothelial
wang_style_cellcell_intra	M02	M08	True	True	PASS	NPJ_sample7	NPJ__UNVERIFIED	NPJ__UNVERIFIED	NA	NPJ_sample7	Plasma	Endothelial
wang_style_cellcell_intra	M02	M09	True	True	PASS	NPJ_sample7	NPJ__UNVERIFIED	NPJ__UNVERIFIED	NA	NPJ_sample7	T_NK	Endothelial
wang_style_cellcell_intra	M03	M01	True	True	PASS	NPJ_sample7	NPJ__UNVERIFIED	NPJ__UNVERIFIED	NA	NPJ_sample7	B	Epithelial
wang_style_cellcell_intra	M03	M02	True	True	PASS	NPJ_sample7	NPJ__UNVERIFIED	NPJ__UNVERIFIED	NA	NPJ_sample7	Endothelial	Epithelial
wang_style_cellcell_intra	M03	M04	True	True	PASS	NPJ_sample7	NPJ__UNVERIFIED	NPJ__UNVERIFIED	NA	NPJ_sample7	Fibroblast	Epithelial
wang_style_cellcell_intra	M03	M05	True	True	PASS	NPJ_sample7	NPJ__UNVERIFIED	NPJ__UNVERIFIED	NA	NPJ_sample7	Mast	Epithelial
wang_style_cellcell_intra	M03	M06	True	True	PASS	NPJ_sample7	NPJ__UNVERIFIED	NPJ__UNVERIFIED	NA	NPJ_sample7	Mural	Epithelial
wang_style_cellcell_intra	M03	M07	True	True	PASS	NPJ_sample7	NPJ__UNVERIFIED	NPJ__UNVERIFIED	NA	NPJ_sample7	Myeloid	Epithelial
wang_style_cellcell_intra	M03	M08	True	True	PASS	NPJ_sample7	NPJ__UNVERIFIED	NPJ__UNVERIFIED	NA	NPJ_sample7	Plasma	Epithelial
wang_style_cellcell_intra	M03	M09	True	True	PASS	NPJ_sample7	NPJ__UNVERIFIED	NPJ__UNVERIFIED	NA	NPJ_sample7	T_NK	Epithelial
wang_style_cellcell_intra	M04	M01	True	True	PASS	NPJ_sample7	NPJ__UNVERIFIED	NPJ__UNVERIFIED	NA	NPJ_sample7	B	Fibroblast
wang_style_cellcell_intra	M04	M02	True	True	PASS	NPJ_sample7	NPJ__UNVERIFIED	NPJ__UNVERIFIED	NA	NPJ_sample7	Endothelial	Fibroblast
wang_style_cellcell_intra	M04	M03	True	True	PASS	NPJ_sample7	NPJ__UNVERIFIED	NPJ__UNVERIFIED	NA	NPJ_sample7	Epithelial	Fibroblast
wang_style_cellcell_intra	M04	M05	True	True	PASS	NPJ_sample7	NPJ__UNVERIFIED	NPJ__UNVERIFIED	NA	NPJ_sample7	Mast	Fibroblast
wang_style_cellcell_intra	M04	M06	True	True	PASS	NPJ_sample7	NPJ__UNVERIFIED	NPJ__UNVERIFIED	NA	NPJ_sample7	Mural	Fibroblast
wang_style_cellcell_intra	M04	M07	True	True	PASS	NPJ_sample7	NPJ__UNVERIFIED	NPJ__UNVERIFIED	NA	NPJ_sample7	Myeloid	Fibroblast
wang_style_cellcell_intra	M04	M08	True	True	PASS	NPJ_sample7	NPJ__UNVERIFIED	NPJ__UNVERIFIED	NA	NPJ_sample7	Plasma	Fibroblast
wang_style_cellcell_intra	M04	M09	True	True	PASS	NPJ_sample7	NPJ__UNVERIFIED	NPJ__UNVERIFIED	NA	NPJ_sample7	T_NK	Fibroblast
wang_style_cellcell_intra	M05	M01	True	True	PASS	NPJ_sample7	NPJ__UNVERIFIED	NPJ__UNVERIFIED	NA	NPJ_sample7	B	Mast
wang_style_cellcell_intra	M05	M02	True	True	PASS	NPJ_sample7	NPJ__UNVERIFIED	NPJ__UNVERIFIED	NA	NPJ_sample7	Endothelial	Mast
wang_style_cellcell_intra	M05	M03	True	True	PASS	NPJ_sample7	NPJ__UNVERIFIED	NPJ__UNVERIFIED	NA	NPJ_sample7	Epithelial	Mast
wang_style_cellcell_intra	M05	M04	True	True	PASS	NPJ_sample7	NPJ__UNVERIFIED	NPJ__UNVERIFIED	NA	NPJ_sample7	Fibroblast	Mast
wang_style_cellcell_intra	M05	M06	True	True	PASS	NPJ_sample7	NPJ__UNVERIFIED	NPJ__UNVERIFIED	NA	NPJ_sample7	Mural	Mast
wang_style_cellcell_intra	M05	M07	True	True	PASS	NPJ_sample7	NPJ__UNVERIFIED	NPJ__UNVERIFIED	NA	NPJ_sample7	Myeloid	Mast
wang_style_cellcell_intra	M05	M08	True	True	PASS	NPJ_sample7	NPJ__UNVERIFIED	NPJ__UNVERIFIED	NA	NPJ_sample7	Plasma	Mast
wang_style_cellcell_intra	M05	M09	True	True	PASS	NPJ_sample7	NPJ__UNVERIFIED	NPJ__UNVERIFIED	NA	NPJ_sample7	T_NK	Mast
wang_style_cellcell_intra	M06	M01	True	True	PASS	NPJ_sample7	NPJ__UNVERIFIED	NPJ__UNVERIFIED	NA	NPJ_sample7	B	Mural
wang_style_cellcell_intra	M06	M02	True	True	PASS	NPJ_sample7	NPJ__UNVERIFIED	NPJ__UNVERIFIED	NA	NPJ_sample7	Endothelial	Mural
wang_style_cellcell_intra	M06	M03	True	True	PASS	NPJ_sample7	NPJ__UNVERIFIED	NPJ__UNVERIFIED	NA	NPJ_sample7	Epithelial	Mural
wang_style_cellcell_intra	M06	M04	True	True	PASS	NPJ_sample7	NPJ__UNVERIFIED	NPJ__UNVERIFIED	NA	NPJ_sample7	Fibroblast	Mural
wang_style_cellcell_intra	M06	M05	True	True	PASS	NPJ_sample7	NPJ__UNVERIFIED	NPJ__UNVERIFIED	NA	NPJ_sample7	Mast	Mural
wang_style_cellcell_intra	M06	M07	True	True	PASS	NPJ_sample7	NPJ__UNVERIFIED	NPJ__UNVERIFIED	NA	NPJ_sample7	Myeloid	Mural
wang_style_cellcell_intra	M06	M08	True	True	PASS	NPJ_sample7	NPJ__UNVERIFIED	NPJ__UNVERIFIED	NA	NPJ_sample7	Plasma	Mural
wang_style_cellcell_intra	M06	M09	True	True	PASS	NPJ_sample7	NPJ__UNVERIFIED	NPJ__UNVERIFIED	NA	NPJ_sample7	T_NK	Mural
wang_style_cellcell_intra	M07	M01	True	True	PASS	NPJ_sample7	NPJ__UNVERIFIED	NPJ__UNVERIFIED	NA	NPJ_sample7	B	Myeloid
wang_style_cellcell_intra	M07	M02	True	True	PASS	NPJ_sample7	NPJ__UNVERIFIED	NPJ__UNVERIFIED	NA	NPJ_sample7	Endothelial	Myeloid
wang_style_cellcell_intra	M07	M03	True	True	PASS	NPJ_sample7	NPJ__UNVERIFIED	NPJ__UNVERIFIED	NA	NPJ_sample7	Epithelial	Myeloid
wang_style_cellcell_intra	M07	M04	True	True	PASS	NPJ_sample7	NPJ__UNVERIFIED	NPJ__UNVERIFIED	NA	NPJ_sample7	Fibroblast	Myeloid
wang_style_cellcell_intra	M07	M05	True	True	PASS	NPJ_sample7	NPJ__UNVERIFIED	NPJ__UNVERIFIED	NA	NPJ_sample7	Mast	Myeloid
wang_style_cellcell_intra	M07	M06	True	True	PASS	NPJ_sample7	NPJ__UNVERIFIED	NPJ__UNVERIFIED	NA	NPJ_sample7	Mural	Myeloid
wang_style_cellcell_intra	M07	M08	True	True	PASS	NPJ_sample7	NPJ__UNVERIFIED	NPJ__UNVERIFIED	NA	NPJ_sample7	Plasma	Myeloid
wang_style_cellcell_intra	M07	M09	True	True	PASS	NPJ_sample7	NPJ__UNVERIFIED	NPJ__UNVERIFIED	NA	NPJ_sample7	T_NK	Myeloid
wang_style_cellcell_intra	M08	M01	True	True	PASS	NPJ_sample7	NPJ__UNVERIFIED	NPJ__UNVERIFIED	NA	NPJ_sample7	B	Plasma
wang_style_cellcell_intra	M08	M02	True	True	PASS	NPJ_sample7	NPJ__UNVERIFIED	NPJ__UNVERIFIED	NA	NPJ_sample7	Endothelial	Plasma
wang_style_cellcell_intra	M08	M03	True	True	PASS	NPJ_sample7	NPJ__UNVERIFIED	NPJ__UNVERIFIED	NA	NPJ_sample7	Epithelial	Plasma
wang_style_cellcell_intra	M08	M04	True	True	PASS	NPJ_sample7	NPJ__UNVERIFIED	NPJ__UNVERIFIED	NA	NPJ_sample7	Fibroblast	Plasma
wang_style_cellcell_intra	M08	M05	True	True	PASS	NPJ_sample7	NPJ__UNVERIFIED	NPJ__UNVERIFIED	NA	NPJ_sample7	Mast	Plasma
wang_style_cellcell_intra	M08	M06	True	True	PASS	NPJ_sample7	NPJ__UNVERIFIED	NPJ__UNVERIFIED	NA	NPJ_sample7	Mural	Plasma
wang_style_cellcell_intra	M08	M07	True	True	PASS	NPJ_sample7	NPJ__UNVERIFIED	NPJ__UNVERIFIED	NA	NPJ_sample7	Myeloid	Plasma
wang_style_cellcell_intra	M08	M09	True	True	PASS	NPJ_sample7	NPJ__UNVERIFIED	NPJ__UNVERIFIED	NA	NPJ_sample7	T_NK	Plasma
wang_style_cellcell_intra	M09	M01	True	True	PASS	NPJ_sample7	NPJ__UNVERIFIED	NPJ__UNVERIFIED	NA	NPJ_sample7	B	T_NK
wang_style_cellcell_intra	M09	M02	True	True	PASS	NPJ_sample7	NPJ__UNVERIFIED	NPJ__UNVERIFIED	NA	NPJ_sample7	Endothelial	T_NK
wang_style_cellcell_intra	M09	M03	True	True	PASS	NPJ_sample7	NPJ__UNVERIFIED	NPJ__UNVERIFIED	NA	NPJ_sample7	Epithelial	T_NK
wang_style_cellcell_intra	M09	M04	True	True	PASS	NPJ_sample7	NPJ__UNVERIFIED	NPJ__UNVERIFIED	NA	NPJ_sample7	Fibroblast	T_NK
wang_style_cellcell_intra	M09	M05	True	True	PASS	NPJ_sample7	NPJ__UNVERIFIED	NPJ__UNVERIFIED	NA	NPJ_sample7	Mast	T_NK
wang_style_cellcell_intra	M09	M06	True	True	PASS	NPJ_sample7	NPJ__UNVERIFIED	NPJ__UNVERIFIED	NA	NPJ_sample7	Mural	T_NK
wang_style_cellcell_intra	M09	M07	True	True	PASS	NPJ_sample7	NPJ__UNVERIFIED	NPJ__UNVERIFIED	NA	NPJ_sample7	Myeloid	T_NK
wang_style_cellcell_intra	M09	M08	True	True	PASS	NPJ_sample7	NPJ__UNVERIFIED	NPJ__UNVERIFIED	NA	NPJ_sample7	Plasma	T_NK
mp10_technical_baseline	MP10	epi_fraction_gate	True	True	PASS	NPJ_sample7	NPJ__UNVERIFIED	NPJ__UNVERIFIED	NA	NPJ_sample7	historical c2l mean fraction	EpiMP10 raw Top20 AUCell
mp10_technical_baseline	MP10	log1p_nCount	True	True	PASS	NPJ_sample7	NPJ__UNVERIFIED	NPJ__UNVERIFIED	NA	NPJ_sample7	raw X row sum over all frozen features	EpiMP10 raw Top20 AUCell
mp10_target_extension	MP10	epi_fraction_gate	True	True	PASS	NPJ_sample7	NPJ__UNVERIFIED	NPJ__UNVERIFIED	NA	NPJ_sample7	historical c2l mean fraction	EpiMP10 raw Top20 AUCell
mp10_target_extension	MP10	log1p_nCount	True	True	PASS	NPJ_sample7	NPJ__UNVERIFIED	NPJ__UNVERIFIED	NA	NPJ_sample7	raw X row sum over all frozen features	EpiMP10 raw Top20 AUCell
mp10_target_extension	MP10	F01	True	True	PASS	NPJ_sample7	NPJ__UNVERIFIED	NPJ__UNVERIFIED	NA	NPJ_sample7	Arterial EC	EpiMP10 raw Top20 AUCell
mp10_target_extension	MP10	F02	True	True	PASS	NPJ_sample7	NPJ__UNVERIFIED	NPJ__UNVERIFIED	NA	NPJ_sample7	C1QC TAM	EpiMP10 raw Top20 AUCell
mp10_target_extension	MP10	F03	True	True	PASS	NPJ_sample7	NPJ__UNVERIFIED	NPJ__UNVERIFIED	NA	NPJ_sample7	CD4 Helper/Conventional	EpiMP10 raw Top20 AUCell
mp10_target_extension	MP10	F04	True	True	PASS	NPJ_sample7	NPJ__UNVERIFIED	NPJ__UNVERIFIED	NA	NPJ_sample7	CD4 Naive/Memory-like	EpiMP10 raw Top20 AUCell
mp10_target_extension	MP10	F05	True	True	PASS	NPJ_sample7	NPJ__UNVERIFIED	NPJ__UNVERIFIED	NA	NPJ_sample7	CD8 Exhausted	EpiMP10 raw Top20 AUCell
mp10_target_extension	MP10	F06	True	True	PASS	NPJ_sample7	NPJ__UNVERIFIED	NPJ__UNVERIFIED	NA	NPJ_sample7	CD8 GZMK/Effector-memory-like	EpiMP10 raw Top20 AUCell
mp10_target_extension	MP10	F07	True	True	PASS	NPJ_sample7	NPJ__UNVERIFIED	NPJ__UNVERIFIED	NA	NPJ_sample7	Capillary EC	EpiMP10 raw Top20 AUCell
mp10_target_extension	MP10	F08	True	True	PASS	NPJ_sample7	NPJ__UNVERIFIED	NPJ__UNVERIFIED	NA	NPJ_sample7	Classical Mono	EpiMP10 raw Top20 AUCell
mp10_target_extension	MP10	F10	True	True	PASS	NPJ_sample7	NPJ__UNVERIFIED	NPJ__UNVERIFIED	NA	NPJ_sample7	GC B	EpiMP10 raw Top20 AUCell
mp10_target_extension	MP10	F11	True	True	PASS	NPJ_sample7	NPJ__UNVERIFIED	NPJ__UNVERIFIED	NA	NPJ_sample7	LAMP3 DC	EpiMP10 raw Top20 AUCell
mp10_target_extension	MP10	F12	True	True	PASS	NPJ_sample7	NPJ__UNVERIFIED	NPJ__UNVERIFIED	NA	NPJ_sample7	Lymphatic EC	EpiMP10 raw Top20 AUCell
mp10_target_extension	MP10	F13	True	True	PASS	NPJ_sample7	NPJ__UNVERIFIED	NPJ__UNVERIFIED	NA	NPJ_sample7	Mast	EpiMP10 raw Top20 AUCell
mp10_target_extension	MP10	F14	True	True	PASS	NPJ_sample7	NPJ__UNVERIFIED	NPJ__UNVERIFIED	NA	NPJ_sample7	Matrix_CAF	EpiMP10 raw Top20 AUCell
mp10_target_extension	MP10	F15	True	True	PASS	NPJ_sample7	NPJ__UNVERIFIED	NPJ__UNVERIFIED	NA	NPJ_sample7	NK	EpiMP10 raw Top20 AUCell
mp10_target_extension	MP10	F16	True	True	PASS	NPJ_sample7	NPJ__UNVERIFIED	NPJ__UNVERIFIED	NA	NPJ_sample7	Naive/Memory B	EpiMP10 raw Top20 AUCell
mp10_target_extension	MP10	F17	True	True	PASS	NPJ_sample7	NPJ__UNVERIFIED	NPJ__UNVERIFIED	NA	NPJ_sample7	Neutrophil	EpiMP10 raw Top20 AUCell
mp10_target_extension	MP10	F18	True	True	PASS	NPJ_sample7	NPJ__UNVERIFIED	NPJ__UNVERIFIED	NA	NPJ_sample7	Pericyte	EpiMP10 raw Top20 AUCell
mp10_target_extension	MP10	F19	True	True	PASS	NPJ_sample7	NPJ__UNVERIFIED	NPJ__UNVERIFIED	NA	NPJ_sample7	Plasma	EpiMP10 raw Top20 AUCell
mp10_target_extension	MP10	F20	True	True	PASS	NPJ_sample7	NPJ__UNVERIFIED	NPJ__UNVERIFIED	NA	NPJ_sample7	SMC	EpiMP10 raw Top20 AUCell
mp10_target_extension	MP10	F21	True	True	PASS	NPJ_sample7	NPJ__UNVERIFIED	NPJ__UNVERIFIED	NA	NPJ_sample7	SPP1 TAM	EpiMP10 raw Top20 AUCell
mp10_target_extension	MP10	F22	True	True	PASS	NPJ_sample7	NPJ__UNVERIFIED	NPJ__UNVERIFIED	NA	NPJ_sample7	Tfh/CXCL13-like	EpiMP10 raw Top20 AUCell
mp10_target_extension	MP10	F23	True	True	PASS	NPJ_sample7	NPJ__UNVERIFIED	NPJ__UNVERIFIED	NA	NPJ_sample7	Treg	EpiMP10 raw Top20 AUCell
mp10_target_extension	MP10	F24	True	True	PASS	NPJ_sample7	NPJ__UNVERIFIED	NPJ__UNVERIFIED	NA	NPJ_sample7	Venous EC	EpiMP10 raw Top20 AUCell
mp10_target_extension	MP10	F25	True	True	PASS	NPJ_sample7	NPJ__UNVERIFIED	NPJ__UNVERIFIED	NA	NPJ_sample7	cDC1	EpiMP10 raw Top20 AUCell
mp10_target_extension	MP10	F26	True	True	PASS	NPJ_sample7	NPJ__UNVERIFIED	NPJ__UNVERIFIED	NA	NPJ_sample7	cDC2	EpiMP10 raw Top20 AUCell
mp10_target_extension	MP10	F27	True	True	PASS	NPJ_sample7	NPJ__UNVERIFIED	NPJ__UNVERIFIED	NA	NPJ_sample7	iCAF	EpiMP10 raw Top20 AUCell
mp10_target_extension	MP10	F28	True	True	PASS	NPJ_sample7	NPJ__UNVERIFIED	NPJ__UNVERIFIED	NA	NPJ_sample7	pDC	EpiMP10 raw Top20 AUCell
mp10_target_extension	MP10	F29	True	True	PASS	NPJ_sample7	NPJ__UNVERIFIED	NPJ__UNVERIFIED	NA	NPJ_sample7	rCAF	EpiMP10 raw Top20 AUCell
mp10_target_extension	MP10	F30	True	True	PASS	NPJ_sample7	NPJ__UNVERIFIED	NPJ__UNVERIFIED	NA	NPJ_sample7	vCAF	EpiMP10 raw Top20 AUCell
