raw_cluster	n_full	n_evaluation	mean_silhouette	median_silhouette	min_silhouette	n_negative	dataset	candidate	k	resolution
1	1104	314	0.569897822334761	0.693722385960982	-0.407041946868019	25	"GSE285715"	"k10_r0.1"	10	0.1
2	109	33	0.88238702540324	0.908052597815083	0.681521611040183	0	"GSE285715"	"k10_r0.1"	10	0.1
3	2831	820	0.475364440723593	0.525795407575976	-0.509293220835952	25	"GSE285715"	"k10_r0.1"	10	0.1
4	9590	2795	0.0362315209072501	0.101080888065916	-0.563694471024697	964	"GSE285715"	"k10_r0.1"	10	0.1
5	1683	489	0.511813033093954	0.565049185714437	-0.58444897538998	10	"GSE285715"	"k10_r0.1"	10	0.1
6	1924	549	-0.298497879793988	-0.300685000244162	-0.854074990642197	530	"GSE285715"	"k10_r0.1"	10	0.1
1	1104	314	0.569897822334761	0.693722385960982	-0.407041946868019	25	"GSE285715"	"k10_r0.2"	10	0.2
2	109	33	0.882001458180963	0.907769184111934	0.680130548505438	0	"GSE285715"	"k10_r0.2"	10	0.2
3	2865	827	0.338334071549903	0.405310912908323	-0.506670983698102	66	"GSE285715"	"k10_r0.2"	10	0.2
4	3381	982	-0.112464570214765	-0.11753420540969	-0.624346637316947	584	"GSE285715"	"k10_r0.2"	10	0.2
5	1683	489	0.50559304647694	0.565049185714437	-0.585085291119386	11	"GSE285715"	"k10_r0.2"	10	0.2
6	1931	550	-0.348009888353579	-0.33665198723626	-0.854112883723537	550	"GSE285715"	"k10_r0.2"	10	0.2
7	3282	974	-0.0472016607647276	-0.0443516603278887	-0.426725552222361	542	"GSE285715"	"k10_r0.2"	10	0.2
8	2886	831	0.439037016117363	0.477816290976606	-0.370789455376935	22	"GSE285715"	"k10_r0.2"	10	0.2
1	1104	314	0.570935540715999	0.694458962055493	-0.406605845185837	25	"GSE285715"	"k10_r0.3"	10	0.3
2	109	33	0.881891623446362	0.907685295325938	0.679782132092411	0	"GSE285715"	"k10_r0.3"	10	0.3
3	2866	826	0.345897280871518	0.412083450267701	-0.506094134414758	63	"GSE285715"	"k10_r0.3"	10	0.3
4	3050	887	-0.0985797219780637	-0.0718884989417029	-0.638461615468161	509	"GSE285715"	"k10_r0.3"	10	0.3
5	1684	490	0.501170474757539	0.562894635305637	-0.584963077291645	12	"GSE285715"	"k10_r0.3"	10	0.3
6	1925	550	-0.349542999585189	-0.337062572573507	-0.854112883723537	550	"GSE285715"	"k10_r0.3"	10	0.3
7	3508	1031	-0.0553821409609256	-0.0529370970413177	-0.422100265236843	590	"GSE285715"	"k10_r0.3"	10	0.3
8	2995	869	0.430497432279066	0.473459648344772	-0.374326839565601	23	"GSE285715"	"k10_r0.3"	10	0.3
1	1104	314	0.570935540715999	0.694458962055493	-0.406605845185837	25	"GSE285715"	"k10_r0.4"	10	0.4
2	147	43	0.691633167901025	0.811632642487707	0.00143996443724529	0	"GSE285715"	"k10_r0.4"	10	0.4
3	2097	646	-0.0257658785064695	0.0429877966751537	-0.691606745633939	303	"GSE285715"	"k10_r0.4"	10	0.4
4	3747	1044	0.140236457357716	0.191714706556147	-0.493698393155201	287	"GSE285715"	"k10_r0.4"	10	0.4
5	1684	490	0.498893842806046	0.562894635305637	-0.579710268507596	14	"GSE285715"	"k10_r0.4"	10	0.4
6	1973	566	-0.33794242488395	-0.309369252008126	-0.783085081564465	566	"GSE285715"	"k10_r0.4"	10	0.4
7	2386	700	0.13541667713208	0.177560908605077	-0.48413914490514	170	"GSE285715"	"k10_r0.4"	10	0.4
8	2839	832	0.294241336357496	0.325763236474181	-0.269841506571502	24	"GSE285715"	"k10_r0.4"	10	0.4
9	1264	365	0.17442502410943	0.181782766290704	-0.208746860688615	34	"GSE285715"	"k10_r0.4"	10	0.4
1	1104	314	0.570935540715999	0.694458962055493	-0.406605845185837	25	"GSE285715"	"k10_r0.5"	10	0.5
2	201	60	0.537772631258806	0.659370724891766	-0.293756588564786	6	"GSE285715"	"k10_r0.5"	10	0.5
3	2616	750	0.346657176956678	0.405284589449037	-0.43147743969648	55	"GSE285715"	"k10_r0.5"	10	0.5
4	3024	878	-0.103077295054416	-0.0948490770983362	-0.646527547580652	509	"GSE285715"	"k10_r0.5"	10	0.5
5	1684	490	0.501017517723474	0.562894635305637	-0.588210222156943	12	"GSE285715"	"k10_r0.5"	10	0.5
6	1879	539	-0.334990153213189	-0.341366675236008	-0.774627129096393	539	"GSE285715"	"k10_r0.5"	10	0.5
7	2138	636	0.174865303200746	0.20834091412368	-0.36631429276579	123	"GSE285715"	"k10_r0.5"	10	0.5
8	2840	838	0.305887619204619	0.333441645296487	-0.389005945148938	26	"GSE285715"	"k10_r0.5"	10	0.5
9	1755	495	0.0715369932867985	0.088525093529612	-0.351557102015682	136	"GSE285715"	"k10_r0.5"	10	0.5
1	1104	314	0.570935540715999	0.694458962055493	-0.406605845185837	25	"GSE285715"	"k10_r0.6"	10	0.6
2	109	33	0.796358310091527	0.84056554469304	0.456349898695593	0	"GSE285715"	"k10_r0.6"	10	0.6
3	736	222	0.072927447726763	0.13544212358513	-0.627930834077781	72	"GSE285715"	"k10_r0.6"	10	0.6
4	1348	418	0.0404293206599634	0.114709704155717	-0.571148068200599	166	"GSE285715"	"k10_r0.6"	10	0.6
5	1070	278	0.046067558158879	0.0636923069293431	-0.439612756247635	97	"GSE285715"	"k10_r0.6"	10	0.6
6	1684	490	0.494574418046441	0.562894635305637	-0.589634887361164	16	"GSE285715"	"k10_r0.6"	10	0.6
7	2467	708	0.302737341967657	0.356572957499434	-0.436793646952965	63	"GSE285715"	"k10_r0.6"	10	0.6
8	1273	354	-0.196177280788685	-0.168874996342978	-0.679619962585497	280	"GSE285715"	"k10_r0.6"	10	0.6
9	2153	638	0.151636821727044	0.178520302305538	-0.385831594260627	147	"GSE285715"	"k10_r0.6"	10	0.6
10	1535	438	0.0173021608063294	0.0178113991778184	-0.385944614127144	206	"GSE285715"	"k10_r0.6"	10	0.6
11	2185	654	0.310061572740696	0.333464587045518	-0.359428369536769	23	"GSE285715"	"k10_r0.6"	10	0.6
12	1577	453	0.0831341104440476	0.105736916858063	-0.352494008471231	112	"GSE285715"	"k10_r0.6"	10	0.6
1	1104	314	0.570935540715999	0.694458962055493	-0.406605845185837	25	"GSE285715"	"k10_r0.7"	10	0.7
2	787	240	0.3621321819932	0.452636918397932	-0.225337622540643	19	"GSE285715"	"k10_r0.7"	10	0.7
3	1329	410	0.0488184122544128	0.123934838520797	-0.560907764045929	159	"GSE285715"	"k10_r0.7"	10	0.7
4	1088	285	0.0379257081675016	0.0585936036798765	-0.434822835188373	102	"GSE285715"	"k10_r0.7"	10	0.7
5	1684	490	0.494562534585226	0.562894635305637	-0.586772964550547	16	"GSE285715"	"k10_r0.7"	10	0.7
6	2717	783	0.281951396341926	0.336522601904987	-0.436610352373905	91	"GSE285715"	"k10_r0.7"	10	0.7
7	1343	370	-0.209463864437264	-0.188730253883962	-0.644046928994155	307	"GSE285715"	"k10_r0.7"	10	0.7
8	1897	563	0.155477276355228	0.193440499117535	-0.382531056846515	122	"GSE285715"	"k10_r0.7"	10	0.7
9	1670	483	0.0057452446399086	0.0118596594243941	-0.387065253279876	230	"GSE285715"	"k10_r0.7"	10	0.7
10	2030	602	0.313781582417816	0.33467636226338	-0.322109774858883	21	"GSE285715"	"k10_r0.7"	10	0.7
11	1592	460	0.0815774387866591	0.106929048639683	-0.329012047490026	125	"GSE285715"	"k10_r0.7"	10	0.7
1	1104	314	0.570935540715999	0.694458962055493	-0.406605845185837	25	"GSE285715"	"k10_r0.8"	10	0.8
2	148	43	0.468222380206949	0.643213760821295	-0.3652596636673	6	"GSE285715"	"k10_r0.8"	10	0.8
3	1364	419	0.0293579761474914	0.105618170034618	-0.582316073746467	173	"GSE285715"	"k10_r0.8"	10	0.8
4	1086	287	-0.0138967830360476	-0.00181230742818955	-0.514690063861852	145	"GSE285715"	"k10_r0.8"	10	0.8
5	1684	490	0.494698126574603	0.562894635305637	-0.588704659080517	16	"GSE285715"	"k10_r0.8"	10	0.8
6	1507	424	0.272476825394651	0.299090310904612	-0.219221701263068	22	"GSE285715"	"k10_r0.8"	10	0.8
7	696	212	0.0555891054108875	0.103146313077354	-0.45172259893307	77	"GSE285715"	"k10_r0.8"	10	0.8
8	1287	356	-0.205060344220226	-0.176052878025922	-0.691359933423725	283	"GSE285715"	"k10_r0.8"	10	0.8
9	1199	357	0.147975834584702	0.160437137544958	-0.32605433241036	56	"GSE285715"	"k10_r0.8"	10	0.8
10	1915	566	0.0952461303310074	0.124881325260766	-0.474102414824485	166	"GSE285715"	"k10_r0.8"	10	0.8
11	1415	403	-0.0191074608197628	0.00130549214039744	-0.529381364136657	198	"GSE285715"	"k10_r0.8"	10	0.8
12	1831	543	0.186260860048447	0.210465339437053	-0.362803575812875	82	"GSE285715"	"k10_r0.8"	10	0.8
13	1595	461	-0.00511042381586149	0.00920699207958831	-0.415734803403742	224	"GSE285715"	"k10_r0.8"	10	0.8
14	410	125	0.409791946404766	0.463701711617872	-0.0449512578442158	4	"GSE285715"	"k10_r0.8"	10	0.8
1	1104	314	0.505701934226925	0.652610915439077	-0.487102102937589	33	"GSE285715"	"k10_r0.9"	10	0.9
2	149	43	0.46292077650126	0.639064256881103	-0.356430335292927	6	"GSE285715"	"k10_r0.9"	10	0.9
3	1364	419	0.0194403537970095	0.083655878657872	-0.58218231800332	175	"GSE285715"	"k10_r0.9"	10	0.9
4	1086	287	-0.0119349070830785	-0.00110346403646742	-0.50959422489299	144	"GSE285715"	"k10_r0.9"	10	0.9
5	273	87	0.00864355556202462	0.0596852066855875	-0.511597075334283	36	"GSE285715"	"k10_r0.9"	10	0.9
6	1514	433	0.242205727360389	0.267794541337735	-0.345646318938078	34	"GSE285715"	"k10_r0.9"	10	0.9
7	1411	403	0.676701936852095	0.715009317762582	0.287474935783771	0	"GSE285715"	"k10_r0.9"	10	0.9
8	656	197	0.0934116727867943	0.152770971748022	-0.442275596834519	65	"GSE285715"	"k10_r0.9"	10	0.9
9	1280	355	-0.203056509629912	-0.173952893537525	-0.693611510743303	282	"GSE285715"	"k10_r0.9"	10	0.9
10	1242	363	0.159731911636207	0.179267370029007	-0.329721001650458	44	"GSE285715"	"k10_r0.9"	10	0.9
11	2283	676	0.0422744199239287	0.0736533960639762	-0.538212338138881	252	"GSE285715"	"k10_r0.9"	10	0.9
12	1414	403	-0.0206176422014568	0.00025885174802829	-0.529206207882787	200	"GSE285715"	"k10_r0.9"	10	0.9
13	1830	542	0.190259134195333	0.21343694322779	-0.347567136106039	79	"GSE285715"	"k10_r0.9"	10	0.9
14	1226	354	0.0485362701278825	0.0636346997810466	-0.440476793496925	131	"GSE285715"	"k10_r0.9"	10	0.9
15	409	124	0.407453379669115	0.46125449407054	-0.0487380085554738	4	"GSE285715"	"k10_r0.9"	10	0.9
1	1104	314	0.505701934226925	0.652610915439077	-0.487102102937589	33	"GSE285715"	"k10_r1.0"	10	1
2	149	43	0.462868577499242	0.639064256881103	-0.356872728436172	6	"GSE285715"	"k10_r1.0"	10	1
3	1362	419	0.0141474985502807	0.0817298420215101	-0.585547621052479	181	"GSE285715"	"k10_r1.0"	10	1
4	1091	288	-0.0153118005886327	-0.00109313309714569	-0.510439495051443	144	"GSE285715"	"k10_r1.0"	10	1
5	273	87	0.00864188421427546	0.0596852066855875	-0.511593265326645	36	"GSE285715"	"k10_r1.0"	10	1
6	1512	432	0.243660880057515	0.268419309863981	-0.345322366729205	34	"GSE285715"	"k10_r1.0"	10	1
7	1411	403	0.676701936852095	0.715009317762582	0.287474935783771	0	"GSE285715"	"k10_r1.0"	10	1
8	655	197	0.0933185361886729	0.152819746747029	-0.442275596834519	66	"GSE285715"	"k10_r1.0"	10	1
9	1282	356	-0.205164933815678	-0.176180953824746	-0.693029792063635	284	"GSE285715"	"k10_r1.0"	10	1
10	1241	364	0.16047644191091	0.178522287828275	-0.330940398838182	48	"GSE285715"	"k10_r1.0"	10	1
11	1914	566	0.0954207836757609	0.123988552939855	-0.471230496510058	167	"GSE285715"	"k10_r1.0"	10	1
12	1329	377	-0.00343832769761872	0.0199933124740192	-0.518277855883119	181	"GSE285715"	"k10_r1.0"	10	1
13	1919	567	0.165301654340606	0.200219130041878	-0.418644600328523	104	"GSE285715"	"k10_r1.0"	10	1
14	1592	463	-0.00213341820264655	0.0111306850481785	-0.401587164237548	213	"GSE285715"	"k10_r1.0"	10	1
15	407	124	0.401641535671098	0.457697953604701	-0.050266168062542	4	"GSE285715"	"k10_r1.0"	10	1
1	1024	288	0.637211479536046	0.725662336933058	-0.218023256861818	7	"GSE285715"	"k10_r1.1"	10	1.1
2	359	100	-0.289089515003829	-0.262978559472588	-0.54393045174995	100	"GSE285715"	"k10_r1.1"	10	1.1
3	1394	434	-0.0683161941137632	0.00465197153622233	-0.578415855434455	213	"GSE285715"	"k10_r1.1"	10	1.1
4	403	132	-0.135904228036053	-0.0952120782196443	-0.661026104194939	86	"GSE285715"	"k10_r1.1"	10	1.1
5	956	246	0.061712188897039	0.0813717627528806	-0.320769026486318	81	"GSE285715"	"k10_r1.1"	10	1.1
6	1472	418	0.324694682627633	0.35331710052292	-0.198554683961275	13	"GSE285715"	"k10_r1.1"	10	1.1
7	1361	384	0.678652384313497	0.719596440068129	0.216186546498489	0	"GSE285715"	"k10_r1.1"	10	1.1
8	695	212	0.219791499937643	0.295494025567477	-0.392651437340327	40	"GSE285715"	"k10_r1.1"	10	1.1
9	835	229	0.0228503076574873	0.0547836768497672	-0.502508154639862	107	"GSE285715"	"k10_r1.1"	10	1.1
10	455	128	0.199264237846218	0.233347326191004	-0.305578765097144	20	"GSE285715"	"k10_r1.1"	10	1.1
11	1391	413	0.055417209385759	0.0636232173463009	-0.393057723735857	148	"GSE285715"	"k10_r1.1"	10	1.1
12	1766	517	0.0604335211408313	0.0939773906661393	-0.47371396895137	178	"GSE285715"	"k10_r1.1"	10	1.1
13	1343	380	-0.0317893121717419	-0.0131734168453073	-0.518595136200206	201	"GSE285715"	"k10_r1.1"	10	1.1
14	1800	535	0.199301194633992	0.239197988105234	-0.381826724043474	74	"GSE285715"	"k10_r1.1"	10	1.1
15	1333	386	0.101293731125255	0.136335393365135	-0.393530113488459	99	"GSE285715"	"k10_r1.1"	10	1.1
16	247	74	0.337219129094246	0.350603924730385	0.00440976459443055	0	"GSE285715"	"k10_r1.1"	10	1.1
17	407	124	0.335373700682981	0.379220723516917	-0.104561214225597	6	"GSE285715"	"k10_r1.1"	10	1.1
1	1104	314	0.499118975093699	0.647996762014166	-0.49886890463497	33	"GSE285715"	"k10_r1.2"	10	1.2
2	149	43	0.467685306687711	0.643213760821295	-0.370170890662084	6	"GSE285715"	"k10_r1.2"	10	1.2
3	1371	431	-0.0791782765912462	-0.00328795600883709	-0.577708305087028	219	"GSE285715"	"k10_r1.2"	10	1.2
4	935	238	0.0410098879974633	0.0682549305872299	-0.378596593593792	89	"GSE285715"	"k10_r1.2"	10	1.2
5	324	107	-0.0460627471308229	0.011472464421763	-0.672769210460099	52	"GSE285715"	"k10_r1.2"	10	1.2
6	1458	412	0.255505457089898	0.28872366371787	-0.214010360131009	38	"GSE285715"	"k10_r1.2"	10	1.2
7	236	67	-0.000397094277243242	-0.0111875920319086	-0.289301503354746	37	"GSE285715"	"k10_r1.2"	10	1.2
8	1360	383	0.684319685225778	0.723209693303641	0.216503312429146	0	"GSE285715"	"k10_r1.2"	10	1.2
9	695	212	0.0534013361614398	0.102838744638893	-0.45172259893307	79	"GSE285715"	"k10_r1.2"	10	1.2
10	816	219	-0.00772534730484823	0.0133987990493451	-0.492890779659224	108	"GSE285715"	"k10_r1.2"	10	1.2
11	455	129	0.187679738011559	0.229973010292008	-0.361781479514473	22	"GSE285715"	"k10_r1.2"	10	1.2
12	768	227	0.199039404148192	0.229626975104795	-0.253176578406577	20	"GSE285715"	"k10_r1.2"	10	1.2
13	1194	359	0.00702516030861207	0.0626617015550461	-0.561157621981096	149	"GSE285715"	"k10_r1.2"	10	1.2
14	632	191	0.138876004057529	0.168338891687372	-0.262264642664132	41	"GSE285715"	"k10_r1.2"	10	1.2
15	1151	325	-0.032469858143098	-0.00780090701702521	-0.533596087881576	170	"GSE285715"	"k10_r1.2"	10	1.2
16	1164	319	0.0903641652523665	0.100536252368689	-0.311101701384961	95	"GSE285715"	"k10_r1.2"	10	1.2
17	1697	505	0.210308529348848	0.234058670799154	-0.199531655875518	61	"GSE285715"	"k10_r1.2"	10	1.2
18	1241	372	0.0327047591733465	0.0498492205099102	-0.359212975520418	158	"GSE285715"	"k10_r1.2"	10	1.2
19	491	147	0.368949959989863	0.402379925882748	-0.0961946520386428	4	"GSE285715"	"k10_r1.2"	10	1.2
1	1104	314	0.499118975093699	0.647996762014166	-0.49886890463497	33	"GSE285715"	"k10_r1.3"	10	1.3
2	150	44	0.42812640621616	0.610695392947761	-0.517403466959908	7	"GSE285715"	"k10_r1.3"	10	1.3
3	1375	432	-0.0864094301543091	-0.013868654400076	-0.620253427798351	224	"GSE285715"	"k10_r1.3"	10	1.3
4	1031	264	-0.0306070430023092	-0.0111102532263413	-0.510496273365997	135	"GSE285715"	"k10_r1.3"	10	1.3
5	325	108	-0.0569030439162681	0.00518270060463976	-0.676519182112493	54	"GSE285715"	"k10_r1.3"	10	1.3
6	1360	383	0.686250655444384	0.724875701612944	0.225578344829679	0	"GSE285715"	"k10_r1.3"	10	1.3
7	1456	411	0.256766733424237	0.289901064633768	-0.209311241411851	36	"GSE285715"	"k10_r1.3"	10	1.3
8	695	212	0.0591009284616079	0.108353606949222	-0.42743488805923	79	"GSE285715"	"k10_r1.3"	10	1.3
9	816	219	0.00285763119015056	0.0133987990493451	-0.492890779659224	105	"GSE285715"	"k10_r1.3"	10	1.3
10	455	129	0.18511771193676	0.230056098186736	-0.324866587969936	22	"GSE285715"	"k10_r1.3"	10	1.3
11	769	227	0.200915227133711	0.232125985004997	-0.251864278670874	21	"GSE285715"	"k10_r1.3"	10	1.3
12	809	245	0.0481648411044758	0.0738824325097674	-0.471588074053391	92	"GSE285715"	"k10_r1.3"	10	1.3
13	635	192	0.128521335292213	0.147169405159148	-0.287420118940425	45	"GSE285715"	"k10_r1.3"	10	1.3
14	953	282	-0.0229489165474977	-0.00464802450761271	-0.542976153141343	143	"GSE285715"	"k10_r1.3"	10	1.3
15	1521	412	-0.0141554424108889	-0.0316407006503058	-0.38421710970546	230	"GSE285715"	"k10_r1.3"	10	1.3
16	1701	505	0.18823743877016	0.211873410105538	-0.199324039881127	60	"GSE285715"	"k10_r1.3"	10	1.3
17	1207	358	-0.00906593473052166	-0.005763779443668	-0.380492687324804	185	"GSE285715"	"k10_r1.3"	10	1.3
18	388	116	0.252744822895062	0.286892626043496	-0.103479994390977	8	"GSE285715"	"k10_r1.3"	10	1.3
19	491	147	0.366107946343047	0.400091533487977	-0.0953855122190939	4	"GSE285715"	"k10_r1.3"	10	1.3
1	1104	314	0.499118975093699	0.647996762014166	-0.49886890463497	33	"GSE285715"	"k10_r1.4"	10	1.4
2	150	44	0.428596847344703	0.610695392947761	-0.514785768505046	7	"GSE285715"	"k10_r1.4"	10	1.4
3	1366	430	-0.0886832210681719	-0.0182310071228136	-0.586659503188173	231	"GSE285715"	"k10_r1.4"	10	1.4
4	1031	265	-0.031560894292693	-0.0172967824967193	-0.5083062535715	143	"GSE285715"	"k10_r1.4"	10	1.4
5	325	108	-0.0576513642542695	-0.000850405411274116	-0.676519182112493	54	"GSE285715"	"k10_r1.4"	10	1.4
6	1360	383	0.686250655444384	0.724875701612944	0.225578344829679	0	"GSE285715"	"k10_r1.4"	10	1.4
7	1493	419	0.251966473288288	0.283976872059348	-0.227356640915344	36	"GSE285715"	"k10_r1.4"	10	1.4
8	695	212	0.0605779671004764	0.110335168498176	-0.42743488805923	78	"GSE285715"	"k10_r1.4"	10	1.4
9	816	219	0.00234854194700383	0.0121057574764909	-0.492890779659224	105	"GSE285715"	"k10_r1.4"	10	1.4
10	458	130	0.175267454580266	0.221689968622574	-0.3364194216598	24	"GSE285715"	"k10_r1.4"	10	1.4
11	766	225	0.177013145266064	0.18965470635529	-0.23610394719589	21	"GSE285715"	"k10_r1.4"	10	1.4
12	1797	522	-0.0581420255390431	-0.0240542744790069	-0.475706247040369	283	"GSE285715"	"k10_r1.4"	10	1.4
13	596	184	0.161394631416709	0.18475349109194	-0.277861015263726	27	"GSE285715"	"k10_r1.4"	10	1.4
14	673	201	0.00969654055535457	0.0391246836369482	-0.49853330655675	88	"GSE285715"	"k10_r1.4"	10	1.4
15	863	261	0.0319153326212415	0.0344575313673222	-0.301915791416737	103	"GSE285715"	"k10_r1.4"	10	1.4
16	531	138	0.299390468674032	0.323423931622522	-0.0709942978890358	3	"GSE285715"	"k10_r1.4"	10	1.4
17	1210	359	-0.017096123278723	-0.0130617070374218	-0.418729138451829	190	"GSE285715"	"k10_r1.4"	10	1.4
18	1601	463	0.219180239733803	0.246991880035563	-0.320437683955796	34	"GSE285715"	"k10_r1.4"	10	1.4
19	406	123	0.360628348582909	0.389158304922894	-0.0467523428514498	1	"GSE285715"	"k10_r1.4"	10	1.4
1	1085	306	0.528635680215656	0.665289140130296	-0.521401354401238	25	"GSE285715"	"k10_r1.5"	10	1.5
2	150	44	0.425712973135607	0.610695392947761	-0.519019858891058	7	"GSE285715"	"k10_r1.5"	10	1.5
3	1357	425	-0.0934065854612312	-0.0186189983691222	-0.58660936502899	226	"GSE285715"	"k10_r1.5"	10	1.5
4	533	172	-0.130249628654258	-0.109649231596229	-0.634750844758707	104	"GSE285715"	"k10_r1.5"	10	1.5
5	908	237	0.0231750456465947	0.0325706537706817	-0.377558805946154	103	"GSE285715"	"k10_r1.5"	10	1.5
6	1019	287	0.107061018508555	0.132153890041709	-0.341209270630668	62	"GSE285715"	"k10_r1.5"	10	1.5
7	1171	327	0.718311484550874	0.735876181831262	0.433179616994752	0	"GSE285715"	"k10_r1.5"	10	1.5
8	1245	357	0.296066025689979	0.320608903510337	-0.166178475420805	10	"GSE285715"	"k10_r1.5"	10	1.5
9	695	212	0.0430796257288459	0.0951868042468414	-0.42743488805923	84	"GSE285715"	"k10_r1.5"	10	1.5
10	831	225	-0.00353002792924482	-0.00369734143721948	-0.505185511780986	113	"GSE285715"	"k10_r1.5"	10	1.5
11	455	129	0.174049794940453	0.223894917615165	-0.352347894730954	25	"GSE285715"	"k10_r1.5"	10	1.5
12	818	245	0.114873219206647	0.143834783124801	-0.467080895041956	61	"GSE285715"	"k10_r1.5"	10	1.5
13	663	202	0.149159177981824	0.165486784634196	-0.28352487426876	32	"GSE285715"	"k10_r1.5"	10	1.5
14	690	203	-0.0147214659371423	0.00896394778656014	-0.489384939618326	95	"GSE285715"	"k10_r1.5"	10	1.5
15	1294	394	0.0441400868632281	0.0553092735240296	-0.329084586875338	151	"GSE285715"	"k10_r1.5"	10	1.5
16	501	135	0.122897697022378	0.141886544235031	-0.287931198685249	25	"GSE285715"	"k10_r1.5"	10	1.5
17	1221	346	0.07501327046448	0.07727123063817	-0.332273003575475	120	"GSE285715"	"k10_r1.5"	10	1.5
18	1003	293	0.0425645288490564	0.0502628638730693	-0.351559730891863	116	"GSE285715"	"k10_r1.5"	10	1.5
19	1196	338	0.237414847517533	0.26656180051994	-0.294507039492503	22	"GSE285715"	"k10_r1.5"	10	1.5
20	406	123	0.342196042168277	0.373522570772852	0.00736583081098317	0	"GSE285715"	"k10_r1.5"	10	1.5
1	1019	286	0.700302664888249	0.767389359886629	-0.0200330358590911	1	"GSE285715"	"k20_r0.1"	20	0.1
2	1752	500	0.149782833030878	0.208694022757224	-0.193390744470047	135	"GSE285715"	"k20_r0.1"	20	0.1
3	12703	3698	0.202547282608806	0.23729092721081	-0.283099629261362	377	"GSE285715"	"k20_r0.1"	20	0.1
4	1767	516	0.497260836987599	0.556139649296825	-0.517935481790292	13	"GSE285715"	"k20_r0.1"	20	0.1
1	1019	286	0.699423888652475	0.766749578745619	-0.0239080729428026	1	"GSE285715"	"k20_r0.2"	20	0.2
2	109	33	0.877395864037515	0.904288007584609	0.665039308588186	0	"GSE285715"	"k20_r0.2"	20	0.2
3	2652	757	0.362527342976712	0.420290888967791	-0.481005581312611	44	"GSE285715"	"k20_r0.2"	20	0.2
4	3276	947	-0.0667337324618859	-0.0428467906926209	-0.61102824602294	502	"GSE285715"	"k20_r0.2"	20	0.2
5	1764	515	0.493678293971791	0.559479622557828	-0.59000287150931	15	"GSE285715"	"k20_r0.2"	20	0.2
6	1650	470	-0.263137559495494	-0.230108388320597	-0.825159953033685	440	"GSE285715"	"k20_r0.2"	20	0.2
7	2346	692	0.169610163767387	0.2012893717492	-0.373891589216205	143	"GSE285715"	"k20_r0.2"	20	0.2
8	4425	1300	0.407379183754089	0.453358279104551	-0.349192905949345	35	"GSE285715"	"k20_r0.2"	20	0.2
1	1019	286	0.700302664888249	0.767389359886629	-0.0200330358590911	1	"GSE285715"	"k20_r0.3"	20	0.3
2	109	33	0.878566893601086	0.905175462243955	0.668844078190269	0	"GSE285715"	"k20_r0.3"	20	0.3
3	2686	774	0.366122023049926	0.430898586756522	-0.487396934694219	53	"GSE285715"	"k20_r0.3"	20	0.3
4	2911	842	-0.0958648618433904	-0.0795011221665622	-0.624067442540369	484	"GSE285715"	"k20_r0.3"	20	0.3
5	1767	516	0.488743339786652	0.556139649296825	-0.589015622324949	14	"GSE285715"	"k20_r0.3"	20	0.3
6	1895	534	-0.353249143880221	-0.343443362730171	-0.85434640636928	534	"GSE285715"	"k20_r0.3"	20	0.3
7	3844	1128	-0.0702861487279856	-0.0695390638413116	-0.438497589874551	678	"GSE285715"	"k20_r0.3"	20	0.3
8	3010	887	0.458655863165689	0.497177406783521	-0.326346731487232	15	"GSE285715"	"k20_r0.3"	20	0.3
1	1019	286	0.700302664888249	0.767389359886629	-0.0200330358590911	1	"GSE285715"	"k20_r0.4"	20	0.4
2	2049	583	-0.310564865041685	-0.304937966430506	-0.58384933773452	583	"GSE285715"	"k20_r0.4"	20	0.4
3	2623	753	0.408937451672225	0.464347320387421	-0.43423002649408	26	"GSE285715"	"k20_r0.4"	20	0.4
4	2967	863	-0.091091625788196	-0.0642658808416652	-0.624930544127927	483	"GSE285715"	"k20_r0.4"	20	0.4
5	1767	516	0.48868853976208	0.556139649296825	-0.590961158319422	14	"GSE285715"	"k20_r0.4"	20	0.4
6	3847	1124	-0.0628423020723623	-0.0593073957002634	-0.433279013936035	662	"GSE285715"	"k20_r0.4"	20	0.4
7	2969	875	0.45505801436794	0.49579303986797	-0.333693874743795	15	"GSE285715"	"k20_r0.4"	20	0.4
1	1019	286	0.700302664888249	0.767389359886629	-0.0200330358590911	1	"GSE285715"	"k20_r0.5"	20	0.5
2	2051	585	-0.31194727105558	-0.305656212604866	-0.585448738374116	585	"GSE285715"	"k20_r0.5"	20	0.5
3	2613	751	0.38592952611456	0.444420045669541	-0.435086941976193	32	"GSE285715"	"k20_r0.5"	20	0.5
4	2975	864	-0.0961270816546229	-0.0745362576039957	-0.625080686464807	495	"GSE285715"	"k20_r0.5"	20	0.5
5	1766	516	0.488744548703494	0.556139649296825	-0.590857608852019	14	"GSE285715"	"k20_r0.5"	20	0.5
6	2444	716	0.144092977331759	0.173425779651152	-0.362625997901599	172	"GSE285715"	"k20_r0.5"	20	0.5
7	2956	871	0.289349915683281	0.316883723516995	-0.333461456918043	24	"GSE285715"	"k20_r0.5"	20	0.5
8	1417	411	0.144876585537517	0.159168249638709	-0.254716759653983	57	"GSE285715"	"k20_r0.5"	20	0.5
1	1084	308	0.599869213208389	0.711484222575978	-0.373610492178332	21	"GSE285715"	"k20_r0.6"	20	0.6
2	109	33	0.878759735379457	0.905368670197737	0.668740977058003	0	"GSE285715"	"k20_r0.6"	20	0.6
3	2609	746	0.363123654365304	0.422885868346436	-0.48618820198936	42	"GSE285715"	"k20_r0.6"	20	0.6
4	2975	859	-0.0958218361119575	-0.0749633246343127	-0.624315398260496	492	"GSE285715"	"k20_r0.6"	20	0.6
5	1701	494	0.501009945160507	0.561958864110929	-0.589847650105551	12	"GSE285715"	"k20_r0.6"	20	0.6
6	1947	554	-0.361734459683356	-0.360222989339952	-0.852930235520836	554	"GSE285715"	"k20_r0.6"	20	0.6
7	2439	716	0.142995292196711	0.1730080331189	-0.366765226538728	172	"GSE285715"	"k20_r0.6"	20	0.6
8	2955	874	0.286843703489682	0.314659335264773	-0.337799226087765	25	"GSE285715"	"k20_r0.6"	20	0.6
9	1422	416	0.14648438813272	0.160852557729792	-0.251933516064512	56	"GSE285715"	"k20_r0.6"	20	0.6
1	1085	308	0.599869213208389	0.711484222575978	-0.373610492178332	21	"GSE285715"	"k20_r0.7"	20	0.7
2	109	33	0.877390596806205	0.904325980012608	0.664386032530447	0	"GSE285715"	"k20_r0.7"	20	0.7
3	2489	713	0.383937825910941	0.445141760624975	-0.479168303951553	40	"GSE285715"	"k20_r0.7"	20	0.7
4	3099	893	-0.11688058336721	-0.106848167272542	-0.634966775861391	533	"GSE285715"	"k20_r0.7"	20	0.7
5	1700	494	0.501555625883801	0.561958864110929	-0.590431972490944	12	"GSE285715"	"k20_r0.7"	20	0.7
6	1941	551	-0.363094437319739	-0.364447079341474	-0.852908332222629	551	"GSE285715"	"k20_r0.7"	20	0.7
7	2495	734	0.127862895375794	0.15569796290314	-0.390695089618581	193	"GSE285715"	"k20_r0.7"	20	0.7
8	2899	858	0.292764445734767	0.319714295323643	-0.343874982262939	20	"GSE285715"	"k20_r0.7"	20	0.7
9	1424	416	0.14397999484573	0.1590815496759	-0.254152502623543	60	"GSE285715"	"k20_r0.7"	20	0.7
1	1085	308	0.599869213208389	0.711484222575978	-0.373610492178332	21	"GSE285715"	"k20_r0.8"	20	0.8
2	109	33	0.877262228847582	0.904229435298419	0.663942617146352	0	"GSE285715"	"k20_r0.8"	20	0.8
3	2485	711	0.373289025905574	0.433571833547289	-0.478393072261627	41	"GSE285715"	"k20_r0.8"	20	0.8
4	2195	664	-0.0663180061095703	-0.0260970064202935	-0.692665639678995	345	"GSE285715"	"k20_r0.8"	20	0.8
5	1701	494	0.498709762185493	0.561958864110929	-0.590547194208133	14	"GSE285715"	"k20_r0.8"	20	0.8
6	1057	278	0.0438722048617102	0.0766170482696015	-0.406322205577865	95	"GSE285715"	"k20_r0.8"	20	0.8
7	1944	552	-0.384391557626838	-0.379707132383732	-0.853116855629497	552	"GSE285715"	"k20_r0.8"	20	0.8
8	2463	723	0.126065164743656	0.15025940641732	-0.438926156871919	194	"GSE285715"	"k20_r0.8"	20	0.8
9	2739	817	0.309673195965344	0.332698006573368	-0.138380821271253	9	"GSE285715"	"k20_r0.8"	20	0.8
10	1463	420	0.127505427888414	0.141738222945249	-0.258922082227239	71	"GSE285715"	"k20_r0.8"	20	0.8
1	1085	308	0.599869213208389	0.711484222575978	-0.373610492178332	21	"GSE285715"	"k20_r0.9"	20	0.9
2	109	33	0.877158137963999	0.904152428845227	0.663583561275128	0	"GSE285715"	"k20_r0.9"	20	0.9
3	2471	707	0.310244108026902	0.363039325487741	-0.477764497539797	45	"GSE285715"	"k20_r0.9"	20	0.9
4	1111	338	0.150850496216204	0.213154860374909	-0.332544256168201	76	"GSE285715"	"k20_r0.9"	20	0.9
5	1701	494	0.491453302039275	0.561958864110929	-0.590649353479635	18	"GSE285715"	"k20_r0.9"	20	0.9
6	2017	564	-0.00273203539267739	0.0247210479908938	-0.443220076008175	260	"GSE285715"	"k20_r0.9"	20	0.9
7	184	49	0.161975914486488	0.130332851840988	-0.0841001667772202	4	"GSE285715"	"k20_r0.9"	20	0.9
8	1709	490	-0.315602642625022	-0.288825692051935	-0.825734464164914	486	"GSE285715"	"k20_r0.9"	20	0.9
9	2533	748	0.101177720172115	0.122296033847621	-0.45576883534591	235	"GSE285715"	"k20_r0.9"	20	0.9
10	2823	839	0.307844283871456	0.333075035670829	-0.147329526383789	11	"GSE285715"	"k20_r0.9"	20	0.9
11	1498	430	0.122839608816265	0.140413245156063	-0.256279525924218	79	"GSE285715"	"k20_r0.9"	20	0.9
1	1085	308	0.599869213208389	0.711484222575978	-0.373610492178332	21	"GSE285715"	"k20_r1.0"	20	1
2	109	33	0.865289586624798	0.895210123384209	0.623245098534108	0	"GSE285715"	"k20_r1.0"	20	1
3	1786	508	0.439750847249841	0.471673403230259	-0.40794243991426	11	"GSE285715"	"k20_r1.0"	20	1
4	1118	340	0.0936391025123351	0.159993658182845	-0.342164386490312	103	"GSE285715"	"k20_r1.0"	20	1
5	1701	494	0.491178711996293	0.561958864110929	-0.592264833127703	18	"GSE285715"	"k20_r1.0"	20	1
6	1703	463	-0.0237216758523418	-0.017931420577329	-0.329811771006177	246	"GSE285715"	"k20_r1.0"	20	1
7	1709	489	-0.339624068364104	-0.319548733854378	-0.825090586777993	489	"GSE285715"	"k20_r1.0"	20	1
8	1169	343	0.0806364521719998	0.128387777439239	-0.42642652779405	103	"GSE285715"	"k20_r1.0"	20	1
9	2224	667	0.109691847398753	0.121401006875126	-0.525495888694371	197	"GSE285715"	"k20_r1.0"	20	1
10	2429	717	0.157180069313514	0.186988300563583	-0.356500126988078	114	"GSE285715"	"k20_r1.0"	20	1
11	1810	513	-0.0097178472461682	0.00588333839550767	-0.444231512548079	249	"GSE285715"	"k20_r1.0"	20	1
12	398	125	0.411596530981697	0.451239848887974	0.0581185961302891	0	"GSE285715"	"k20_r1.0"	20	1
1	1085	308	0.599869213208389	0.711484222575978	-0.373610492178332	21	"GSE285715"	"k20_r1.1"	20	1.1
2	109	33	0.780922179318905	0.827597564481519	0.428106679139116	0	"GSE285715"	"k20_r1.1"	20	1.1
3	1781	507	0.377132376639567	0.418783533583871	-0.407466501357867	24	"GSE285715"	"k20_r1.1"	20	1.1
4	2042	618	-0.0370400776126771	0.0425640057587539	-0.668307928559323	289	"GSE285715"	"k20_r1.1"	20	1.1
5	1701	494	0.49850314892557	0.561958864110929	-0.593498008812358	14	"GSE285715"	"k20_r1.1"	20	1.1
6	1610	438	-0.0105877655948472	0.00345342535123286	-0.3452908792633	217	"GSE285715"	"k20_r1.1"	20	1.1
7	606	181	0.119045248087533	0.184695684674939	-0.58718384213671	45	"GSE285715"	"k20_r1.1"	20	1.1
8	1340	371	-0.201047974116416	-0.164952698539481	-0.670663020533626	290	"GSE285715"	"k20_r1.1"	20	1.1
9	1863	560	0.0752690539408561	0.0944480228765109	-0.541690997954816	186	"GSE285715"	"k20_r1.1"	20	1.1
10	2291	671	0.123041507479297	0.157725616151072	-0.390963433163684	155	"GSE285715"	"k20_r1.1"	20	1.1
11	1611	456	0.128879987656845	0.14784355606561	-0.310695220733083	95	"GSE285715"	"k20_r1.1"	20	1.1
12	801	238	-0.0144909027399613	-0.0101282789605794	-0.299496343314087	133	"GSE285715"	"k20_r1.1"	20	1.1
13	401	125	0.402233510754988	0.442387467119611	0.0479984915942612	0	"GSE285715"	"k20_r1.1"	20	1.1
1	1085	308	0.599869213208389	0.711484222575978	-0.373610492178332	21	"GSE285715"	"k20_r1.2"	20	1.2
2	109	33	0.854364857611865	0.885167826508187	0.618615774424145	0	"GSE285715"	"k20_r1.2"	20	1.2
3	1765	499	0.327235759160161	0.369679849083937	-0.405649470828771	22	"GSE285715"	"k20_r1.2"	20	1.2
4	861	269	0.101815505008679	0.165417520665502	-0.310694360347506	79	"GSE285715"	"k20_r1.2"	20	1.2
5	1700	494	0.491014439880836	0.561958864110929	-0.593615546302839	18	"GSE285715"	"k20_r1.2"	20	1.2
6	1631	445	-0.036422148433501	-0.0351820151085857	-0.408315830257568	255	"GSE285715"	"k20_r1.2"	20	1.2
7	1160	334	-0.13327115090969	-0.115628250042107	-0.739271940169806	223	"GSE285715"	"k20_r1.2"	20	1.2
8	790	222	-0.00297007075024944	0.023974067503463	-0.435495990191107	101	"GSE285715"	"k20_r1.2"	20	1.2
9	1262	367	0.0356398184999865	0.0737527458032939	-0.562560541817799	131	"GSE285715"	"k20_r1.2"	20	1.2
10	972	296	0.141318041946293	0.150614149354856	-0.254478333163989	69	"GSE285715"	"k20_r1.2"	20	1.2
11	897	264	0.174019390631252	0.20058468216505	-0.346119195273484	35	"GSE285715"	"k20_r1.2"	20	1.2
12	103	26	0.332818122522615	0.350914992739393	0.203969616514093	0	"GSE285715"	"k20_r1.2"	20	1.2
13	2412	713	0.151231494979254	0.183026352861767	-0.34714481721432	122	"GSE285715"	"k20_r1.2"	20	1.2
14	2081	600	-0.0508915445299714	-0.0343026581567415	-0.456291545740884	336	"GSE285715"	"k20_r1.2"	20	1.2
15	413	130	0.394406376784354	0.43167725818255	-0.0193362635160382	1	"GSE285715"	"k20_r1.2"	20	1.2
1	1085	308	0.598993680977635	0.71093067607651	-0.374339778386394	21	"GSE285715"	"k20_r1.3"	20	1.3
2	109	33	0.780676268070988	0.827436956797738	0.427396515535463	0	"GSE285715"	"k20_r1.3"	20	1.3
3	1733	490	0.253489070768463	0.290144876890283	-0.401557610404404	44	"GSE285715"	"k20_r1.3"	20	1.3
4	1154	356	0.104411999605354	0.15884402619981	-0.316958946621801	101	"GSE285715"	"k20_r1.3"	20	1.3
5	1699	493	0.494956506474385	0.565123159206135	-0.58960594965726	17	"GSE285715"	"k20_r1.3"	20	1.3
6	963	251	-0.013262880338553	-0.00216797317868607	-0.425685301480139	126	"GSE285715"	"k20_r1.3"	20	1.3
7	603	181	0.11814635559294	0.180231276810386	-0.586795792697686	46	"GSE285715"	"k20_r1.3"	20	1.3
8	1061	291	-0.0818588661887631	-0.058652098381141	-0.546039429872316	175	"GSE285715"	"k20_r1.3"	20	1.3
9	1136	343	0.126392580667128	0.131786755557666	-0.168742347099216	50	"GSE285715"	"k20_r1.3"	20	1.3
10	1282	373	-0.0522728340875286	-0.007608667688702	-0.57556304239183	190	"GSE285715"	"k20_r1.3"	20	1.3
11	974	296	0.0825112816629521	0.104836415969897	-0.439598078362509	98	"GSE285715"	"k20_r1.3"	20	1.3
12	1240	344	0.0869112661871563	0.128586773044961	-0.477574031414756	99	"GSE285715"	"k20_r1.3"	20	1.3
13	2165	636	0.107782394967297	0.127534228245966	-0.34674694521763	140	"GSE285715"	"k20_r1.3"	20	1.3
14	1404	409	0.0282763105092705	0.0293970843270779	-0.440431932460214	177	"GSE285715"	"k20_r1.3"	20	1.3
15	232	69	0.331448086858049	0.359438450819219	0.153843300294619	0	"GSE285715"	"k20_r1.3"	20	1.3
16	401	127	0.387508399053768	0.433645269733712	-0.0411148263200589	1	"GSE285715"	"k20_r1.3"	20	1.3
1	1085	308	0.598993680977635	0.71093067607651	-0.374339778386394	21	"GSE285715"	"k20_r1.4"	20	1.4
2	109	33	0.781276433588696	0.82791863121741	0.428620102491638	0	"GSE285715"	"k20_r1.4"	20	1.4
3	1729	489	0.193464588750888	0.218341111921861	-0.401415142931253	85	"GSE285715"	"k20_r1.4"	20	1.4
4	1149	354	0.100842344246687	0.155878478445142	-0.326465732586002	106	"GSE285715"	"k20_r1.4"	20	1.4
5	1699	493	0.494807326861819	0.565123159206135	-0.598998931459348	17	"GSE285715"	"k20_r1.4"	20	1.4
6	950	251	-0.0312341767561317	-0.0177565855305099	-0.451651354910132	133	"GSE285715"	"k20_r1.4"	20	1.4
7	604	182	0.115300318904166	0.174720602031627	-0.588187191713546	47	"GSE285715"	"k20_r1.4"	20	1.4
8	1060	290	-0.110740608662952	-0.101817291992156	-0.547531958892973	196	"GSE285715"	"k20_r1.4"	20	1.4
9	658	191	0.265465472742973	0.276979284173519	-0.0364522876868685	1	"GSE285715"	"k20_r1.4"	20	1.4
10	1271	367	-0.019005288419988	0.0160135290991377	-0.55789393779142	170	"GSE285715"	"k20_r1.4"	20	1.4
11	951	285	0.130320294684741	0.13907603336348	-0.243485848533317	70	"GSE285715"	"k20_r1.4"	20	1.4
12	947	283	0.104976092367207	0.114554709045833	-0.347926969856045	62	"GSE285715"	"k20_r1.4"	20	1.4
13	699	218	0.0964764104035817	0.0996747995412849	-0.228714694887499	56	"GSE285715"	"k20_r1.4"	20	1.4
14	1322	366	0.0962019144656717	0.0952525256287573	-0.323815002538198	101	"GSE285715"	"k20_r1.4"	20	1.4
15	1818	517	0.19125414443311	0.219166395412611	-0.265597622213485	52	"GSE285715"	"k20_r1.4"	20	1.4
16	779	244	0.122616708968314	0.132235681482099	-0.242417275563747	46	"GSE285715"	"k20_r1.4"	20	1.4
17	411	129	0.359117853733579	0.393312514179865	-0.0256443349578125	1	"GSE285715"	"k20_r1.4"	20	1.4
1	1085	308	0.600015657524333	0.711541802348767	-0.373138631059197	21	"GSE285715"	"k20_r1.5"	20	1.5
2	109	33	0.781276433588696	0.82791863121741	0.428620102491638	0	"GSE285715"	"k20_r1.5"	20	1.5
3	1552	443	0.212495829971978	0.247425273882255	-0.382256899559302	60	"GSE285715"	"k20_r1.5"	20	1.5
4	1217	368	0.0897335282173179	0.14147348067001	-0.32000407951241	116	"GSE285715"	"k20_r1.5"	20	1.5
5	1701	494	0.490803562654606	0.561525958239	-0.598018994946301	18	"GSE285715"	"k20_r1.5"	20	1.5
6	952	251	-0.0313191901462531	-0.0171012261774535	-0.452349305456798	134	"GSE285715"	"k20_r1.5"	20	1.5
7	605	182	0.107189355651145	0.158837789520228	-0.588187191713546	50	"GSE285715"	"k20_r1.5"	20	1.5
8	989	275	-0.0930903598291332	-0.0929965843159419	-0.524447974108218	178	"GSE285715"	"k20_r1.5"	20	1.5
9	729	209	0.235668301530375	0.250451601807482	-0.134517264261745	6	"GSE285715"	"k20_r1.5"	20	1.5
10	1275	369	-0.0213784794931373	0.0137316149881192	-0.55762303363275	173	"GSE285715"	"k20_r1.5"	20	1.5
11	888	272	0.125174262441212	0.135483516805378	-0.275429592682296	70	"GSE285715"	"k20_r1.5"	20	1.5
12	600	184	0.213390563364779	0.22304925734748	-0.140982220263715	11	"GSE285715"	"k20_r1.5"	20	1.5
13	1202	338	0.0535864967201075	0.0738557008630653	-0.327825605999277	132	"GSE285715"	"k20_r1.5"	20	1.5
14	706	220	0.0999073178148564	0.100218870579258	-0.237384545218951	57	"GSE285715"	"k20_r1.5"	20	1.5
15	1412	411	0.01928424911461	0.0217000990978742	-0.360979026495298	189	"GSE285715"	"k20_r1.5"	20	1.5
16	1809	515	0.189387285455037	0.218588955213088	-0.278164025036419	56	"GSE285715"	"k20_r1.5"	20	1.5
17	410	128	0.375124534394859	0.409743767877172	-0.0105040662659284	1	"GSE285715"	"k20_r1.5"	20	1.5
1	1025	287	0.692223738232635	0.761671422797503	0.00328197652205574	0	"GSE285715"	"k30_r0.1"	30	0.1
2	14471	4204	0.683251594947845	0.738087384039098	-0.25631094802336	25	"GSE285715"	"k30_r0.1"	30	0.1
3	1745	509	0.52127506086875	0.574755903958979	-0.3207893331035	8	"GSE285715"	"k30_r0.1"	30	0.1
1	1025	287	0.692223738232635	0.761671422797503	0.00328197652205574	0	"GSE285715"	"k30_r0.2"	30	0.2
2	109	33	0.902611065824597	0.923431813755827	0.745988406150959	0	"GSE285715"	"k30_r0.2"	30	0.2
3	4680	1348	-0.210754627390896	-0.2024552440106	-0.892795236141861	956	"GSE285715"	"k30_r0.2"	30	0.2
4	1744	509	0.518343629606223	0.574755903958979	-0.36267758067582	8	"GSE285715"	"k30_r0.2"	30	0.2
5	4978	1449	0.167386133437343	0.210251253583842	-0.616939302343715	246	"GSE285715"	"k30_r0.2"	30	0.2
6	4705	1374	0.433527485285798	0.465907454978132	-0.101617033242343	16	"GSE285715"	"k30_r0.2"	30	0.2
1	1025	287	0.693010893809258	0.762255261551608	0.00533909017265172	0	"GSE285715"	"k30_r0.3"	30	0.3
2	1193	343	0.0951165650290357	0.15618949508654	-0.451596260190823	113	"GSE285715"	"k30_r0.3"	30	0.3
3	3647	1057	-0.0482369207200683	-0.0274149898958118	-0.575727584961945	555	"GSE285715"	"k30_r0.3"	30	0.3
4	1745	510	0.509831889939442	0.570769169650205	-0.420866275797168	10	"GSE285715"	"k30_r0.3"	30	0.3
5	2871	828	0.303121914526235	0.34578985889576	-0.234577851127919	58	"GSE285715"	"k30_r0.3"	30	0.3
6	2142	625	0.169821108774848	0.211432759596625	-0.431285293698819	126	"GSE285715"	"k30_r0.3"	30	0.3
7	4618	1350	0.3992958402018	0.443354292454512	-0.265988242735259	44	"GSE285715"	"k30_r0.3"	30	0.3
1	1025	287	0.693010893809258	0.762255261551608	0.00533909017265172	0	"GSE285715"	"k30_r0.4"	30	0.4
2	1698	485	-0.187068525692168	-0.183461896860537	-0.456603671443417	483	"GSE285715"	"k30_r0.4"	30	0.4
3	3371	963	-0.107984770543842	-0.085214543328973	-0.650292017462071	551	"GSE285715"	"k30_r0.4"	30	0.4
4	1745	510	0.510089625916017	0.570769169650205	-0.409352123563644	10	"GSE285715"	"k30_r0.4"	30	0.4
5	2811	813	0.393944289475181	0.441173893947052	-0.204375179568944	16	"GSE285715"	"k30_r0.4"	30	0.4
6	3601	1057	-0.0595599987859256	-0.0559211829265475	-0.404111135249117	609	"GSE285715"	"k30_r0.4"	30	0.4
7	2990	885	0.453949214788989	0.485950855069316	-0.23042300246036	11	"GSE285715"	"k30_r0.4"	30	0.4
1	1025	287	0.692223738232635	0.761671422797503	0.00328197652205574	0	"GSE285715"	"k30_r0.5"	30	0.5
2	1706	489	-0.20679042821823	-0.204358990845027	-0.463913942354588	486	"GSE285715"	"k30_r0.5"	30	0.5
3	3449	985	-0.12509564748992	-0.117154085053274	-0.650852582191859	583	"GSE285715"	"k30_r0.5"	30	0.5
4	1744	509	0.514278553763208	0.574755903958979	-0.409587588120535	9	"GSE285715"	"k30_r0.5"	30	0.5
5	2521	719	0.40322882812429	0.448613891635309	-0.312600671101403	23	"GSE285715"	"k30_r0.5"	30	0.5
6	2447	726	0.139289432583765	0.173183597227399	-0.437515693244429	183	"GSE285715"	"k30_r0.5"	30	0.5
7	2899	858	0.306032108906139	0.329159557812351	-0.142808961507253	8	"GSE285715"	"k30_r0.5"	30	0.5
8	1450	427	0.157667445647222	0.171222126576307	-0.213944529041958	49	"GSE285715"	"k30_r0.5"	30	0.5
1	1025	287	0.693194732593922	0.762378988823889	0.00575508501896167	0	"GSE285715"	"k30_r0.6"	30	0.6
2	109	33	0.876600440080705	0.903685803594964	0.662299715328004	0	"GSE285715"	"k30_r0.6"	30	0.6
3	1627	461	-0.280136227230156	-0.245825664350727	-0.824770487630926	449	"GSE285715"	"k30_r0.6"	30	0.6
4	3439	984	-0.12500743642036	-0.113357052539585	-0.649686998801166	585	"GSE285715"	"k30_r0.6"	30	0.6
5	1746	510	0.50893639386818	0.569757615004875	-0.591824693204686	10	"GSE285715"	"k30_r0.6"	30	0.6
6	2556	730	0.369297731109311	0.425343091411021	-0.476323342848544	44	"GSE285715"	"k30_r0.6"	30	0.6
7	2447	728	0.138181595074973	0.169788260017971	-0.432613376020855	185	"GSE285715"	"k30_r0.6"	30	0.6
8	2824	833	0.311984196860121	0.334510403219922	-0.13872255037281	6	"GSE285715"	"k30_r0.6"	30	0.6
9	1468	434	0.149112633998177	0.164864359980895	-0.212198353785775	56	"GSE285715"	"k30_r0.6"	30	0.6
1	1025	287	0.693194732593922	0.762378988823889	0.00575508501896167	0	"GSE285715"	"k30_r0.7"	30	0.7
2	109	33	0.876648027304207	0.9037231209155	0.662447219270816	0	"GSE285715"	"k30_r0.7"	30	0.7
3	1846	520	-0.356347007934988	-0.353717906778175	-0.853048399185494	520	"GSE285715"	"k30_r0.7"	30	0.7
4	3201	922	-0.121252608130321	-0.120379489948026	-0.636075029281467	560	"GSE285715"	"k30_r0.7"	30	0.7
5	1746	510	0.509047357475611	0.569757615004875	-0.591877319581111	9	"GSE285715"	"k30_r0.7"	30	0.7
6	2554	730	0.369419845870354	0.425898503252171	-0.476558365714792	45	"GSE285715"	"k30_r0.7"	30	0.7
7	2430	722	0.143068866831832	0.175202750230443	-0.43456002590482	179	"GSE285715"	"k30_r0.7"	30	0.7
8	2837	834	0.305549984693384	0.328918698439415	-0.264038791868567	13	"GSE285715"	"k30_r0.7"	30	0.7
9	1493	442	0.146894479336161	0.162533526966643	-0.208889418319427	63	"GSE285715"	"k30_r0.7"	30	0.7
1	1025	287	0.693194732593922	0.762378988823889	0.00575508501896167	0	"GSE285715"	"k30_r0.8"	30	0.8
2	109	33	0.876584571700664	0.903671053480976	0.662291189310497	0	"GSE285715"	"k30_r0.8"	30	0.8
3	1445	408	-0.244456847134012	-0.19869309673275	-0.798677604783593	394	"GSE285715"	"k30_r0.8"	30	0.8
4	1981	597	-0.00204643430186237	0.064106042981826	-0.529548364486223	271	"GSE285715"	"k30_r0.8"	30	0.8
5	1746	510	0.503594492067892	0.569757615004875	-0.591825097028216	10	"GSE285715"	"k30_r0.8"	30	0.8
6	2548	729	0.350166870543639	0.410753450227636	-0.476378644421837	50	"GSE285715"	"k30_r0.8"	30	0.8
7	1008	265	0.0688673585431561	0.0915638976791043	-0.367792257469551	74	"GSE285715"	"k30_r0.8"	30	0.8
8	2487	737	0.122126738177847	0.149881232074955	-0.434645028727892	204	"GSE285715"	"k30_r0.8"	30	0.8
9	859	238	0.118818040510316	0.15378864745283	-0.236520385406828	59	"GSE285715"	"k30_r0.8"	30	0.8
10	2583	768	0.294969099441122	0.314960076768898	-0.22949309423907	14	"GSE285715"	"k30_r0.8"	30	0.8
11	1450	428	0.145508073666849	0.163412736359045	-0.212580411508073	64	"GSE285715"	"k30_r0.8"	30	0.8
1	1024	287	0.693194732593922	0.762378988823889	0.00575508501896167	0	"GSE285715"	"k30_r0.9"	30	0.9
2	109	33	0.876778078971051	0.903818252685953	0.662955658396824	0	"GSE285715"	"k30_r0.9"	30	0.9
3	1629	461	-0.303333867786677	-0.264997973286135	-0.824877501492455	461	"GSE285715"	"k30_r0.9"	30	0.9
4	2608	771	-0.0911646782752204	-0.0528957586731047	-0.719766151742369	413	"GSE285715"	"k30_r0.9"	30	0.9
5	1747	510	0.506515104654414	0.569757615004875	-0.591757355955521	10	"GSE285715"	"k30_r0.9"	30	0.9
6	2555	730	0.3575868685718	0.418722573871163	-0.477551500748967	52	"GSE285715"	"k30_r0.9"	30	0.9
7	1028	273	0.076237615251752	0.105976659066966	-0.363883987170895	71	"GSE285715"	"k30_r0.9"	30	0.9
8	2544	751	0.119465115223284	0.150048222297528	-0.430816429181371	213	"GSE285715"	"k30_r0.9"	30	0.9
9	2593	767	0.32237161561151	0.343080552290866	-0.107730676399642	5	"GSE285715"	"k30_r0.9"	30	0.9
10	1404	417	0.147590567614114	0.15961820824754	-0.227514803823694	55	"GSE285715"	"k30_r0.9"	30	0.9
1	1024	287	0.693194732593922	0.762378988823889	0.00575508501896167	0	"GSE285715"	"k30_r1.0"	30	1
2	713	215	0.325013137000765	0.419994148453959	-0.258011683005578	23	"GSE285715"	"k30_r1.0"	30	1
3	2435	722	-0.0803383152811672	-0.0101812129423498	-0.698743670500906	367	"GSE285715"	"k30_r1.0"	30	1
4	1747	510	0.507313997270634	0.569757615004875	-0.589876016299711	10	"GSE285715"	"k30_r1.0"	30	1
5	1883	539	0.374240137262977	0.419035498325245	-0.31983596376256	25	"GSE285715"	"k30_r1.0"	30	1
6	1688	458	0.015807584704443	0.0332971700032752	-0.328343860833742	193	"GSE285715"	"k30_r1.0"	30	1
7	1228	337	-0.153837806967259	-0.110974561060813	-0.652948815404721	230	"GSE285715"	"k30_r1.0"	30	1
8	2550	753	0.123098464696197	0.152150453285593	-0.466987242633274	197	"GSE285715"	"k30_r1.0"	30	1
9	2548	754	0.325604940805021	0.346337049863758	-0.0531507131992056	6	"GSE285715"	"k30_r1.0"	30	1
10	1425	425	0.146029144003199	0.163402283185346	-0.229240484644011	57	"GSE285715"	"k30_r1.0"	30	1
1	1024	287	0.693973338067476	0.762956863414056	0.00779320794450176	0	"GSE285715"	"k30_r1.1"	30	1.1
2	1745	497	-0.271803897190851	-0.26191267160163	-0.53282139266018	497	"GSE285715"	"k30_r1.1"	30	1.1
3	1790	541	-0.00808577955538286	0.0775870140631834	-0.544557385458928	244	"GSE285715"	"k30_r1.1"	30	1.1
4	1748	511	0.499731911333839	0.567451608480639	-0.589502576112077	11	"GSE285715"	"k30_r1.1"	30	1.1
5	1880	538	0.455625633171043	0.473738184178056	0.0379101026349485	0	"GSE285715"	"k30_r1.1"	30	1.1
6	1683	461	-0.02018163975996	-0.0112085424054602	-0.32779995770935	246	"GSE285715"	"k30_r1.1"	30	1.1
7	2560	752	0.105948990600029	0.129759065833888	-0.466555357096013	215	"GSE285715"	"k30_r1.1"	30	1.1
8	812	233	0.0722653913424974	0.0942783771807281	-0.337313091230984	76	"GSE285715"	"k30_r1.1"	30	1.1
9	2188	643	0.197725859515887	0.230517461928996	-0.365084535037714	83	"GSE285715"	"k30_r1.1"	30	1.1
10	1433	423	0.0350550768052677	0.0612401224421395	-0.435389865272733	165	"GSE285715"	"k30_r1.1"	30	1.1
11	378	114	0.45551091345536	0.490041715125178	0.181658650172355	0	"GSE285715"	"k30_r1.1"	30	1.1
1	1024	287	0.693973338067476	0.762956863414056	0.00779320794450176	0	"GSE285715"	"k30_r1.2"	30	1.2
2	713	215	0.323373931140482	0.418637218930774	-0.259188855439717	23	"GSE285715"	"k30_r1.2"	30	1.2
3	1790	540	-0.0166176797318662	0.0738488102041656	-0.54497275347983	245	"GSE285715"	"k30_r1.2"	30	1.2
4	1748	511	0.499714017296191	0.567451608480639	-0.589420263383291	11	"GSE285715"	"k30_r1.2"	30	1.2
5	1873	534	0.326205157418028	0.370977671006732	-0.31810266906193	27	"GSE285715"	"k30_r1.2"	30	1.2
6	1684	462	-0.0291152483969018	-0.0228216388467781	-0.32802250721492	264	"GSE285715"	"k30_r1.2"	30	1.2
7	1036	283	-0.0476758179379918	-0.0162216777086426	-0.550126966168084	151	"GSE285715"	"k30_r1.2"	30	1.2
8	1128	337	0.12836255063737	0.156382435313731	-0.390400243047249	82	"GSE285715"	"k30_r1.2"	30	1.2
9	1462	425	0.176762254467119	0.186910647353365	-0.290409679130439	41	"GSE285715"	"k30_r1.2"	30	1.2
10	816	234	0.0695015665799936	0.0912989858983531	-0.336842066923035	77	"GSE285715"	"k30_r1.2"	30	1.2
11	2156	634	0.199287107580863	0.229967478234983	-0.326464502734994	80	"GSE285715"	"k30_r1.2"	30	1.2
12	1427	421	0.0324602065958136	0.056635726686883	-0.429967877770003	173	"GSE285715"	"k30_r1.2"	30	1.2
13	384	117	0.447867058793625	0.486007511283862	0.104963012702903	0	"GSE285715"	"k30_r1.2"	30	1.2
1	1024	287	0.693973338067476	0.762956863414056	0.00779320794450176	0	"GSE285715"	"k30_r1.3"	30	1.3
2	713	216	0.314651271315552	0.4077484272441	-0.270847737286362	25	"GSE285715"	"k30_r1.3"	30	1.3
3	1789	540	-0.024775011957041	0.0620133502746478	-0.560480528640851	251	"GSE285715"	"k30_r1.3"	30	1.3
4	1748	511	0.499512522038657	0.567451608480639	-0.589788385481116	11	"GSE285715"	"k30_r1.3"	30	1.3
5	1808	511	0.252504669936357	0.284793255132375	-0.277697628643593	43	"GSE285715"	"k30_r1.3"	30	1.3
6	976	262	0.0162122762225102	0.0221219973752804	-0.412815549071634	119	"GSE285715"	"k30_r1.3"	30	1.3
7	1038	282	-0.0557220847362368	-0.0287074121893183	-0.555656638549919	157	"GSE285715"	"k30_r1.3"	30	1.3
8	1185	362	0.141199002030115	0.140510249241583	-0.188328041128824	54	"GSE285715"	"k30_r1.3"	30	1.3
9	2120	615	0.0266735448040713	0.063228085069605	-0.464304550363913	243	"GSE285715"	"k30_r1.3"	30	1.3
10	654	192	0.117864930692892	0.15712445342549	-0.247877814815152	47	"GSE285715"	"k30_r1.3"	30	1.3
11	2299	664	0.150072567788937	0.186721273041257	-0.398384497511254	127	"GSE285715"	"k30_r1.3"	30	1.3
12	1505	440	0.0395388857545321	0.0629862223522994	-0.399970543611205	174	"GSE285715"	"k30_r1.3"	30	1.3
13	382	118	0.426901381156233	0.467333509674961	0.0561752377153654	0	"GSE285715"	"k30_r1.3"	30	1.3
1	1024	287	0.693973338067476	0.762956863414056	0.00779320794450176	0	"GSE285715"	"k30_r1.4"	30	1.4
2	715	216	0.313701960549372	0.406991439083514	-0.272176222312854	25	"GSE285715"	"k30_r1.4"	30	1.4
3	1868	560	-0.0405470113934453	0.0427489405927979	-0.556224581556541	270	"GSE285715"	"k30_r1.4"	30	1.4
4	1748	511	0.49993051342844	0.567451608480639	-0.589944705589777	11	"GSE285715"	"k30_r1.4"	30	1.4
5	1791	506	0.308750000705885	0.3525155971955	-0.276259801507881	31	"GSE285715"	"k30_r1.4"	30	1.4
6	1570	430	-0.000463753024164945	0.00425273202106787	-0.319476153032297	211	"GSE285715"	"k30_r1.4"	30	1.4
7	1035	282	-0.0547837513160656	-0.0280506880196584	-0.556465735514925	158	"GSE285715"	"k30_r1.4"	30	1.4
8	1152	341	0.0933464889141071	0.137378367146256	-0.457627248882669	100	"GSE285715"	"k30_r1.4"	30	1.4
9	831	253	0.216072609801639	0.233355511310514	-0.309267901993608	15	"GSE285715"	"k30_r1.4"	30	1.4
10	659	197	0.0875019389422669	0.112570439615318	-0.277843933802041	63	"GSE285715"	"k30_r1.4"	30	1.4
11	1710	497	0.0244967327534184	0.030337048248113	-0.381686077140117	214	"GSE285715"	"k30_r1.4"	30	1.4
12	2179	629	0.185839701833588	0.219798144657982	-0.360897244834578	81	"GSE285715"	"k30_r1.4"	30	1.4
13	575	173	0.125029047265685	0.141190934360493	-0.232333184558005	23	"GSE285715"	"k30_r1.4"	30	1.4
14	384	118	0.380946781298157	0.417852121815192	0.0250983317701392	0	"GSE285715"	"k30_r1.4"	30	1.4
1	1095	311	0.576022724853008	0.696688276643127	-0.37297486709692	24	"GSE285715"	"k30_r1.5"	30	1.5
2	1170	334	0.008909347636849	0.0748097483782227	-0.473675361032469	133	"GSE285715"	"k30_r1.5"	30	1.5
3	1666	505	-0.0608260164346853	-0.0213813693640877	-0.534720690457853	261	"GSE285715"	"k30_r1.5"	30	1.5
4	1788	505	0.197631706729301	0.214641853176994	-0.230826497386948	76	"GSE285715"	"k30_r1.5"	30	1.5
5	1677	487	0.517012991177108	0.577600067580335	-0.596215385001158	9	"GSE285715"	"k30_r1.5"	30	1.5
6	942	248	-0.0272538009403913	-0.0175269016076875	-0.396674550770356	134	"GSE285715"	"k30_r1.5"	30	1.5
7	762	217	0.00413061051664379	0.0535449275941095	-0.532635296264322	92	"GSE285715"	"k30_r1.5"	30	1.5
8	677	192	0.258262733078937	0.281716083930088	-0.0752203416883092	4	"GSE285715"	"k30_r1.5"	30	1.5
9	1177	357	0.0397079510553428	0.0849935520947992	-0.514722781994679	136	"GSE285715"	"k30_r1.5"	30	1.5
10	485	155	0.252434855741082	0.260334984904593	-0.0595879774638877	5	"GSE285715"	"k30_r1.5"	30	1.5
11	651	191	0.0674748568075677	0.0930073438135146	-0.247205090098796	62	"GSE285715"	"k30_r1.5"	30	1.5
12	1043	292	0.0994658901639309	0.123810380078849	-0.274744251167016	84	"GSE285715"	"k30_r1.5"	30	1.5
13	1657	483	0.136382416547483	0.155499938370657	-0.261286140923018	97	"GSE285715"	"k30_r1.5"	30	1.5
14	1484	439	0.0271072656983208	0.0404511935551585	-0.36726407634663	193	"GSE285715"	"k30_r1.5"	30	1.5
15	967	284	0.294113386571537	0.295524634570033	-0.0791513385847209	3	"GSE285715"	"k30_r1.5"	30	1.5
