index	observed	oob_prediction
1	0.054306816	0.0391876526408148
2	0.2086388	0.220824392606961
3	0.090041232	0.0656175719128571
4	0.173799341	0.207685965136048
5	0.0404042592	0.0554339363668018
6	0.157549013	0.172356892079386
7	0.034388423	0.0518613181212857
8	0.1846794338	0.140886094670365
9	0.117817698	0.0825203507395833
10	0.152662922	0.17565890504955
11	0.381960295	0.178877506336056
12	0.63125855	0.617467860978095
13	0.021201023	0.0240739058385648
14	0.102659444	0.227592294752311
15	0.71481645	0.604156590635135
16	0.077387778	0.0695658421780702
17	0.062781276	0.061411312926
18	0.130384039	0.205203594284524
19	0.055467583	0.109183512185702
20	0.261169103	0.108819398930667
21	0.037895323	0.0427480774876829
22	0.071277481	0.0501543392189024
23	0.0414799454	0.137929874055648
24	0.2253075616	0.221220894765648
25	1.9543977	0.914131536396826
26	0.39025996	0.218804450063333
27	0.068742463	0.0676093388510163
28	0.27627543	0.53096388842
29	0.025342689	0.0684771774879845
30	0.033266581	0.048045079307598
31	0.23049884	0.205766244750318
32	0.0201684433	0.0375005886697287
33	0.54916681	0.377371111051709
34	0.0733925848	0.11820807572081
35	0.1184004032	0.219003035632292
36	0.08504854	0.0996314476503419
37	0.20460145	0.337442603153125
38	0.176895396	0.0824245378405039
39	0.038888203	0.0829349987224786
40	0.44263708	0.609364687193572
41	0.035057929	0.0631804644244444
42	0.4023834	0.607896442440598
43	0.153142178	0.111386580810789
44	0.39706415	0.190618243850721
45	0.03230129	0.0903735085825438
46	0.31277708	0.274253363987838
47	0.118805705	0.083592413770381
48	0.336181058	0.209272171481562
49	0.16769311	0.164753301251094
50	0.83046605	0.696302224307552
51	0.0127984863	0.0260499309923684
52	1.35629892	0.616170791814957
53	0.085619259	0.118138478757341
54	0.272149143	0.281989856413788
55	0.035871409	0.0301026720431061
56	0.28869175	0.119914443700556
57	0.107538754	0.165864466282619
58	0.122794737	0.168172008757675
59	0.2008838044	0.176588745305632
60	0.30117311	0.108443022703274
61	0.061611285	0.0525914510909259
62	0.17369307	0.278925979536585
63	0.073504313	0.112372447002604
64	0.034360819	0.0507100894685185
65	0.1555871095	0.148175835433935
66	0.475709997	0.301499765013021
67	0.420295955	0.202785059364785
68	1.16049215	1.50625442654381
69	0.96441001	0.740100978632653
70	0.032028516	0.0636101717414167
71	0.52417409	0.401311857906667
72	0.51136632	0.289896167024667
73	0.067903049	0.0769722944267442
74	0.0106440685	0.028923880711
75	0.084811821	0.0817861065794298
76	0.041488135	0.0756504899718919
77	0.166773257	0.194502125031884
78	0.036166951	0.0601303483827928
79	0.1006345555	0.0617589482191905
80	0.129890398	0.116829299301429
81	0.15771761	0.182892366153659
82	0.2104336084	0.147847760300528
83	0.16921227	0.227486814040972
84	0.049644811	0.0498060154041667
85	0.0270766274	0.0521238064653922
86	0.05052975	0.0746202742909524
87	0.108188121	0.129695089179342
88	0.037064503	0.256367759099167
89	0.062184077	0.0849339763110345
90	1.220615477	0.876208143875658
91	0.132603793	0.140448803989167
92	0.0178115505	0.0493470231003419
93	0.7216245	0.765078696565657
94	0.10494945	0.117990709984083
95	0.074233628	0.156452118366667
96	0.090063616	0.183885187140392
97	0.08126536	0.104357872530299
98	0.030426568	0.0796307765678205
99	0.856301587	0.876894570955128
100	0.0432702894	0.123904055753649
101	0.092154839	0.20381948684596
102	0.025324482	0.110187871469559
103	0.339160634	0.134687989678623
104	0.099122996	0.0702831675202381
105	0.170156377	0.143089771972685
106	0.024316212	0.0442677970564762
107	0.062751248	0.107719421537374
108	0.02931774	0.146640960011458
109	0.291403556	0.259606880524242
110	0.0217378125	0.037291607478172
111	0.263457835	0.253546238986111
112	0.5005541825	0.648625825791429
113	0.08181427	0.0814086680188597
114	0.155806459	0.311923630703889
115	0.1688832483	0.253111783477683
116	0.031660335	0.0521111771755856
117	0.178800662	0.054726256211
118	0.19709192	0.360827594777059
119	0.23358858	0.0973278157473684
120	0.470664002	0.524369679972464
121	0.086604363	0.130283704272326
122	0.437514437	0.437276816976282
123	0.063241281	0.121384299670198
124	0.05113547	0.132548406692381
125	0.405162616	0.392265412112369
126	0.42469765	0.404330338124031
127	0.054371224	0.121600397202045
128	0.026561402	0.14005817582474
129	1.88058405	1.59977536125694
130	1.045644726	1.00584426469009
131	0.145861932	0.164167132774274
132	0.111456802	0.0862343224558823
133	0.48040259	0.301601412801177
134	0.153567324	0.148178165042659
135	0.059864436	0.151464401057407
136	0.049788434	0.0869098233951852
137	0.499540329	0.415846247267928
138	0.0625465238	0.0428711920381863
139	0.037283547	0.0534041931535366
140	0.261132418	0.171559538719444
141	0.58936514	0.599163595602778
142	0.280980195	0.178694935191628
143	0.23987431	0.132875078524028
144	0.557976264	0.451616104244017
145	0.34438169	0.32221282427662
146	0.94136134	1.04739229064298
147	0.1157879504	0.0544356292768469
148	0.30032281	0.336907428209167
149	0.158329294	0.24335600529869
150	0.049640363	0.0424782669112162
151	0.2500326	0.222885318099537
152	0.18004964	0.124535912251111
153	0.026611081	0.0585185714105128
154	0.313727715	0.212010836941789
155	0.402932532	0.515513147676212
156	0.489607176	0.498420428647095
157	0.259272322	0.117800143026964
158	0.069823522	0.129140013520877
159	0.032775245	0.0677577607727027
160	0.117780764	0.132144174293116
161	0.22375475	0.118255948196296
162	0.052978607	0.0780414217168018
163	0.199293738	0.167178960534333
164	0.036022545	0.0736524358213725
165	0.022529776	0.112645338945045
166	0.051836912	0.19414111221047
167	0.265999817	0.267676627451709
168	0.18471519	0.339899401573932
169	0.067191483	0.0736942826477143
170	0.438053762	0.758280989855729
171	0.31022803	0.316329068251389
172	0.103254828	0.0975398484721429
173	0.162864662	0.191494960113846
174	0.79911634	0.814019691433334
175	0.118215037	0.101926696441146
176	0.0321572696	0.114255414023026
177	0.26445216	0.425078902094574
178	0.74227421	1.17552311080342
179	0.0204623244	0.0347857591908915
180	0.117397838	0.154644984107143
181	0.113876231	0.183422027672368
182	0.1002388514	0.102201019406765
183	0.1017772014	0.126583249790426
184	0.18308494	0.260750451459849
185	0.125219045	0.0831456881018804
186	0.09215051	0.193117615401944
187	0.0784424582	0.07760652892875
188	0.0812046476	0.0408704580792593
189	0.0271613613	0.0405740213329845
190	0.085249182	0.0699929895613492
191	0.19905297	0.196229130190952
192	0.0249962	0.048231347374009
193	0.384253317	0.529832924580076
194	0.033243837	0.0518976485117816
195	0.096043857	0.070762667597549
196	0.46936293	0.564939325187388
197	0.094833962	0.179152117990682
198	0.570550572	0.241837540567677
199	0.115508036	0.20890315716
200	0.479571125	0.251837962353599
201	0.32453028	0.353414310645238
202	0.30487783	0.236100505130392
203	0.13882158	0.0878943245058334
204	0.050496425	0.113701913290603
205	0.194317284	0.140575417095691
206	0.09013219	0.155452210226577
207	0.0271059995	0.0593020661101163
208	0.371185045	0.285024996387419
209	0.144976354	0.266582182113258
210	0.033221843	0.0375670800408772
211	0.04699247	0.0918032907786325
212	0.16560072	0.311627611344444
213	0.463688496	0.573850789019608
214	0.137079142	0.139950666372989
215	0.0327583975	0.0559276227713514
216	0.051989034	0.0600813209803241
217	0.129572482	0.0594033536738095
218	0.050326805	0.0737182159778175
219	0.0924464947	0.113746616493137
220	0.037013415	0.056280935091954
221	0.544277287	0.496659648728542
222	0.700307018	0.456648004597255
223	0.303402414	0.236399119817955
224	0.131151187	0.131583298508932
225	0.114953033	0.0972957461167619
226	0.478872085	0.425603195778869
227	0.132704867	0.129039557779583
228	0.041677345	0.115127198398171
229	0.203817245	0.227759161222973
230	0.0221613993	0.0499547349091442
231	0.055755407	0.0800396638468468
232	0.314609731	0.0883975870434211
233	0.216530578	0.253723982443763
234	0.0401981195	0.132727371781542
235	0.051868923	0.063391261364375
236	0.06815958	0.072519305423252
237	0.04123549	0.0850588301878788
238	0.080454406	0.108476157169792
239	0.929934924	1.08531047352095
240	0.393803183	0.435330369304798
241	0.36269004	0.261497047318056
242	1.005477885	0.972301873104166
243	0.066657398	0.0681568879985366
244	0.21126466	0.0387483673414634
245	0.064007872	0.120957529757609
246	0.091916653	0.168204835222549
247	0.91028625	0.632528352604365
248	0.041008798	0.0450918177128572
249	0.1498488624	0.161168610882073
250	0.410458013	0.30815595783152
251	0.3261467103	0.313365279599524
252	1.01562709	0.594232993585833
253	0.114707606	0.121897750852939
254	0.05773666	0.104220017088384
255	0.022231931	0.0511608812660088
256	0.081127007	0.137121104580278
257	0.020339137	0.0491386900874074
258	0.025166849	0.0279895223283871
259	0.119493073	0.170763265135238
260	0.072934235	0.0473990842259009
261	0.045670093	0.0397715963392342
262	0.214120935	0.167863207228577
263	0.674954308	0.483969910981197
264	0.142128982	0.225469044960882
265	0.662671134	1.05957143170208
266	2.00937555	1.59988891978421
267	0.402828839	0.517597048352083
268	0.2557761023	0.151224643722258
269	0.15359884	0.143466244457982
270	0.989434278	0.985734676544872
271	0.110040802	0.143734288869872
272	0.299669873	0.426590075642117
273	1.009342775	0.632798949467742
274	0.118726634	0.0735591182860811
275	0.040970406	0.10363599877598
276	0.16994176	0.198326844587963
277	0.52673194	0.4848716323875
278	0.035260422	0.0655146521952992
279	0.269978964	0.15457004284213
280	0.663639121	0.353957020321705
281	0.095450601	0.094421774699537
282	0.455917516	0.336151912397154
283	0.0661296725	0.105694616199792
284	0.4168835	0.136078262362381
285	0.069952207	0.0727806307144715
286	0.69855083	0.378612420523171
287	0.59055406	0.569124281940476
288	0.0228685023	0.0346927769768018
289	0.260498605	0.129172386942059
290	0.133232476	0.137109711219074
291	0.122764106	0.0523327902218333
292	0.183531492	0.210689196194048
293	0.521209175	0.657242905324762
294	0.165077146	0.21406476113045
295	0.45442582	0.552424406657292
296	0.13060562	0.206607137256569
297	0.475453167	0.366718881744444
298	0.111187159	0.20973591170594
299	0.085011946	0.125845053257454
300	0.058043532	0.0842330646291667
301	0.451561595	0.471927073327917
302	2.45680967	1.63543355296056
303	0.0247699784	0.0762983154776344
304	0.082970546	0.0732027406212037
305	0.139539274	0.12040955571828
306	0.74261942	0.837833528805714
307	0.65531935	0.792500790671111
308	0.475446558	0.130472266426504
309	0.3499984	0.259256352459667
310	0.148162535	0.219283847228721
311	0.274610277	0.774330591722619
312	0.0573028614	0.0529116980327315
313	0.030572104	0.084790593375049
314	0.14512162	0.0862537936296296
315	0.038342158	0.07641872963375
316	0.0292197756	0.0410363479341463
317	0.129497619	0.186994361117778
318	0.054443552	0.0510752904240196
319	0.061864481	0.104721790572325
320	0.069523676	0.0568666592078049
321	0.0169421024	0.0277695859886782
322	0.10533692	0.120827674613492
323	0.0369976283	0.0497433763860088
324	0.033850862	0.091854080146124
325	0.22085544	0.44836850670202
326	0.117601232	0.0818988621960937
327	0.0873201434	0.156903823605395
328	0.013325649	0.0376520798114352
329	0.046863001	0.0765892070558527
330	0.071453594	0.0858481140721078
331	0.116891431	0.231994069755667
332	0.0210927754	0.0332463401901626
333	0.110580665	0.210390453919948
334	0.036674993	0.029590777438037
335	0.131078075	0.0637420487000439
336	0.1046046567	0.13717446907838
337	0.035354081	0.175789905745789
338	0.76706473	0.508391137911765
339	0.0385349925	0.0721702304923809
340	0.172669114	0.131382213133409
341	0.18078922	0.397264307905285
342	0.032890668	0.0742986045097222
343	0.143654793	0.104541524365657
344	0.070237421	0.108452638364063
345	0.401857667	0.577690039129688
346	0.09623915	0.232514463306322
347	1.191215653	1.60128397280196
348	0.44133249	0.297829428245098
349	0.030097715	0.0912065616511111
350	0.42070883	0.252593926137879
351	0.064631215	0.0779942654222549
352	0.051411932	0.0938301889251613
353	0.136666281	0.124051266533162
354	0.290940596	0.0561361831613821
355	0.18350749	0.215721837598276
356	0.0237252233	0.105000396555208
357	0.935344385	1.1969432592496
358	0.066488347	0.0749326544955406
359	0.12211093	0.114358703017593
360	0.033708608	0.0653031872490196
361	0.0310222567	0.0591471862211404
362	0.040989408	0.0715381599367647
363	0.057329695	0.114970410428728
364	1.056706563	0.943330680128378
365	0.05402386	0.0635925298517157
366	0.0316018096	0.0659181091913725
367	0.087585425	0.131833071993919
368	0.417428307	0.355128786446491
369	0.331526893	0.637918359004946
370	0.11407334	0.0872272672104301
371	0.071434412	0.107320222281325
372	0.046585718	0.142422647455402
373	1.870976695	0.969206992721951
374	0.179563991	0.314720130915833
375	0.044620228	0.0512254187848148
376	0.701530655	0.407397516431395
377	0.129440795	0.0738186851964103
378	1.40988108	1.28113646876083
379	0.077192631	0.0593631380099123
380	0.024244081	0.0345149969459722
381	0.059590263	0.0724659556176768
382	0.030027568	0.0305638993075758
383	0.018233038	0.0508853938189167
384	0.046585395	0.11939393249838
385	0.515269371	0.313297912869608
386	0.018381184	0.0539193376069892
387	0.170150429	0.159020728174074
388	0.046637719	0.139053861092917
389	0.061854816	0.130837275201465
390	0.065208281	0.0526805092865196
391	0.095703154	0.156825737280079
392	0.121741623	0.161068241027297
393	0.049576017	0.0595634927281708
394	0.050331277	0.111179173796935
395	0.2974007	0.317940492665476
396	0.44502675	0.453699876189785
397	0.12447137	0.17509472350641
398	0.095629668	0.0690990938560077
399	0.032042134	0.0341364549358602
400	0.159906734	0.158804375452571
401	1.1041658	1.52243110007037
402	0.022712191	0.0355287084128986
403	0.285899048	0.154164298206548
404	0.036884353	0.0699362234817949
405	0.023187724	0.0415437372408095
406	0.103480991	0.135899757521
407	0.015538687	0.0390850122630107
408	0.0388063825	0.0406149815886937
409	0.135940395	0.0922233665858772
410	0.074569143	0.112133104935965
411	0.106387126	0.0949030371808602
412	0.0188257077	0.0350005684817204
413	0.397175667	0.503624110628049
414	0.048715642	0.111876163259762
415	0.184148576	0.132214694145543
416	0.6231813923	0.68635079382598
417	0.042549985	0.0647306504794118
418	0.085003275	0.239741600418919
419	0.056708197	0.119313884788889
420	0.09428342	0.0432556396621825
421	0.28483761	0.28192430789537
422	0.124681306	0.101915979279306
423	2.09797918	1.65070457680921
424	0.052364998	0.0583569973683854
425	0.062100827	0.100301652583333
426	0.024338244	0.0645135298572973
427	0.053035204	0.116628581832619
428	0.091746825	0.226678993476562
429	0.61421191	0.507026070337745
430	0.018103637	0.0325766853627976
431	0.167376201	0.14679770517598
432	0.044628032	0.0797974700825
433	0.115887422	0.0931134590941667
434	0.815347596	0.419583160874184
435	0.42950137	0.551013228379398
436	0.0397056277	0.0477224844446581
437	0.092892158	0.105690881313475
438	0.0312619315	0.0321668334767568
439	0.2079935007	0.0308564767188889
440	0.145994155	0.266675360466177
441	0.04594016	0.0807787810447154
442	0.059026372	0.0590056877949562
443	0.113999425	0.233353881385891
444	0.106326737	0.0694646461583333
445	0.319367418	0.152747250254546
446	0.131086934	0.192038036662778
447	0.53291068	0.216458466834472
448	0.065493734	0.0970493973363636
449	0.55541257	0.924180831824031
450	1.24421165	1.37549086136719
451	0.0608025205	0.130693376979129
452	1.51602904	1.30831407890775
453	0.0216743165	0.0394664498992778
454	0.353383136	0.622179007429514
455	0.076295434	0.112175345621296
456	0.035890299	0.0781489277034483
457	0.5618810883	0.121214561760167
458	0.098783944	0.112423532003565
459	0.057793507	0.0951345555408095
460	0.024716378	0.0705688844847967
461	0.36135306	0.223419451130417
462	0.0172280562	0.0549893799790171
463	0.47919652	0.592450830878509
464	0.081151047	0.0943035427280303
465	0.0157027483	0.0436484682893411
466	0.035889603	0.0428552004176812
467	0.472508367	0.282358256212917
468	0.093581732	0.166014696293218
469	0.608707867	0.419922629547985
470	0.054837947	0.0443459425485145
471	0.078666614	0.123038592717521
472	0.069206392	0.213688548962346
473	0.13850382	0.14222387460235
474	0.056593813	0.0718438559525
475	0.0360280675	0.0528152252324797
476	0.034428549	0.0482371439878049
477	0.101504249	0.136668557598333
478	0.26787801	0.134207572006395
479	0.257079858	0.117676175943376
480	0.040064423	0.0907191617911275
481	0.057912798	0.0754203271346032
482	0.0218385638	0.0607862079701613
483	0.0196149113	0.0276007894116667
484	0.025361148	0.0560900508870556
485	0.126149151	0.0843299698267677
486	0.15551053	0.117367172355214
487	0.078907118	0.0566079109249613
488	0.220513424	0.313003898870233
489	0.0611014036	0.128656185115088
490	0.226974137	0.16297150002468
491	0.0948276747	0.104472500184216
492	0.0270698076	0.0479473717722222
493	0.119926644	0.0619065960716667
494	0.0273454422	0.0778397787750834
495	0.031811141	0.0880105061599594
496	0.502187128	0.437039141472799
497	0.192674165	0.252215716192857
498	0.06964348	0.134249410798198
499	0.24336111	0.243358943455333
500	0.025356579	0.066822902461828
501	0.0820643515	0.10007246992663
502	0.136229187	0.0778824281898246
503	0.178957756	0.346890659341177
504	0.143983423	0.133323830829845
505	0.095606504	0.120002361817778
506	0.1829475437	0.0977079513980556
507	1.757304734	1.85344494659458
508	0.076397798	0.110512360068982
509	0.56471401	0.38879645326375
510	0.018445218	0.0472539968146032
511	0.267596977	0.313627904138542
512	0.03828046	0.118801926854955
513	0.0737817416	0.105167009772523
514	0.091364578	0.15489753098018
515	0.100755105	0.0726884530357738
516	0.113983937	0.182941151720787
517	1.18962168	1.19539018830833
518	0.034140311	0.100611557844676
519	0.037593068	0.0636395020925676
520	1.30413959	1.63340218188294
521	0.068697688	0.0828059373209302
522	0.027890541	0.0497840438335238
523	0.050978126	0.0601707464223188
524	0.065970667	0.119439401859459
525	0.189567278	0.214789499536282
526	0.189044014	0.323533262925294
527	0.056609014	0.137163468500727
528	0.064145444	0.142458153950333
529	0.0594807245	0.133363370334409
530	0.0325204	0.0630578327435271
531	0.124882257	0.358577719781532
532	0.0769255504	0.0880368008024286
533	0.0168123384	0.0614821303530808
534	0.145085145	0.161162742415946
535	0.306420564	0.203254331714744
536	0.067197956	0.140706894465417
537	0.110093322	0.137563980938571
538	0.1036369854	0.0989306617162302
539	0.034978809	0.110519244897361
540	0.12649603	0.0937000940242248
541	0.374901865	0.249795983890404
542	0.455289646	0.255332244378657
543	0.0328141637	0.066896124464955
544	0.063201223	0.0588695784993422
545	0.210638686	0.403102390611735
546	0.015358444	0.0373322615776068
547	0.129440593	0.121538169984234
548	0.0688504452	0.0818971573887255
549	0.096971618	0.0544985766225185
550	0.094338732	0.258103429493597
551	0.066623344	0.168161887679542
552	0.08578251	0.122735874724583
553	2.38774745	1.24502033134797
554	0.0220318156	0.0324729331731667
555	0.20103751	0.0741407114631111
556	0.065863545	0.0968186271177778
557	0.0109801652	0.0493509506301961
558	0.016071852	0.0310914605632323
559	0.0580683044	0.0947393235223563
560	0.157369363	0.245953046124074
561	0.65407563	0.678331163564957
562	1.073721384	0.829284144441111
563	0.31539147	0.285335570715476
564	1.102515848	0.970886800394595
565	0.647075406	0.388649982634333
566	0.052900772	0.0974141204088095
567	0.29963831	0.30984889664625
568	0.068645921	0.0345077322737805
569	0.168558595	0.11275843346828
570	0.051328376	0.0728854645794048
571	0.22307337	0.118289614630871
572	0.20282195	0.444035113963889
573	0.108890255	0.134671684042448
574	0.044804684	0.117735014088063
575	0.2167316804	0.24888019032152
576	0.252927273	0.0537343282424691
577	0.44427197	0.711475482090046
578	0.071580994	0.0684382807556944
579	0.165107773	0.138196394650588
580	0.051928278	0.0351642769225463
581	0.028428941	0.0391410935686765
582	0.82575646	0.644243059638172
583	0.026336145	0.0847010811572826
584	0.0415375273	0.165568848617299
585	0.245915562	0.195959529112857
586	0.37098675	0.22315897099455
587	0.243344964	0.120266617659535
588	0.094734757	0.0882395727995238
589	0.498501367	1.10661364531577
590	0.037767193	0.0384972065715351
591	0.033567678	0.0589768828440476
592	0.0220420105	0.14051381967838
593	0.093361228	0.262091673932381
594	0.0367972684	0.0579648030237879
595	0.040726483	0.0900133506386364
596	0.2379515443	0.105667525904512
597	0.577901867	0.390012157291136
598	0.081803488	0.0864641417360784
599	0.023994768	0.0448690498056771
600	0.28993555	0.251452264166508
601	0.127006536	0.212008529846009
602	0.45406584	0.339276164928283
603	0.0363858142	0.0690475358713406
604	0.086171276	0.161526969053947
605	0.086535166	0.0688349101454167
606	0.279741508	0.351020422110648
607	0.136140429	0.208091471159035
608	0.259185255	0.186600545924556
609	0.124432453	0.115290298244017
610	0.122425557	0.0604472067352857
611	0.28469034	0.408811073879524
612	0.482616256	0.569556789153948
613	0.031864229	0.0420169625430208
614	0.107302837	0.116392464892931
615	0.091517881	0.266399403288426
616	0.541176656	0.278698203759343
617	0.2258974	0.122629631660569
618	0.719684484	0.618924121989035
619	0.024492931	0.110015824194775
620	0.587161071	0.590744155606019
621	0.39226975	1.18083991323762
622	0.08483396	0.112082511957863
623	0.0333417985	0.041624114801938
624	0.083876396	0.0688778492667424
625	0.079023292	0.1051838082525
626	0.425928955	0.400293207749048
627	0.43537892	0.504223373805983
628	0.0398646025	0.0284249257567568
629	0.090944364	0.0913925926131429
630	0.20464053	0.0977220476361905
631	0.058700629	0.151372760685185
632	0.131046673	0.0788618130878295
633	0.695638195	0.828071715109619
634	0.020494129	0.0465892070410753
635	0.03356172	0.0690815062814706
636	1.4446968	1.01206168727527
637	0.166083846	0.257380470477222
638	0.253504212	0.145736962214715
639	0.0734388577	0.112057046930667
640	0.459301994	0.515190328166422
641	0.02534933	0.0637795095507843
642	0.157065322	0.0756356929680769
643	0.0176866874	0.0669001311129386
644	0.272062545	0.287660471868431
645	0.055280503	0.0691930136121951
646	0.125408552	0.159112005934444
647	0.031178943	0.0625976124820968
648	0.140716203	0.181353591684615
649	0.124229534	0.0954915696638889
650	0.77923307	0.658367403240185
651	0.187307256	0.215262237204546
652	0.018625217	0.0609843750652857
653	0.152405299	0.0709813588528571
654	0.12956261	0.263046217959869
655	1.16945638	1.16629515767108
656	0.064375702	0.0746439734564815
657	0.414630233	0.467020336385938
658	0.60136156	0.603041187717094
659	0.087799202	0.0984578467798571
660	0.074166988	0.178816043562381
661	1.20526719	1.33191119539708
662	0.198661379	0.176833761052037
663	0.07709245	0.196440260624762
664	0.054561049	0.0780264832604167
665	0.157492862	0.251765268930833
666	0.478573013	0.519038441390278
667	0.1016965985	0.115162327047642
668	0.037058117	0.0586288224003509
669	0.329086078	0.299665857110588
670	0.5739543	0.807065751451042
671	0.176283116	0.243704514777273
672	0.0249935865	0.0279905483465873
673	0.126882877	0.149726913466989
674	0.263967235	0.133100390105392
675	0.042762541	0.138098421752963
676	0.109868381	0.123501527810581
677	0.186623002	0.341279146993095
678	0.052312374	0.0646900261148611
679	0.168096256	0.143198653228056
680	0.0436232476	0.0574965409311382
681	0.703429219	0.382715076199208
682	0.101565148	0.174679438002179
683	0.042794624	0.0718280392611111
684	0.069712165	0.174578626313556
685	0.277722276	0.148660497492342
686	0.16543217	0.105473685899359
687	0.094321805	0.154640022920083
688	0.147600604	0.150266755756171
689	0.1449069	0.232471720354861
690	0.125557535	0.139099668691357
691	0.068779711	0.0567046596222523
692	0.409857748	0.278035342114493
693	0.038055112	0.0765180888912281
694	0.16553609	0.211732505051802
695	0.016759098	0.0473612648067677
696	0.039194649	0.0911277740326923
697	0.110534635	0.108654036455225
698	0.155386514	0.195862113136815
699	0.2399452186	0.27072107427
700	0.080251825	0.0451763607088889
701	0.07921391	0.0947369402956911
702	0.054611293	0.0485131306420238
703	0.02783611	0.0773616012685714
704	0.035848583	0.0717188801995098
705	0.1697781224	0.0738955789219919
706	0.057544995	0.0696534306231852
707	0.040296505	0.0600229590362302
708	0.029816699	0.0691922884995496
709	0.076341547	0.172931413497778
710	0.080571354	0.0884448227222917
711	0.097285027	0.122374705393932
712	0.017041236	0.0468885598269608
713	0.088290412	0.152533800749829
714	0.054700479	0.0932350841746759
715	0.3236392276	0.339635130305108
716	0.07104148	0.102006963827132
717	0.09981836	0.10732707276982
718	0.357098857	0.140513958934524
719	0.37581932	0.515454091345528
720	0.072372978	0.0948369233233333
721	1.094257448	1.21663999957917
722	0.0358808637	0.0292855981605417
723	0.090882185	0.157999085141324
724	0.121034962	0.0977772745763566
725	0.42977075	0.405376031805376
726	0.182734863	0.0994800966323529
727	0.061549028	0.085599358180303
728	0.0220881525	0.0457179011655173
729	0.08734624	0.0919277072709649
730	0.0279814855	0.0516322904329902
731	0.078480516	0.0612396405120417
732	0.42458879	0.471056772982193
733	0.21542674	0.0948639887602151
734	0.238289215	0.280625091312031
735	0.111862915	0.300966473336061
736	0.1283302838	0.121621649771977
737	0.124676931	0.0754596579776423
738	0.03718997	0.0841943674564516
739	0.095726371	0.126251579401667
740	0.667895459	0.744524711079531
741	0.033844222	0.0670686708960606
742	0.197671938	0.227247308035463
743	0.057470253	0.0981426790844086
744	0.1035245	0.0569189049357292
745	0.129636142	0.0453880820065079
746	0.26503211	0.374257460505172
747	0.103181131	0.277688321836111
748	0.086419437	0.163685463231333
749	0.1187629583	0.26188115468248
750	0.029027845	0.0402025424231609
751	0.08895662	0.0955840739316666
752	0.290655645	0.129706817208372
753	0.07261072	0.0830688384243902
754	0.164944904	0.180354522213772
755	0.301419678	0.49137345315049
756	0.032800933	0.0981995685395238
757	0.0321601227	0.0532382415843411
758	0.096128368	0.159338021035657
759	0.041907631	0.0596191841813793
760	1.35199391	1.25568377365147
761	0.056020304	0.0684758555312015
762	1.102319903	0.820945480379081
763	0.0291996423	0.0474280311841414
764	0.016881563	0.0238459239294907
765	0.061049461	0.100318501697206
766	0.022062308	0.0565642436185238
767	0.063601483	0.0810220075681818
768	0.0470404995	0.0348723769225463
769	0.1025036207	0.184993947834226
770	0.263324813	0.40426032955
771	0.08691727	0.388610266601773
772	0.443413435	0.442523386412838
773	0.102461744	0.104010374486667
774	0.21751745	0.293838783518519
775	0.314922606	0.222543236995041
776	0.087937142	0.116839357623333
777	0.0242831975	0.105635226315122
778	0.616776843	0.620079981746847
779	0.691245775	0.711394788103846
780	0.042437373	0.0579264791743518
781	0.030738865	0.0504193536403226
782	0.27254356	0.274630812679912
783	0.2131179	0.0882487469952381
784	0.21330432	0.156020560787012
785	0.936408335	0.787478606886458
786	0.084457275	0.079505500404951
787	0.205744917	0.126238248589957
788	0.1574934595	0.215976373077879
789	0.15400307	0.141654303160317
790	0.067560346	0.113235021149099
791	0.057891853	0.0611702199233333
792	0.0256448253	0.0246959639604386
793	0.062507353	0.0628707750872807
794	0.0628890795	0.0575475171832323
795	0.155835694	0.220118063253333
796	0.1070088385	0.175163227364729
797	0.55894508	0.522192251108333
798	0.029170514	0.0381055417546847
799	0.0265235935	0.054268919
800	0.037495509	0.144193302397561
801	0.085483973	0.110542438212143
802	0.02025871	0.056989519918
803	0.204127203	0.0980519227209596
804	0.162789125	0.105396701604605
805	0.76402449	1.0105183599838
806	0.091415405	0.104370960534896
807	0.40212372	0.278960893242442
808	0.405688706	0.430404159667157
809	0.103016838	0.08713160583875
810	0.3909858608	0.174088135016417
811	0.224591036	0.251874225742
812	0.12188095	0.0984468392593137
813	0.097861434	0.210110738840686
814	0.99332549	0.601484771618699
815	0.15702752	0.14780841313799
816	0.042883752	0.203764032954023
817	0.84732478	0.546941142909491
818	0.17170953	0.0945958943846354
819	0.136687042	0.0458772412426496
820	0.1419939615	0.0559902929216162
821	0.1828912207	0.0652428532504762
822	0.74885073	0.663126124658602
823	0.050899408	0.0788837680444445
824	0.0439217823	0.0970629394706322
825	0.400945277	0.533595199750232
826	0.113701531	0.102916015022817
827	0.215227704	0.0740743081408046
828	0.28926092	0.51391064328381
829	0.305446046	0.210870891710038
830	0.043804679	0.102911452060119
831	0.241074367	0.290968714387607
832	0.10921072	0.0809807146725834
833	0.314948901	0.374334248336111
834	0.087163629	0.0915900920705128
835	0.049465726	0.135390784034167
836	0.210810905	0.2144292946625
837	0.071705342	0.0634715563718469
838	0.050297829	0.0596190313632593
839	0.041889401	0.0938751005164414
840	1.790124808	0.665801097668919
841	0.2691753	0.252389449318572
842	0.290955674	0.423443912825947
843	0.244776302	0.127742356677195
844	0.41401024	0.391881612953077
845	0.24246989	0.267084379471545
846	0.0133821283	0.044144741591381
847	1.144545493	0.838822792568981
848	0.29097821	0.328387886110494
849	1.8957761	1.69893223850667
850	0.093004866	0.160619969213333
851	0.045357807	0.0618840868867105
852	0.054782714	0.0682490484148095
853	0.76254837	0.922524521434343
854	0.66962313	0.58142327105825
855	0.407577307	0.390126944031771
856	0.19668483	0.256000678198291
857	0.264991327	0.283734913638018
858	0.193351278	0.146644120814601
859	0.33489228	0.334529300189394
860	0.224297633	0.208049209918992
861	0.05191177	0.0570085876628572
862	0.0208415632	0.0354037855671825
863	0.70128284	0.666807201192982
864	0.362272372	0.117491399114583
865	0.0247255037	0.0645741195421667
866	0.0216168712	0.0969494282666667
867	0.033363796	0.0613045555053704
868	0.249649218	0.311272923104109
869	0.193985646	0.162639077397297
870	0.03395262	0.133099482662121
871	0.129710656	0.218844302889394
872	0.102398582	0.186530096043382
873	0.100136368	0.0499306786304651
874	0.036008586	0.0770637634795715
875	0.052490056	0.057640608765614
876	0.102734608	0.09936556138125
877	0.041006715	0.0755452881076069
878	0.346161928	0.135254656201667
879	0.518401835	0.277381622784889
880	0.212267106	0.298237090681429
881	0.695505512	1.01847108461652
882	0.239572684	0.297194986661828
883	0.068983067	0.0827618276290741
884	0.155038014	0.252394509550043
885	0.205002114	0.226026236482524
886	0.28704978	0.29295307759886
887	0.057222665	0.0731375658745238
888	0.05246924	0.0643399671300476
889	0.071913307	0.239876140516744
890	0.52641725	0.175136999621759
891	0.0204918158	0.0907812252031982
892	0.046735559	0.0530928733632592
893	0.0256600427	0.0294594434089216
894	0.112383681	0.513304591479675
895	0.460890489	0.414741073770648
896	0.13485867	0.283086825167593
897	0.102732153	0.224607246281856
898	0.116109255	0.119497798142424
899	0.22291165	0.271835058067037
900	0.2035794495	0.20315235907299
901	0.064381845	0.0775736153572043
902	0.032808657	0.267635098598559
903	0.3715078008	0.13246150517345
904	0.0550560556	0.0584379920195588
905	0.07962716	0.13751339925942
906	0.219014988	0.123276792672056
907	0.01003313	0.0226931385246296
908	0.0356842805	0.083231446441358
909	0.41813804	0.244457671355714
910	0.060730005	0.140759349034946
911	0.382665224	0.204554442489189
912	0.56583101	0.37597785850906
913	0.14881257	0.099984740194375
914	0.06527348	0.107876318614074
915	0.2230733885	0.696719819477381
916	0.0121158694	0.0530813107527315
917	0.042672629	0.0922977581630476
918	0.377498355	0.357594780171212
919	0.216546685	0.135471093122043
920	0.053710998	0.0443226502452688
921	0.097917812	0.190973443417708
922	0.42325516	0.358687708567886
923	0.308025521	0.0865234766257143
924	0.215608293	0.294604781601587
925	0.281770054	0.145729305704722
926	0.012176746	0.041131687865969
927	0.13714841	0.177709857724167
928	0.0668445925	0.156313322477958
929	0.035121188	0.110859112741954
930	0.056948776	0.0463490149297619
931	0.072677216	0.0656893407973404
932	0.17643487	0.0481771886537879
933	0.28812682	0.278017068475556
934	0.114031847	0.162239242646961
935	0.042124974	0.0730772730295238
936	0.65064283	0.777766027800505
937	0.230527332	0.278927036689655
938	0.054180317	0.0505412418857083
939	0.054299724	0.036178091673125
940	0.33997517	0.245138874316423
941	0.27457536	0.349163726243021
942	0.10945083	0.0932490521995935
943	0.139788843	0.139022068996296
944	0.163399672	0.0663347461211956
945	0.039404022	0.0490291294489189
946	0.623994741	0.619760964422126
947	0.089002299	0.149615564585437
948	0.019583331	0.0528015082594762
949	0.07392149	0.0296550811216667
950	0.255167055	0.403190441825852
951	0.026705836	0.1176809726375
952	0.093418598	0.1262015057225
953	0.251680858	0.261117602579955
954	0.0265975935	0.0748706553758095
955	0.594563422	0.43548016092807
956	0.076456015	0.137079539370567
957	0.394173941	0.292455315543509
958	0.251053956	0.197874299258796
959	0.036613475	0.109278634679915
960	0.23980604	0.186139984135463
961	0.076349788	0.134959762184127
962	0.052018423	0.0534582399836937
963	0.069379486	0.118846866539042
964	0.06149201	0.049077805398
965	0.084705371	0.0764785802080882
966	0.051598873	0.0853301404052873
967	0.150809854	0.116746879667647
968	0.34883313	0.417471750327667
969	0.059626219	0.129599970151324
970	0.240187309	0.148284535133559
971	0.081943374	0.121716065399797
972	0.23892998	0.35792029386129
973	0.47074121	0.700666068162255
974	0.197581374	0.27114325088227
975	0.036141238	0.106686684054167
976	0.01837576	0.0583862694036036
977	0.23398268	0.109958782062644
978	0.2258897525	0.357570006285
979	0.040989321	0.0604116001255263
980	0.1071098724	0.0377386206295833
981	0.707293546	0.708759180373413
982	0.508649126	0.289291760308333
983	0.6695659	0.642582167577236
984	0.40754862	0.291074486146759
985	0.118233357	0.154144438806019
986	0.0382231765	0.0488445743695062
987	0.773803084	0.159452244242544
988	0.104588296	0.109784811288441
989	0.077238973	0.0895113883524797
990	0.13986136	0.192525265193423
991	0.305856065	0.40865122710735
992	0.234069622	0.15268874995127
993	0.150927747	0.202689244084343
994	0.295054371	0.0840091341607143
995	0.092233671	0.14548417243219
996	0.18157369	0.237463583251838
997	0.0182434635	0.0433775472222072
998	0.070315631	0.0931755947070313
999	0.0975269695	0.0733839565733333
1000	0.277653142	0.35088942820914
1001	0.074691197	0.142790388719167
1002	0.053992714	0.12834073020509
1003	0.015468214	0.0389683108183333
1004	0.064058583	0.130619952235225
1005	0.1551327	0.093111076094697
1006	0.026565734	0.0669647689104762
1007	0.03668072	0.0398627389199383
1008	0.1315853417	0.0405283531474444
1009	0.0358968646	0.0910872195103333
1010	0.043224111	0.0660912006319444
1011	0.87669003	0.961634499891057
1012	0.593163112	0.724773842731798
1013	0.029779466	0.0763360182147619
1014	0.13823412	0.0835901870474747
1015	0.42502319	0.531570639304892
1016	0.146756713	0.158713386428241
1017	0.06522049	0.107695667116491
1018	0.032584568	0.0613266253303419
1019	0.28374384	0.244425090339035
1020	0.217294597	0.193897084173529
1021	0.056422495	0.0515163123096429
1022	0.0900408223	0.0942392542178095
1023	0.0521936	0.0984758853326263
1024	0.169091844	0.121288581994
1025	0.059412967	0.12754701597175
1026	0.13765461	0.0850658893759047
1027	0.139525826	0.208453821672645
1028	0.115765755	0.0967832010775
1029	0.0293790316	0.0461980782585714
1030	0.037984364	0.0991280027066667
1031	0.034101579	0.0375072232859756
1032	0.524045766	0.448848684545484
1033	0.89143537	0.917360653940079
1034	0.40671225	0.534559839210294
1035	0.104534816	0.130965967800862
1036	0.061473948	0.0683718588981746
1037	0.375638066	0.185653976257083
1038	0.167585167	0.196409526176471
1039	0.0505183433	0.0404147412604598
1040	0.107995	0.138625804515521
1041	0.0369544886	0.0895382145205159
1042	0.0289554233	0.0749273358634685
1043	0.460325156	0.25387367588248
1044	0.0208788853	0.0592785516814957
1045	0.040298629	0.0434472630859091
1046	0.030209142	0.0556270156659804
1047	0.26129678	0.338050844602857
1048	0.131020943	0.133175723395833
1049	0.315992203	0.515187576616026
1050	0.119818203	0.103573309587745
1051	0.122646693	0.0986821952071429
1052	0.049214224	0.0574090103350877
1053	0.025182404	0.036375827555679
1054	0.0235714514	0.0306933323206191
1055	0.369750419	0.2957560128825
1056	0.048819872	0.0558985033343519
1057	0.867951057	0.800924872104798
1058	0.212236156	0.319739827351177
1059	0.219905292	0.0962104335451754
1060	0.02998333	0.0864636487289352
1061	0.035616939	0.0589492485754651
1062	0.13864608	0.101778502079023
1063	1.11438175	1.03676227602323
1064	0.192891726	0.18373856011813
1065	0.039991677	0.0651830628816239
1066	0.039354357	0.0431784186606863
1067	0.113804536	0.15051808945308
1068	0.054545336	0.128579237737258
1069	0.212121744	0.0935442922155285
1070	0.143873658	0.124849887294352
1071	0.054483247	0.099794253265
1072	0.11728965	0.0866262970791667
1073	0.024525166	0.0404502531696111
1074	0.053483381	0.0372422539347059
1075	1.11540271	0.806646469081482
1076	0.188332498	0.243667273367544
1077	0.036713822	0.0517282715627143
1078	0.068681186	0.0634881601799612
1079	0.4002457	0.323380990697632
1080	0.151573785	0.115659698574444
1081	0.020455493	0.0557417921369512
1082	0.416719305	0.25125355158547
1083	0.0184708513	0.0392582553268627
1084	0.26160495	0.290537897008108
1085	0.50256423	0.497572435289394
1086	0.22153712	0.246386588778704
1087	0.073118707	0.143110530700625
1088	0.048059859	0.103873995268468
1089	0.0318525834	0.0766737030039881
1090	0.022426418	0.061282563777973
1091	0.048688577	0.0332195796839286
1092	0.044222929	0.069996143998374
1093	0.16284896	0.176076221539035
1094	0.05418624	0.12520888273359
1095	0.938878077	0.711366370231396
1096	0.184085832	0.174448617004603
1097	0.2199352427	0.296746049800833
1098	0.045254253	0.0678177387887037
1099	0.181843182	0.134771059287698
1100	0.05657294	0.0765151847925214
1101	0.0508800635	0.0520544985128968
1102	0.166055634	0.192451180540539
1103	0.2712814235	0.367486692059938
1104	0.087984734	0.0759702374229365
1105	1.67085298	1.51721519526829
1106	0.714925668	0.653202757145727
1107	0.027191438	0.119397214745175
1108	0.06260177	0.176235789672042
1109	0.100777097	0.180792527634524
1110	0.044394743	0.0642470412378829
1111	0.538835147	0.92401429838728
1112	0.280200439	0.237567234445351
1113	0.108984583	0.104497200777807
1114	0.679553999	0.609383413895715
1115	0.418893707	0.74150820944188
1116	0.133573863	0.144415452541624
1117	0.0605545837	0.16326531019518
1118	1.062372866	0.98377576809596
1119	0.29290957	0.418804911269445
1120	0.111495442	0.142715292775263
1121	0.0265971747	0.0581735532777778
1122	0.078169402	0.07259638299
1123	0.643272708	0.627273642490045
1124	0.02572219	0.0286572118471015
1125	0.044449156	0.084543945049125
1126	0.145978127	0.133068123687724
1127	0.17423522	0.171960564634188
1128	0.946837815	1.00878280644722
1129	0.0630059795	0.0942671377164762
1130	0.535741896	0.426436465494815
1131	0.632593073	0.4411077890125
1132	1.433296145	1.14551131457957
1133	0.319087615	0.167119227336869
1134	1.080603403	0.98218655747125
1135	0.050364373	0.0418454874642636
1136	0.059629141	0.130499381513514
1137	0.0094461222	0.0418187648171717
1138	0.241041115	0.281703600435079
1139	0.1603856417	0.185822224790238
1140	0.033172196	0.0280516403354444
1141	0.110775432	0.1322703009735
1142	0.131232114	0.115279297649612
1143	0.17735579	0.219196920251852
1144	0.03766777	0.04811787114525
1145	0.23438233	0.229275482898177
1146	0.036610603	0.0685278808770513
1147	0.0366100965	0.0952776575509524
1148	0.021096223	0.0932509241454167
1149	0.080715425	0.0976492784261429
1150	0.059315976	0.119300311432602
1151	0.119033605	0.085741563078625
1152	0.116165936	0.2650761011568
1153	0.366708786	0.474888442230702
1154	0.13861408	0.200740303122037
1155	0.108307052	0.116655269190909
1156	0.082113242	0.0631979347752174
1157	0.026179692	0.05939014440125
1158	0.088119773	0.227516636079841
1159	0.12529987	0.137918384291053
1160	0.065414369	0.0840514252934286
1161	0.13812272	0.100477724468958
1162	0.039091638	0.0754567968298227
1163	0.075879823	0.0836116044942424
1164	0.059241108	0.0524899178757576
1165	0.030135064	0.0585900818975676
1166	0.039956999	0.06061981581
1167	0.0217538115	0.0262242138117521
1168	0.317417391	0.171944968539556
1169	0.033228233	0.04795486027125
1170	0.073909244	0.0812867624031008
1171	0.066058352	0.167608331136068
1172	0.901226177	0.534942480794144
1173	0.0483702465	0.0470531580065833
1174	0.068297774	0.115853079411481
1175	0.4008374	0.0889989732927778
1176	0.189113079	0.191792484851667
1177	0.57232359	0.168190678101026
1178	0.040337606	0.0645663369566
1179	0.029292504	0.0518493112400901
1180	0.24596727	0.309765952415598
1181	0.041745857	0.0380064808225
1182	0.054266	0.122076869020155
1183	0.463805703	0.487255965243627
1184	0.110466904	0.130911821292593
1185	0.305794637	0.253056397013984
1186	0.05811855	0.0764651382931482
1187	0.094911626	0.0521861978987374
1188	0.062309694	0.125007607376786
1189	0.021475612	0.0383456027377351
1190	0.16503465	0.212646063786842
1191	0.33290829	0.5826873758625
1192	0.087776855	0.0685445559544608
1193	0.51517963	0.399177945608108
1194	0.060870897	0.113923887440135
1195	0.27003903	0.244003436481944
1196	0.0152632996	0.0385023972812162
1197	0.0632738535	0.0710856874804167
1198	0.111466278	0.104652049880952
1199	0.135392786	0.14828851313697
1200	0.329931658	0.237087832830303
1201	0.044412481	0.109357541575407
1202	0.110240886	0.185485395823518
1203	0.034128572	0.0744354529837255
1204	0.086030537	0.130050706410185
1205	0.592745573	0.319720608360361
1206	0.496834317	0.900288762444716
1207	0.201025674	0.0881116809821852
1208	0.047715933	0.0964055947189474
1209	0.302710366	0.0603831014813248
1210	0.15496799	0.322960617982843
1211	0.069266178	0.0744158423630631
1212	0.123921263	0.110609798339657
1213	0.114242734	0.198142552976465
1214	0.161996524	0.137670329417105
1215	0.023244861	0.0912568788639081
1216	0.389347226	0.507180551209921
1217	0.171026297	0.198702436540707
1218	0.315487142	0.225548948672429
1219	0.195735178	0.143112926901961
1220	0.19735248	0.0952909495133772
1221	0.176738162	0.0907280755762963
1222	0.53479081	0.581820476784234
1223	0.032635541	0.0366312431588542
1224	0.126036735	0.122129246311833
1225	0.450049298	0.275964983919048
1226	0.0227346506	0.0659209328349594
1227	0.102518671	0.0835241042982796
1228	0.319425439	0.397599919232154
1229	0.072209507	0.10917810917598
1230	0.212230021	0.150639562899444
1231	0.171558899	0.205283962878968
1232	0.098193644	0.205252521865185
1233	0.197529903	0.215206121191358
1234	0.052720483	0.0928117503038461
1235	0.45341765	0.230960653117333
1236	0.084533065	0.121555151554861
1237	0.216061446	0.2204159496025
1238	0.058985305	0.0542306230057071
1239	0.13798909	0.151050022719032
1240	0.1927359174	0.247532645934722
1241	0.017988329	0.0656152109635417
1242	0.212022205	0.159754220235392
1243	0.032006903	0.0743755729479167
1244	0.22987993	0.0887226459114957
1245	0.242600728	0.34863938205098
1246	0.0766575493	0.125133178213556
1247	0.097367425	0.0814040251709524
1248	0.093854193	0.103531005674702
1249	0.1055644364	0.247278394978469
1250	0.194318263	0.185567917480556
1251	0.131188127	0.120904365809394
1252	0.0827290503	0.0811841134059524
1253	0.63435888	0.712043751492889
1254	0.246981436	0.40767951498018
1255	0.77368984	0.7401572188075
1256	0.0268339063	0.0533783132429487
1257	0.095303806	0.180550522105208
1258	0.91356704	0.994466502713637
1259	0.017729602	0.0654595871537917
1260	0.04052086	0.0565610466114035
1261	0.105628606	0.176230463237297
1262	0.592540041	0.543890184214792
1263	0.51161237	0.362368506225781
1264	0.556854666	0.804552794246937
1265	0.94609958	0.614179707124495
1266	0.555711652	0.418190859897583
1267	0.059974139	0.113348961816667
1268	0.200007534	0.226034179027619
1269	0.128070375	0.0790612945398374
1270	0.0934535875	0.124066031628617
1271	0.801371723	0.901289957492157
1272	0.025603939	0.0444667119169298
1273	0.137429177	0.253677639575172
1274	0.176961521	0.297597428021667
1275	0.0399703113	0.0902154754230808
1276	0.179123784	0.107658073929778
1277	0.32904193	0.0996268442018018
1278	0.054573156	0.0417091851637319
1279	0.10901213	0.100434777125581
1280	0.056238503	0.126822663599324
1281	0.034879525	0.0751724635831196
1282	0.053624652	0.149826439647645
1283	0.0788150405	0.110344430513657
1284	0.148770905	0.0933749743104762
1285	0.0651606513	0.124708761791406
1286	0.053887816	0.0604841712691892
1287	0.1245502206	0.151758849105177
1288	0.1155824599	0.202267494595263
1289	0.122438208	0.0696852490783333
1290	0.05564065	0.0641162587126389
1291	0.028215811	0.0428474317858929
1292	0.273801698	0.189818003686842
1293	0.045414114	0.0361450094841852
1294	0.094831601	0.118114145902195
1295	0.013218674	0.0353329390289837
1296	0.64725424	0.421910818528495
1297	0.026581595	0.0573763115074074
1298	0.0160410187	0.0397497293213333
1299	0.124815337	0.133818934097
1300	0.064503595	0.0998807258283784
1301	0.0347552343	0.0238098253514286
1302	0.292293953	0.309666943655691
1303	0.299156041	0.123161508169234
1304	0.029314358	0.0629738803098413
1305	0.023399217	0.0423033372755833
1306	0.05247218	0.0736136415437302
1307	0.059259929	0.170080364623421
1308	0.036159281	0.0719398479300813
1309	0.14129356	0.241801135837097
1310	0.140140529	0.0585477609593889
1311	0.059751664	0.0799041671233333
1312	0.32558976	0.231985834781261
1313	0.0437884947	0.0371924954703333
1314	0.066684065	0.180754518684398
1315	0.286808685	0.355884011277778
1316	0.0185447312	0.0332332123286275
1317	0.061119404	0.0648114113502032
1318	0.450964257	0.313526970610427
1319	0.184117593	0.199604475161742
1320	0.1178534063	0.134864583637708
1321	0.038240103	0.0942362659954762
1322	0.22074911	0.419058488464414
1323	0.41095414	0.183326572088646
1324	0.028164909	0.0729742958851429
1325	0.133965593	0.128024364358659
1326	0.032668201	0.104816308419815
1327	0.089434377	0.116046048158889
1328	0.479333183	0.432164064335354
1329	0.164340288	0.0671123896780081
1330	0.211445954	0.256371601688172
1331	0.029673693	0.0407589790920833
1332	0.30115507	0.705415457300427
1333	0.156432552	0.204299969558919
1334	0.0236976747	0.0560873871774562
1335	0.162198047	0.166714834624545
1336	0.051994177	0.0487251049346465
1337	3.637985926	0.99982692067735
1338	0.146012265	0.34334002704188
1339	0.495605565	0.587186522984792
1340	0.221511915	0.325388283558095
1341	0.130923889	0.166824376042759
1342	0.044804249	0.0445211945609314
1343	0.0385468903	0.0790288728473016
1344	0.082613014	0.081541529746036
1345	0.2570708787	0.341044922329445
1346	0.097356591	0.0583684080923809
1347	0.556171717	0.483349347035516
1348	0.081187387	0.154778039306713
1349	0.208937651	0.0494895084568421
1350	0.0806564856	0.0920526127513461
1351	0.0206960475	0.0380747940694118
1352	0.3893508	0.655726342695416
1353	0.019141048	0.0435467702772917
1354	0.176927864	0.20763253313375
1355	0.049225262	0.0640062908486022
1356	0.12094855	0.139069409872593
1357	0.543641006	0.563126680378948
1358	0.07783	0.106571170726917
1359	0.11852218	0.262255660148563
1360	0.029789969	0.0482983418974445
1361	0.21751293	0.493617829271711
1362	0.071210736	0.143627684589444
1363	0.0130484074	0.0479150191998864
1364	0.196268102	0.178399742254524
1365	0.1469315597	0.155821001992342
1366	0.42560039	0.229778987003947
1367	1.05885157	0.880788144693793
1368	0.058116448	0.0910671990660975
1369	0.0312673442	0.0489702947473424
1370	0.113410032	0.115635472000808
1371	0.074180578	0.0622666256411905
1372	0.025125536	0.0857920046728571
1373	1.585256555	1.50110223819612
1374	0.025817224	0.0716782215706019
1375	0.0564559214	0.0352175664097348
1376	1.010120078	0.54339504106131
1377	0.33159447	0.262586416002451
1378	0.032027086	0.0881562009844445
1379	0.04854718	0.095960361183772
1380	0.23935945	0.31261595985787
1381	0.108300185	0.169189492884479
1382	0.092855365	0.155297890064414
1383	0.114990596	0.124817807176429
1384	0.52297345	0.426009189505101
1385	0.040522073	0.0699630631175676
1386	0.10060359	0.232782647938571
1387	0.28283359	0.217471022083721
1388	0.31750635	0.388388291739394
1389	0.529651125	0.377067440308261
1390	0.160798122	0.266876833994444
1391	0.054764512	0.0833161463683333
1392	0.459268633	0.313466030257071
1393	0.026244446	0.0402992229307353
1394	0.356260185	0.33701003695023
1395	0.16714791	0.107410812762533
1396	0.093577738	0.129168123284238
1397	0.0671473	0.210305753335539
1398	0.54114975	0.365182897270833
1399	0.179962724	0.290860570110494
1400	0.738340987	0.715126763384491
1401	0.105191187	0.123473187034342
1402	0.063781449	0.0593065136378572
1403	0.066610779	0.238295212469444
1404	0.035440266	0.0776718808957447
1405	0.073876226	0.0690346437565958
1406	0.040618243	0.128684370583772
1407	0.0286758478	0.0296437859146847
1408	0.016160262	0.0414639084546429
1409	0.203220316	0.280473316062602
1410	0.110049859	0.257808523802857
1411	0.46764766	0.404856431794445
1412	0.118954478	0.0585766778884921
1413	0.211620446	0.151906857563889
1414	0.347378185	0.436951999071622
1415	0.0378229323	0.115448808318088
1416	0.027781738	0.0838606728739048
1417	0.29607464	0.402083422119048
1418	0.068788742	0.0862783329762626
1419	0.106603643	0.0620700956224748
1420	0.130757506	0.139326249794928
1421	0.114559614	0.171319347254167
1422	0.12599377	0.0826947510206482
1423	0.04188839	0.0392522933234553
1424	0.210414766	0.272961747645529
1425	0.050650868	0.0730979640791176
1426	0.15337938	0.188899304870891
1427	0.015926317	0.0318453898770732
1428	0.0962198914	0.137502194595392
1429	0.034032523	0.108200688760556
1430	0.130831085	0.206292524988462
1431	0.304044823	0.315113432886111
1432	0.18016899	0.118683070479398
1433	0.096198727	0.0813202336357143
1434	0.048414536	0.142988941268034
1435	0.103892648	0.0736665120242793
1436	0.0838525122	0.105898325889286
1437	0.039352933	0.059508221779495
1438	0.0366119137	0.0713881860431863
1439	0.1220423822	0.0373441017704472
1440	0.0272883787	0.0352519125456306
1441	0.113161863	0.189384601170417
1442	0.0480667516	0.0881036481728889
1443	0.145108603	0.108552179184722
1444	0.021991216	0.0434430730389024
1445	0.258229007	0.482290832413333
1446	0.19117451	0.160109689530556
1447	0.14418637	0.12256571757125
1448	0.0142952576	0.0427911683482407
1449	0.024599293	0.0412588805306504
1450	0.1195068052	0.0795399827087619
1451	1.23221881	1.14300104347982
1452	0.3578016195	0.436285155571905
1453	0.125439992	0.229631657933796
1454	0.019127339	0.0324591975627778
1455	0.16507639	0.19879808810619
1456	0.68477828	0.301123151647279
1457	0.68657768	0.379524197912083
1458	0.24396383	0.208771296245238
1459	0.091106768	0.14792486727549
1460	0.0454114112	0.122640153435116
1461	0.0703668927	0.0570836749721138
1462	0.043124708	0.0554460480921759
1463	0.108032038	0.0966063514599259
1464	0.086918315	0.0881429271387097
1465	0.124342224	0.0703900939985714
1466	0.199816755	0.142265107831208
1467	1.505822836	0.769181996993548
1468	0.060391874	0.0789859799758334
1469	0.10262245	0.090027523215
1470	0.085182996	0.0866330885587037
1471	0.69904812	0.575356488046032
1472	0.063298815	0.0589773981251149
1473	0.091226816	0.340375719273333
1474	0.10462167	0.0298858493333333
1475	0.22581085	0.250129858019363
1476	0.08577996	0.0762071653075269
1477	0.162453715	0.21856898264359
1478	0.289021326	0.12605093913537
1479	0.0250097485	0.0547850071019048
1480	0.076251293	0.116013037635088
1481	0.05566435	0.0700724018011628
1482	0.161498379	0.124103147580476
1483	0.49385056	0.312922757388034
1484	0.133157365	0.103738019577024
1485	0.230136783	0.174174903056869
1486	0.066956497	0.0606831153876852
1487	0.065301864	0.0901217861294118
1488	0.07515903	0.0980318947361111
1489	0.089177524	0.0727750313793903
1490	0.113996267	0.171261276107778
1491	0.577472145	0.625000104689106
1492	0.040843262	0.0938561343109196
1493	0.0416484265	0.0312275119067619
1494	0.16840855	0.107731806788849
1495	0.030861358	0.0402531754806566
1496	0.239928236	0.292761951996053
1497	0.86233176	0.845354231926016
1498	0.088708583	0.157584656174786
1499	0.097813786	0.246020776667955
1500	0.0322657134	0.0287927552965385
1501	0.1393174953	0.162540216320175
1502	0.031354398	0.0504851635255185
1503	0.59083262	0.6809474180175
1504	0.024352148	0.0424226485282018
1505	0.122358859	0.0655875573527632
1506	0.093127408	0.167175007979839
1507	0.043286262	0.10373212962439
1508	0.123131037	0.132688672677973
1509	0.35954139	0.327347196664035
1510	0.05783021	0.129341887640299
1511	0.239951351	0.324817895202349
1512	0.11722015	0.0683352989077778
1513	0.086151262	0.129375587358854
1514	0.325987087	0.280491312188158
1515	0.1239126585	0.214297394077519
1516	0.092629973	0.0748016526449074
1517	0.18664382	0.301182766248602
1518	0.038231227	0.0465788008563063
1519	0.138792664	0.17266667166131
1520	0.754042591	0.619455546169658
1521	0.18382126	0.30818033444381
1522	0.029281393	0.0705374830242308
1523	0.077865934	0.142782913506482
1524	0.077815682	0.0779828190405426
1525	0.264876538	0.266943068857837
1526	0.072101448	0.119080599708158
1527	0.035861574	0.0756874969985859
1528	0.533917245	0.354790351046759
1529	0.123456976	0.168655895224115
1530	0.05753377	0.141089830376778
1531	0.122718876	0.0645334356939912
1532	0.0189379666	0.0442448298080729
1533	0.11319277	0.109089561827312
1534	0.2533301234	0.183837101036577
1535	0.0164332077	0.062405995177875
1536	0.069567012	0.342920336363131
1537	0.0783050712	0.17074271858181
1538	0.148751023	0.127195729604605
1539	0.199239233	0.198596040083458
1540	0.0243384724	0.0621961513135784
1541	0.043736227	0.0795124529065315
1542	0.82701588	0.695564119256757
1543	0.87829317	1.41082674994402
1544	0.630660613	0.316426594940792
1545	0.103331014	0.126789294313
1546	0.439173153	0.124733046464355
1547	0.062669165	0.131842538284912
1548	0.25399656	0.327245279727241
1549	0.30255536	0.469737102053571
1550	0.243615057	0.270366355781867
1551	0.750667058	0.720189111451917
1552	0.38269081	0.300626574746667
1553	0.04969016	0.06680813483125
1554	0.344413555	0.313729206124445
1555	0.062327659	0.121794714920952
1556	0.100108344	0.053086936729053
1557	0.078779047	0.222077480877928
1558	0.339824676	0.42733987584188
1559	0.194699577	0.145004824747843
1560	0.057268031	0.0561480046198246
1561	0.019726898	0.0250161230006757
1562	0.70561157	0.510037825917262
1563	0.608713875	0.881253004520614
1564	0.074239248	0.147689064944234
1565	0.1919318896	0.0478939931241667
1566	0.148404516	0.169678068767172
1567	0.029315989	0.0469970967884804
1568	0.69337014	0.276756787812248
1569	0.636755262	0.655742525864141
1570	0.045982851	0.138088135657222
1571	0.15989802	0.175257300961111
1572	0.036424368	0.0766833948132407
1573	0.944002844	0.734795249321318
1574	0.138889194	0.11341347916124
1575	0.379189684	0.102026556378922
1576	0.37535961	0.210294740346367
1577	0.18077585	0.0363795520494583
1578	0.1381386656	0.0473943776600952
1579	0.172451602	0.306747945863158
1580	0.058935233	0.0736348351674748
1581	0.040305386	0.0459872758153333
1582	0.529235307	0.631276942882927
1583	0.259466237	0.339015527134091
1584	0.104885476	0.0816657328409091
1585	0.170244189	0.127323453216368
1586	0.063740101	0.116403233467402
1587	0.0352343337	0.0364838818395833
1588	0.047896122	0.116509287702326
1589	0.09482457	0.169078106382667
1590	0.0083992206	0.0316028472927478
1591	0.037643931	0.0927499546785088
1592	0.51656569	0.258271940170175
1593	0.119741564	0.111227717540404
1594	0.378378579	0.560914100062719
1595	0.226964082	0.0818446522321905
1596	0.0163728232	0.0309633970144444
1597	0.031713677	0.0599002043681905
1598	0.071042623	0.124914313982742
1599	0.068824044	0.061667172749693
1600	0.352144595	0.339099558990686
1601	0.060230874	0.0688748014494792
1602	0.019961524	0.0459139564035238
1603	0.18473787	0.168906659992983
1604	0.080924101	0.0695023972683333
1605	2.444996347	2.19183845738958
1606	0.148583692	0.116853389718519
1607	0.211634598	0.220763253059024
1608	0.0409042165	0.0347809327587805
1609	0.084463128	0.158859852989559
1610	0.272472475	0.0858525708505128
1611	0.071833376	0.0441296700220707
1612	0.225205892	0.214550997163333
1613	0.349179672	0.279956480474951
1614	0.170012619	0.0918817363028571
1615	0.049811811	0.107463563995111
1616	0.197572411	0.263452153065455
1617	0.069710026	0.156737551941771
1618	0.105409838	0.135947886734677
1619	0.038416235	0.096808597520202
1620	0.0203161065	0.0844602864577419
1621	0.035268884	0.0623091520516667
1622	0.058430319	0.0618300106133772
1623	0.071586117	0.101837146205747
1624	0.066359756	0.068906283678125
1625	0.35112251	0.315852501240417
1626	0.13450506	0.214855446357906
1627	0.160440285	0.0438095082337281
1628	0.45747401	0.538276459311111
1629	0.058537949	0.0509298748268376
1630	0.051315083	0.0747564413009048
1631	0.2721816	0.331569906399247
1632	0.15878692	0.392454179006373
1633	0.033136323	0.031057538692
1634	0.21899745	0.27789427289065
1635	0.255848104	0.255888559835058
1636	0.0946044615	0.141587136699829
1637	0.439505617	0.590466629966176
1638	0.0294932476	0.0425212461220175
1639	0.018175831	0.0431371894745727
1640	0.176660185	0.20475857733625
1641	0.043397039	0.0640137955283333
1642	0.078903405	0.10623245225754
1643	0.043324495	0.090620703584188
1644	0.57861032	0.617694240605039
1645	0.386079754	0.234126818433578
1646	0.114854037	0.276569678291081
1647	0.08297427	0.119704619965917
1648	0.212853216	0.0766762020268468
1649	0.058677474	0.0891142501583333
1650	0.052835132	0.079220668668287
1651	0.22637932	0.220166578661905
1652	0.316916088	0.340921552901919
1653	0.152130984	0.194796883209444
1654	0.215793884	0.154650600609127
1655	0.216832593	0.360429587614773
1656	0.144671151	0.0299089364533784
1657	0.047924348	0.0447098185371429
1658	0.020609166	0.0323364364703659
1659	0.057055872	0.0820524825870721
1660	0.076704352	0.0923366625243589
1661	0.20495477	0.149553028456757
1662	0.146615955	0.129446438013377
1663	0.185140865	0.255371707222358
1664	0.022982877	0.0457720758073333
1665	0.139971663	0.245443955176559
1666	0.042119661	0.0388176661572381
1667	0.165752482	0.177149731888458
1668	0.35418982	0.176304941389496
1669	0.13730368	0.129600163765504
1670	0.045007888	0.0952760935809596
1671	0.093561767	0.115501788115714
1672	0.041217526	0.059598985074899
1673	0.038966905	0.0994997395151961
1674	0.27926256	0.386632622276504
1675	0.059060034	0.124243889368413
1676	0.1082792524	0.23935903358906
1677	0.0656002768	0.131714148057602
1678	0.061361298	0.0674575998395175
1679	1.41820133	1.64026557221847
1680	0.2619340078	0.153098993959192
1681	0.211934491	0.255198741335185
1682	0.0426219966	0.0317309207399123
1683	0.12727206	0.10188419689875
1684	1.07763642	1.01913544509716
1685	0.025637273	0.0432420693469106
1686	0.092468086	0.0912992062235965
1687	0.0151265495	0.038045951895
1688	0.144709719	0.140857751249537
1689	0.050932065	0.0537638052944737
1690	0.87697316	0.850427184547583
1691	0.211027304	0.197333981049195
1692	0.34197156	0.326141592197368
1693	0.187919668	0.303307929916667
1694	0.606167603	0.606824968432778
1695	0.043071811	0.126113623991235
1696	0.320056952	0.219543506404837
1697	0.29382353	0.370718260322619
1698	0.040840134	0.0429506270433333
1699	0.46666773	0.335213198542778
1700	0.131488707	0.106266878316237
1701	0.029825425	0.0335540376686022
1702	0.442874666	0.292278553852252
1703	0.29629603	0.505236482114646
1704	0.034228901	0.0722583853357843
1705	0.487303132	0.398938443605285
1706	0.336851803	0.123622680428947
1707	0.056457232	0.0611104084669792
1708	0.32911415	0.156704181750357
1709	0.062568217	0.0886197081872807
1710	0.43982144	0.47944936019213
1711	0.047569468	0.10846533582469
1712	0.97994989	0.733040166739899
1713	0.1050376516	0.187305155527626
1714	1.646573	1.18616525494444
1715	0.039290039	0.0586697433878788
1716	0.096546635	0.177842708200569
1717	0.127488214	0.1215958993068
1718	0.244259044	0.287669111679316
1719	0.12119225	0.146270023526515
1720	0.323202306	0.574389955903948
1721	0.1401726584	0.208707016816476
1722	0.223642875	0.307143531816898
1723	0.066048299	0.0763349994739167
1724	0.06474185	0.15158644327746
1725	0.032721598	0.0574609026742083
1726	0.326110301	0.268190591599369
1727	0.102906102	0.0949154939578704
1728	0.1485165	0.134035848216667
1729	0.2492911802	0.105044711453548
1730	0.064611542	0.127170550130357
1731	0.07316326	0.0566205955684167
1732	0.29155611	0.414551968489762
1733	0.027122985	0.0399462522476577
1734	0.684629405	0.923841736439286
1735	0.59820264	0.83441693418252
1736	0.254244695	0.277325341150625
1737	0.693150245	0.803224725814415
1738	0.102817349	0.102103935067222
1739	0.0231704767	0.0386941099116667
1740	0.044330551	0.0445172488358333
1741	0.0546716772	0.036020230310171
1742	0.224989559	0.294688738941958
1743	1.00567644	0.631266364768056
1744	0.2242479604	0.121055383906865
1745	0.071695473	0.0958534803142308
1746	0.1674651616	0.316172854512677
1747	0.41428897	0.422440694895833
1748	0.082932902	0.108742034687477
1749	0.254445825	0.238847001313089
1750	0.15933811	0.247144989945583
1751	0.025257476	0.0348813740037879
1752	0.696902225	0.80492261334381
1753	0.0128497155	0.0397018354587153
1754	0.133996548	0.173230276870857
1755	0.740344714	0.513377380428947
1756	0.073876579	0.0426083644790476
1757	0.059074435	0.184759004259924
1758	0.019960562	0.0337647508887281
1759	0.045245415	0.0671420383860063
1760	0.54801161	0.305397727976437
1761	0.036501476	0.0722117640528509
1762	0.149590563	0.179330982477252
1763	0.068987594	0.109472591340385
1764	0.1808056354	0.318945545909286
1765	0.032785232	0.0422380611270202
1766	0.055448867	0.126814336889798
1767	0.0277754854	0.0332958970474797
1768	0.08642041	0.0600359766770155
1769	0.140062773	0.351223552467619
1770	0.08232314	0.074048927710119
1771	0.199879507	0.0846731039636806
1772	0.789109769	0.520616791474713
1773	0.052506806	0.267128874919079
1774	0.082729756	0.178275265636324
1775	0.049151353	0.0422377836859524
1776	0.176647705	0.0751050085972222
1777	0.47437003	0.379025370578656
1778	0.028444777	0.08833867453775
1779	0.100393564	0.0759845492695699
1780	0.306568235	0.280833739386275
1781	0.604568928	0.696551056232813
1782	0.54523343	0.48970179587561
1783	0.034523702	0.0410285850148039
1784	0.037377366	0.0386001381083333
1785	0.032430637	0.034581126545463
1786	0.418795836	0.388792935621237
1787	0.119520996	0.231247950454905
1788	0.26670394	0.306611372353917
1789	0.0470805354	0.0414586552968254
1790	0.016172408	0.0336549695496581
1791	0.195470874	0.385456552954504
1792	0.188030743	0.0740902792706771
1793	0.181787562	0.151374247501806
1794	0.028668355	0.0703695492681313
1795	0.091600476	0.10369148383125
1796	0.48032823	0.661809074948611
1797	0.035152314	0.0505634252751429
1798	0.288145074	0.295891296340758
1799	0.026023532	0.0369941708529279
1800	0.2064531	0.24246847620093
1801	0.032109755	0.0394065591631818
1802	0.05242846	0.117536990527027
1803	0.03021538	0.0271901675071986
1804	0.27700529	0.0909868741093137
1805	0.070471367	0.0715431803987281
1806	0.3300975863	0.292343160462105
1807	0.32316524	0.294200004347024
1808	0.036211716	0.0748299458307292
1809	0.049865686	0.121839075640404
1810	0.061184085	0.138031875150417
1811	0.382115547	0.407006933736344
1812	0.267581547	0.133010108528542
1813	0.233351699	0.218685013839825
1814	0.0175205222	0.0357448012838725
1815	0.052527916	0.0686076977391414
1816	0.030264027	0.064629870449186
1817	0.043933516	0.0466755457728175
1818	0.083771146	0.167692314387319
1819	0.055681662	0.081959603784125
1820	0.0372558473	0.0644430005661404
1821	0.05923816	0.0848456440935185
1822	0.025230553	0.0486580285829365
1823	0.059803338	0.175239577894583
1824	0.11205037	0.133431311218447
1825	0.074747303	0.08047618053275
1826	0.041315162	0.0937274507534884
1827	0.1325920823	0.148860851856919
1828	0.95095284	0.827250557455856
1829	0.389614788	0.53875286052373
1830	0.0129447905	0.0343304764163636
1831	0.069759049	0.062994515789596
1832	0.346881146	0.56231660757561
1833	0.054890559	0.183131320331667
1834	0.99707638	0.566608994861429
1835	0.048022259	0.0587904694229279
1836	0.181408589	0.174795150369714
1837	0.34336302	0.407452325895578
1838	1.06213586	1.12191174336989
1839	0.083982772	0.0806427863213235
1840	0.073709712	0.0807980124685714
1841	0.265432353	0.163593766216914
1842	0.06633742	0.100019469333276
1843	0.250999347	0.10066806894009
1844	0.097999274	0.0608148962629762
1845	0.414644225	0.547341293453889
1846	0.033171775	0.0380707293020833
1847	0.022163586	0.0505063168594762
1848	0.296495515	0.264501958593143
1849	0.102960973	0.108492307318684
1850	0.08632654	0.148222446198385
1851	0.084497506	0.097754501013172
1852	1.56790377	0.421996638625813
1853	0.109702106	0.0750360622764957
1854	0.048892474	0.0863333765230263
1855	0.043181332	0.0595168906063979
1856	0.059502816	0.0611952384123333
1857	0.386885191	0.382778929910708
1858	0.389660838	0.318562078692882
1859	0.136142643	0.17526361430086
1860	0.048272364	0.171379723034459
1861	0.344820163	0.518599463498333
1862	0.0117334294	0.0592320200084167
1863	0.052587052	0.0773397014838542
1864	0.124691424	0.188961827287798
1865	0.041543899	0.0415325247806757
1866	0.056649856	0.0704276222509804
1867	0.151804352	0.106687319772593
1868	0.142496356	0.0734977912308602
1869	0.044527106	0.0540179686064682
1870	0.32061205	0.146848651036717
1871	0.161844743	0.200862221636574
1872	0.02293755	0.0258772746278623
1873	0.180804535	0.120418286050238
1874	0.070265159	0.128000893387255
1875	0.22307278	0.229391406116889
1876	0.063234298	0.0935611439581081
1877	0.04057403	0.0483128773870155
1878	0.017052312	0.038369131777029
1879	0.135726128	0.212890918991057
1880	0.055088017	0.085484752028
1881	0.025066806	0.0530475756909402
1882	0.54608201	0.484990394160145
1883	0.10497616	0.0670250651195238
1884	0.203846704	0.0506766037510526
1885	0.164294205	0.202496228435913
1886	0.210077923	0.244305336233833
1887	0.10731459	0.0818532085368992
1888	0.54019889	0.239647609860784
1889	0.041604699	0.0721151673793333
1890	0.443440844	0.877475251454444
1891	0.0300559844	0.0819983888378241
1892	0.075314304	0.0494513872708139
1893	0.214565925	0.161209180808874
1894	0.141931846	0.219138075360037
1895	1.07457803	0.840508724499167
1896	0.216705358	0.201335463835083
1897	0.08953397	0.0985285079544
1898	1.53715493	1.13154337215333
1899	0.44675435	0.267907244648014
1900	0.057881275	0.100854815918597
1901	1.3345603	0.570334591744792
1902	0.047862477	0.0941013807571078
1903	0.55845067	0.218124041971583
1904	0.220461081	0.211094740470727
1905	0.0207837825	0.0350642825258889
1906	0.672134066	0.528948560485856
1907	0.0284741404	0.0348837641328704
1908	0.093165733	0.22997348263
1909	1.23732174	0.221419120473171
1910	0.061061067	0.0574316552305319
1911	0.081983857	0.114028889775
1912	0.049263651	0.082014761953125
1913	0.045835173	0.115781740642708
1914	0.293924102	0.256057037565432
1915	0.071102029	0.0815982918297619
1916	0.121780299	0.085770391412963
1917	0.048157282	0.0569345427346396
1918	0.162927148	0.237211702811782
1919	0.054076954	0.0472834605719697
1920	0.034065115	0.0530813949281395
1921	0.16081344	0.16912095974619
1922	0.092106089	0.134732939864848
1923	0.095203434	0.233805315908333
1924	0.0934749182	0.152207643955958
1925	0.057632175	0.102241423453542
1926	0.06351891	0.0771958925033761
1927	0.0196800606	0.0426377423342857
1928	0.073304888	0.22826483638975
1929	0.064493012	0.081173083119246
1930	0.108162862	0.0939914192280555
1931	0.079965208	0.161934125284314
1932	0.1374888123	0.0639020063628125
1933	0.045287371	0.100084677090315
1934	0.028388703	0.04851046583125
1935	0.23705209	0.232682913205556
1936	0.198887468	0.151721006885625
1937	0.032534721	0.100024290657308
1938	0.0129647694	0.0520554364963415
1939	0.0255463164	0.0588314001452778
1940	0.229930648	0.178271072877636
1941	1.87794814	1.49806739215333
1942	0.047865468	0.164049634268217
1943	0.085485254	0.0954764066999495
1944	0.0120390442	0.0313845444816667
1945	0.286874314	0.314165945322222
1946	0.035093576	0.0758564602209896
1947	0.63368363	0.535826104410526
1948	0.245067408	0.391230359678125
1949	0.043926329	0.047644349988062
1950	0.028443169	0.05673500635
1951	0.104758554	0.0888934522483951
1952	0.079058868	0.0644382693054487
1953	0.283522165	0.399870188461945
1954	0.0251724054	0.0354753372771717
1955	0.151677702	0.118663224834409
1956	0.090882574	0.0874746267827778
1957	0.0180322266	0.0305357740652857
1958	0.064392563	0.125774409758527
1959	0.070989472	0.0815616305051786
1960	0.042074245	0.113345381183838
1961	0.037772204	0.0561396604221138
1962	0.1343680455	0.128049915714368
1963	0.23921196	0.29003706452054
1964	0.165962269	0.129865344073021
1965	0.1362759098	0.063522307511358
1966	0.063075253	0.0729396150681818
1967	0.0399489264	0.0378416433676191
1968	0.91807885	0.959634316980342
1969	0.119802506	0.126272500131591
1970	0.081923782	0.0893810845924074
1971	0.516178493	0.503171742560556
1972	0.052930967	0.070460261836574
1973	0.1562821	0.224555970688691
1974	0.0187439517	0.0438241388088194
1975	0.067342064	0.0623535155038461
1976	0.27079225	0.24636118714246
1977	0.0152951683	0.053629800847906
1978	0.084457996	0.133010172438736
1979	0.043154966	0.0460574566148649
1980	0.6053052	0.487370097958208
1981	0.056464708	0.0970417302968254
1982	0.045934387	0.0498132324919444
1983	0.073562362	0.147010219512069
1984	0.035580077	0.0855990445344017
1985	0.216896042	0.259940805064461
1986	0.344999764	0.279147513056081
1987	0.066888494	0.162969660545349
1988	1.06131487	0.581111390299206
1989	0.98258522	0.800494155801884
1990	0.161457096	0.26802972567565
1991	0.41841372	0.152518168068229
1992	0.04091617	0.0665865505269608
1993	0.189999876	0.118556465742829
1994	0.061462851	0.0633907231541025
1995	0.11475361	0.163244519992143
1996	0.126225605	0.140778658994054
1997	0.211630573	0.378202426410741
1998	0.108390472	0.160328964402137
1999	0.041904721	0.115823956057576
2000	0.0210846217	0.030372022122598
2001	0.32942197	0.151103072485185
2002	0.107092132	0.0495449468131667
2003	0.147472917	0.0912234673331372
2004	0.387968809	0.214635941189375
2005	0.17662529	0.153220550558542
2006	0.477837523	0.334422556683572
2007	0.13802339	0.128368873078922
2008	0.081664117	0.127919559896496
2009	0.52730589	0.517657654734896
2010	0.686219427	0.681395817546154
2011	0.229590098	0.257475169908485
2012	0.414763395	0.559476107425856
2013	0.047123747	0.0875991141129675
2014	0.057202841	0.0876012194328283
2015	0.051196602	0.151832558513258
2016	0.250725623	0.230324005349247
2017	0.191777882	0.303351012217742
2018	0.50134051	0.476658464076389
2019	0.074306008	0.185621694176042
2020	0.069766847	0.0767318766351471
2021	1.85739808	1.61105290464363
2022	0.045142754	0.0688206034909091
2023	0.07579878	0.105858670221746
2024	0.199118117	0.178110362798571
2025	0.177705001	0.192896938359524
2026	0.0139913675	0.0335992756289216
2027	0.159050143	0.0802077200252439
2028	0.307746385	0.242551539460088
2029	0.035007088	0.063257206182305
2030	0.142947429	0.229398781421892
2031	0.211670313	0.174173536231869
2032	0.10952618	0.247487436866204
2033	0.098110475	0.135194739020152
2034	0.763923343	0.481820409667531
2035	0.053039398	0.0523063961613008
2036	0.13235035	0.0652000635235417
2037	0.030767102	0.054805129815946
2038	0.50251055	0.458979134513384
2039	0.021616017	0.0277333102885833
2040	0.177981379	0.155924754896435
2041	0.069700198	0.172707082278241
2042	0.6134572	0.498323010658334
2043	0.052009337	0.0723872268611111
2044	0.032453474	0.0394005688197917
2045	0.0273109125	0.0525375367562903
2046	0.45315101	0.419886055733604
2047	3.0242097	1.81913530792619
2048	0.291521445	0.562881622249167
2049	0.51383475	0.382705273533511
2050	0.0645325298	0.0859604606993421
2051	0.0351614925	0.0581099682121795
2052	0.119976647	0.108262430805833
2053	0.12634168	0.117632137192764
2054	0.44624927	0.35166818598871
2055	0.165232871	0.04931667871075
2056	0.097187295	0.173128883778378
2057	0.077186948	0.114844507354167
2058	0.08035961	0.0731717998808527
2059	0.079407737	0.0914420283
2060	0.063030553	0.0336513988303226
2061	0.0284097693	0.0755622456811429
2062	0.167589582	0.0800969762437778
2063	0.234891226	0.195795358035857
2064	0.076501758	0.136344804910185
2065	0.0440790805	0.0969757644448148
2066	0.045337068	0.0491077006173874
2067	0.019488562	0.147647542188333
2068	0.291475416	0.277582389428205
2069	0.068329733	0.139755980952083
2070	0.0569691043	0.0434114388343023
2071	0.45151629	0.53593568665098
2072	0.10815055	0.102912036996057
2073	1.2547405	1.28579350221594
2074	0.09406153	0.154015253246078
2075	0.028384079	0.045493260229246
2076	0.044950341	0.0437597900196154
2077	0.036162819	0.0630814697719445
2078	0.058051487	0.0750568967568182
2079	0.168434316	0.0788342055452381
2080	0.193067915	0.13773680821951
2081	0.136047092	0.272450981387568
2082	0.449646962	0.42471330075
2083	0.30325883	0.397964955909921
2084	0.2283264	0.261063266909314
2085	0.033028709	0.0736564905886508
2086	0.087566467	0.0874833291333333
2087	0.33421276	0.267515221715698
2088	0.051658596	0.0969825077401515
2089	0.0186335775	0.037774485632906
2090	0.066706351	0.0817633260262626
2091	0.328566887	0.228681987635784
2092	0.02747101	0.0602468804537398
2093	0.47986283	0.571171789667157
2094	0.0776160203	0.120827497922619
2095	0.095680591	0.170259603561875
2096	0.268873015	0.169926386264943
2097	0.55800534	0.515065881420176
2098	0.163076734	0.342163574586
2099	0.387874257	0.611014045405278
2100	0.122238442	0.117520118962939
2101	0.78737124	0.825001526277586
2102	0.092059764	0.122404659722222
2103	0.068144909	0.101542095694476
2104	0.111249251	0.329699159305833
2105	0.053940844	0.047701975308
2106	0.2637671	0.607720964945935
2107	0.0327772746	0.072193348254955
2108	0.207708705	0.195576666323984
2109	0.21985729	0.337270241997279
2110	0.051930036	0.0759945371986021
2111	0.0249986583	0.0550511645333772
2112	0.096953055	0.170441730358952
2113	0.045712991	0.0847281889753509
2114	0.51102492	0.34921704479679
2115	0.1985856597	0.133708146183889
2116	0.08367649	0.0590917354325203
2117	0.076269012	0.0733057849187985
2118	0.373688517	0.380286877243903
2119	0.124427162	0.108125317894286
2120	0.073485955	0.0880268870486022
2121	0.95985095	0.720187597798016
2122	0.110276924	0.163989987625366
2123	0.061889896	0.151947422059074
2124	0.300512489	0.304776459798039
2125	0.0163829335	0.0612602325911712
2126	0.053784425	0.19777778623202
2127	0.78731632	0.844814931190651
2128	0.0177573824	0.0665963904687222
2129	0.0638210733	0.13073497134837
2130	0.0722492443	0.0564937029706296
2131	0.0360144085	0.064135184029086
2132	0.129922567	0.07775704087
2133	0.36440696	0.185939580181373
2134	0.031978137	0.0519421936666667
2135	0.030431853	0.0567356664542793
2136	0.147451434	0.105953793702
2137	0.036391139	0.0516938489314912
2138	0.037310353	0.0819644391258333
2139	0.027370833	0.0547224184773684
2140	0.262950664	0.0896131152861458
2141	0.79692668	0.913104385704273
2142	2.33253925	1.77455613510133
2143	1.051090657	0.61152650521276
2144	0.101500619	0.129796581904188
2145	0.05220143	0.0633588244672973
2146	0.0433333298	0.0578678080754505
2147	0.082457615	0.0684602890495238
2148	0.048039795	0.0445200019085937
2149	0.223067362	0.303834060426923
2150	0.040397078	0.1134275060525
2151	0.0465071105	0.125351910213167
2152	0.059437223	0.0921008561237374
2153	0.041661345	0.0952139588766092
2154	0.0438705347	0.254053104790571
2155	0.083296024	0.0856195440635938
2156	0.6644555	0.568842350290784
2157	0.27883642	0.31195613097
2158	0.0698337365	0.0943417246461616
2159	0.099660204	0.0975532619346491
2160	0.119409151	0.119406528354798
2161	0.051802798	0.104874947183714
2162	0.0345457031	0.0475885772058571
2163	0.037936642	0.047700352942752
2164	0.114496888	0.113627138006579
2165	0.208179654	0.366298130741327
2166	0.26127647	0.246656666087719
2167	0.0574580844	0.15602368531641
2168	0.245315402	0.277468463482276
2169	0.045831729	0.0384126865086458
2170	1.4915207	1.01762632300658
2171	0.03058577	0.0992677472708095
2172	0.450930431	0.616507200288492
2173	0.273409555	0.26483629420969
2174	0.035640944	0.0527862111621875
2175	0.034413932	0.0532971226834649
2176	0.183767168	0.123617776728056
2177	0.097183056	0.137988179242402
2178	0.081480477	0.0648037034084444
2179	0.115026862	0.158319523042315
2180	0.089423141	0.174887948278283
2181	0.2018171425	0.0433378044561538
2182	0.211461826	0.315349137334259
2183	0.107997335	0.132911576304701
2184	0.10521877	0.181062985903535
2185	0.011359035	0.0230296810013889
2186	0.12481798	0.0882252930979167
2187	0.37557107	0.319520172374593
2188	0.218551446	0.122254343241667
2189	0.019163616	0.104117351354701
2190	0.39687855	0.537329681177273
2191	0.0160718065	0.032106859507284
2192	0.038163957	0.10784174141276
2193	0.057036359	0.11350846637973
2194	0.105517738	0.166163503507778
2195	0.0064849947	0.0313920004510648
2196	0.038589417	0.116533678025
2197	0.094693129	0.135408186255528
2198	0.082737163	0.102978075810606
2199	0.018700167	0.0786797017423505
2200	0.150549129	0.132465963309015
2201	0.073975182	0.169418986541381
2202	0.063206227	0.199161049924797
2203	0.094292447	0.112205712420645
2204	0.042792185	0.0344665956855833
2205	0.3765666	0.238371301684344
2206	0.0436465674	0.0544808357976437
2207	0.042485563	0.116221243930417
2208	0.0344361728	0.0560249466516667
2209	1.251863688	0.932660826944166
2210	0.097444705	0.0971721236522222
2211	0.80589259	0.511897676546262
2212	0.0452209628	0.0648361927503333
2213	0.618461205	0.361206712388158
2214	0.36245143	0.244454193934398
2215	0.044661389	0.0547921695451613
2216	0.0149458335	0.0229732096561261
2217	1.0441917	0.715096487252564
2218	0.361602048	0.488453784761539
2219	0.196767903	0.330301692828561
2220	0.100048446	0.0857525600490476
2221	0.081169617	0.100157965824545
2222	0.064721128	0.0781017744065041
2223	0.0257544254	0.0682743938215714
2224	0.063142178	0.0827080413087984
2225	0.128062459	0.108985703923235
2226	0.120674365	0.0642151770971111
2227	0.087636712	0.0967625019683333
2228	0.0309618896	0.0526221159972369
2229	0.056077112	0.075872053859188
2230	1.15838093	0.974333146070833
2231	0.119687118	0.165869175027905
2232	0.026471796	0.0792711309134127
2233	0.153457401	0.126375323273509
2234	0.88545871	0.483944107798
2235	0.181127658	0.139799195818248
2236	0.131043142	0.107988847847237
2237	0.184277721	0.15895519574596
2238	0.631544505	0.868089442534954
2239	0.1063812837	0.163612336728492
2240	0.066924895	0.122585431583333
2241	0.038515624	0.032619801248
2242	0.060334359	0.0921363079956349
2243	0.3202106	0.346251271629524
2244	0.042388075	0.0391495863960185
2245	0.240291974	0.214009197378148
2246	0.353178079	0.263904790540404
2247	0.408965205	0.800593683046465
2248	0.031565486	0.0525774765712381
2249	0.547893036	0.527748838426786
2250	0.264583401	0.177878794447407
2251	0.0281885647	0.07614882821975
2252	0.124974362	0.078769521501282
2253	0.0238945587	0.0417275488534848
2254	0.066630511	0.0711622270209375
2255	0.0269069744	0.050820407649394
2256	0.31158229	0.165171888005085
2257	0.146050473	0.140453343909402
2258	0.052695593	0.0950455255244444
2259	0.764549718	0.461192843242754
2260	0.117653522	0.0310537339010938
2261	0.10120812	0.0722233784448198
2262	0.320543223	0.408735898576667
2263	0.3803348441	0.281560462733519
2264	0.0500191753	0.0532007756969192
2265	1.409458479	0.880833465035773
2266	0.15274001	0.0879793956535088
2267	0.63648605	0.53229575295
2268	0.34941943	0.317446787130556
2269	0.033596637	0.0373877992530556
2270	0.85327276	0.807902489613235
2271	0.075041738	0.0709941118581905
2272	0.56061112	0.582274167508333
2273	0.019319414	0.0726460151855263
2274	0.180038537	0.182182351722917
2275	0.129407684	0.107499419655238
2276	1.48516002	0.83897478290935
2277	0.212716877	0.289884765420078
2278	0.10389429	0.150658904340918
2279	0.144615673	0.0784664607040741
2280	0.157834211	0.330784882454293
2281	0.077706171	0.0783347006239583
2282	0.052647934	0.0731953516382456
2283	0.106524702	0.083417949817
2284	0.047728699	0.0602664430703432
2285	0.19670562	0.15372053444537
2286	0.121181045	0.0846628255641667
2287	0.097216984	0.134641629620175
2288	0.042979047	0.0571498732967857
2289	0.200111612	0.373195819915909
2290	0.145003575	0.146049962835402
2291	0.0195331785	0.069289458331886
2292	0.153782957	0.157083912420298
2293	0.021909682	0.0518549221631313
2294	0.087210977	0.0521923285317094
2295	0.026986833	0.0402881896178333
2296	0.55167816	0.912191060192593
2297	0.09981945	0.0903703828411111
2298	0.042279839	0.0783219498236274
2299	0.100779136	0.110277729190054
2300	0.0174256219	0.0465636970571491
2301	0.169528641	0.0868797946922727
2302	0.042476147	0.106584108859333
2303	0.10755611	0.0569407090544186
2304	0.055918207	0.0701620983427642
2305	0.032981405	0.118983262186047
2306	0.036775885	0.0643694239579279
2307	0.0362875684	0.0714324759702033
2308	0.0230523423	0.0541959723376923
2309	0.2473136965	0.355879663133252
2310	0.076729267	0.123661488695766
2311	0.053754905	0.0843121932811966
2312	0.18183779	0.402391590384444
2313	0.074286219	0.124706176878714
2314	0.190492955	0.157322940884524
2315	1.0251984	0.663487974761465
2316	0.727139656	0.423870485189584
2317	0.018593416	0.0566872316487619
2318	0.172581903	0.205048439135496
2319	0.056046793	0.11483922552
2320	0.0688519063	0.0311454659668939
2321	0.051017867	0.0714491506476744
2322	0.09218491	0.0574450300076882
2323	0.415460223	0.49876511288763
2324	0.25295131	0.150256994586574
2325	0.225770024	0.365980664759921
2326	0.0349374628	0.0584990070451219
2327	0.0364090398	0.0259924463243939
2328	0.0952171557	0.0663243495415104
2329	0.027660527	0.0781912626591954
2330	0.090327868	0.0692939808964516
2331	0.132338759	0.122755457408102
2332	0.0265842696	0.0405271938882017
2333	0.059535626	0.144177053419222
2334	0.037648141	0.0553856137321739
2335	0.0189118284	0.0649582287725309
2336	0.26177385	0.124438001557333
2337	0.048771626	0.125955750398437
2338	0.121715427	0.0660651316557778
2339	1.2634447	1.02582427818952
2340	0.0341245697	0.0433729705462255
2341	0.101767557	0.169323211130342
2342	0.028466688	0.0312692031909048
2343	1.119040817	0.979817429674797
2344	0.085603441	0.165849715505903
2345	0.0693844083	0.190372900666762
2346	0.0783953045	0.0690338987363821
2347	0.066955207	0.0797748374259167
2348	0.19034551	0.308598316692857
2349	0.218421506	0.328343016614516
2350	0.034232886	0.0493366826958333
2351	0.286295083	0.408924081898821
2352	0.140433375	0.258439369428788
2353	0.21283618	0.153257208252477
2354	0.0148876473	0.0248641900354255
2355	0.177410853	0.175727689339054
2356	0.198842855	0.300237150704946
2357	0.046728328	0.0987408877194444
2358	0.307737048	0.304267560466911
2359	0.130810679	0.124767710284491
2360	0.531189063	0.567732943137963
2361	0.116237483	0.194743741191627
2362	0.524706341	0.592815267535366
2363	0.021903707	0.0319383130296342
2364	0.036366528	0.0480235839339922
2365	0.109871236	0.0612622342187143
2366	0.058695625	0.145152947164626
2367	0.0190294686	0.0270489231156667
2368	0.0192362912	0.046700946610307
2369	0.12875096	0.208615676524775
2370	0.0860271727	0.143793056666605
2371	0.58449781	0.510377493444286
2372	0.105475901	0.10253912980188
2373	0.131669721	0.0980397174521591
2374	0.047148141	0.141526028330833
2375	0.311090994	0.237700797178333
2376	0.021090005	0.118362195057738
2377	0.33027098	0.316739144312549
2378	0.0209425116	0.0361391869352315
2379	0.29502253	0.0528294820341667
2380	0.077812558	0.302923972382018
2381	0.42730488	0.3968033171414
2382	0.220570426	0.167114321858065
2383	0.204974164	0.27541127556
2384	0.067425947	0.0994723094257471
2385	0.1482931555	0.138773528442794
2386	0.0568821263	0.0847449595913426
2387	0.020041307	0.046542437179065
2388	0.27965577	0.144701702526937
2389	0.1407592356	0.113649176572903
2390	0.047829416	0.0867856955245614
2391	0.321737797	0.381163118480056
2392	0.1928104	0.129661022294769
2393	0.29600114	0.486542150395147
2394	0.31602508	0.386090827622072
2395	0.53679008	0.562685132932857
2396	0.052111221	0.113018532139474
2397	0.014055055	0.0442355961221078
2398	0.033682856	0.129739104748621
2399	0.072308735	0.0420693357033333
2400	0.0277648764	0.0554179239564912
2401	0.301363293	0.174250706445172
2402	0.069631982	0.0870271355414414
2403	0.051453085	0.0570285439905702
2404	0.191108556	0.293068332076548
2405	0.153591462	0.20315691514951
2406	0.449674971	0.460079351852828
2407	1.06885314	0.802191644668687
2408	0.0260043248	0.0475809715017222
2409	0.228002185	0.278317612524234
2410	0.435478985	0.241793801091927
2411	0.501915498	0.256752644015917
2412	0.097339171	0.0947929609409722
2413	0.48846382	0.523218089192222
2414	0.445130251	0.509908576501042
2415	0.157566254	0.21178729564964
2416	0.795637764	0.490656026419956
2417	0.29095908	0.176768068390351
2418	0.12489776	0.174286867363596
2419	0.019821291	0.0679596830434615
2420	0.131928138	0.110950584757292
2421	0.036125853	0.0400099574896429
2422	0.070816788	0.0705886940692308
2423	0.073513324	0.0482439969061712
2424	0.106850675	0.0772051542832895
2425	0.059953008	0.0705015225811966
2426	0.016776776	0.060711627345969
2427	0.1621283	0.239257072602604
2428	0.35141726	0.338612091116667
2429	0.054218008	0.0887176477897436
2430	0.326594784	0.31773698664031
2431	0.056855682	0.07838611434
2432	0.244690365	0.381077836582292
2433	0.147920823	0.109141222775494
2434	0.306034334	0.345409200398056
2435	0.148470256	0.132305719764103
2436	0.079833464	0.0620907833585366
2437	0.276671427	0.271478888320935
2438	0.082077646	0.190290462106989
2439	0.35423439	0.37846433456088
2440	0.13287829	0.114334050064216
2441	0.0785777653	0.0450085840095833
2442	0.430539434	0.256049578251802
2443	0.061840743	0.198466770933935
2444	2.01975474	1.26603537406441
2445	0.265548145	0.148718818362698
2446	0.140751013	0.135695676215556
2447	0.078920243	0.11424579522265
2448	0.186584022	0.188489540048171
2449	0.40015326	0.296545564858577
2450	0.241616274	0.110713826942193
2451	0.5694904	0.679939352869342
2452	0.02321817	0.0923064126404762
2453	0.083342587	0.16544619435819
2454	0.040704848	0.0716640342656202
2455	0.08547188	0.176860042819892
2456	0.039183688	0.079465046726087
2457	0.274272674	0.418303015901754
2458	0.2503115	0.228930693210124
2459	0.071125745	0.098723040004394
2460	0.0166958204	0.0364443189631579
2461	0.069808206	0.153518173151562
2462	0.041775966	0.0805025287689683
2463	0.0214873072	0.05956809474925
2464	0.94740122	0.680595558301961
2465	0.277128777	0.201227755733393
2466	0.396919624	0.313102942318605
2467	0.744369649	0.402977752796875
2468	0.0256829225	0.0506651195675521
2469	0.24387232	0.156950912332796
2470	0.04341445	0.0236163947442857
2471	0.137710513	0.233556918806068
2472	0.086946954	0.130349841019306
2473	0.143200357	0.137297448731081
2474	0.136928568	0.203035880080778
2475	0.117591142	0.289841198326202
2476	1.2435601	1.06129231147478
2477	0.326991182	0.244725833183908
2478	0.0283518244	0.0436992242792929
2479	0.051049891	0.0645482736726563
2480	0.137988975	0.25426893260641
2481	0.9505734	0.806385587333334
2482	0.044704544	0.0628942941607971
2483	0.145723672	0.124532751110043
2484	0.0232962954	0.0571221694833333
2485	0.075880071	0.0935258332636752
2486	0.031218833	0.0857705245002222
2487	0.031762196	0.0287927892342157
2488	0.0094759457	0.0320553370185185
2489	0.02643742	0.0629636589460526
2490	0.55006242	0.635131618588637
2491	0.089065052	0.0824514444627193
2492	0.17132106	0.0931622132920833
2493	0.33530435	0.367034390927368
2494	0.072230273	0.0862672328882828
2495	0.658630991	0.661146020960741
2496	0.046008935	0.0956418393873246
2497	0.09922606	0.106351313619259
2498	0.035803739	0.0827572195818229
2499	0.22842045	0.250773761740041
2500	0.456045169	0.311219784826126
2501	0.117139257	0.134326486933333
2502	0.243446674	0.299182970550617
2503	0.14026371	0.20728811269
2504	0.118459151	0.212995847829902
2505	0.42553528	0.453571371325357
2506	1.5739329	1.47245525340732
2507	0.422858558	0.280215072919225
2508	0.041681679	0.0650294731821429
2509	0.110610027	0.125814342461571
2510	0.0210350125	0.0403475475092929
2511	0.037771847	0.056209266774625
2512	0.035649396	0.0495807768976126
2513	0.097226546	0.092597954193421
2514	0.0408038426	0.0556313924489744
2515	0.545984437	0.214331500361275
2516	0.094381093	0.0847918183479487
2517	0.119712959	0.0564612098911458
2518	0.204727285	0.368761648910965
2519	0.024341086	0.0679630571919608
2520	0.17021894	0.202183849372619
2521	0.0663669799	0.169613690871713
2522	0.5429622775	0.538905312653529
2523	0.208626951	0.108267208053869
2524	0.859736787	0.825998646335484
2525	0.729493094	0.328392301032456
2526	0.46697832	0.379269820646396
2527	0.0371295165	0.0393652718055952
2528	0.061098876	0.134247666611458
2529	0.069995346	0.116407552316667
2530	0.04455136	0.126523150032895
2531	0.097611578	0.0508907864820952
2532	0.0507030284	0.104332249384936
2533	0.0988596	0.0610226822412037
2534	0.05022545	0.075664458550125
2535	0.607221662	0.481848207694583
2536	0.024627588	0.0523329470937745
2537	0.33284836	0.437071336213444
2538	0.95064157	0.989430230122619
2539	0.1213709	0.293658709668561
2540	0.26973297	0.312635031158542
2541	0.094307987	0.0769682417826191
2542	0.064133026	0.107287053424238
2543	0.07196375	0.131955479146465
2544	0.404764837	0.0856490306395737
2545	0.117214693	0.123603160360813
2546	0.054020285	0.05158762500875
2547	0.017803187	0.043291090403375
2548	0.026787577	0.0614385039357752
2549	0.069228517	0.044067372483381
2550	0.070887508	0.091498634669384
2551	0.26438308	0.308206342072451
2552	0.342504814	0.48202587358871
2553	0.186107015	0.437118452970098
2554	0.74121418	1.29129550986565
2555	0.032850056	0.107357193163611
2556	0.500249855	0.409647871411458
2557	0.0479355667	0.14166209745829
2558	0.181293929	0.338520378856261
2559	0.066521691	0.105663764395714
2560	0.1442476457	0.169100406842838
2561	2.03126884	1.54622830924444
2562	0.062606548	0.102033039251579
2563	0.055553677	0.0443118887333333
2564	0.356172824	0.356679756057917
2565	0.34608814	0.183784708732197
2566	0.314284002	0.330702201434545
2567	0.4924338	0.354356731727865
2568	0.10245145	0.121230117479596
2569	0.102338685	0.120361497689952
2570	0.047690144	0.061595368450873
2571	0.069545464	0.127338129073843
2572	0.054894055	0.131798595255926
2573	0.0189778441	0.0346049381620721
2574	1.35184646	1.27037105605357
2575	0.084489644	0.0741697936226069
2576	0.384966536	0.308167484882593
2577	0.074712953	0.0747161928537963
2578	0.5177357	0.804710788282051
2579	0.084626605	0.264474820039951
2580	0.24335873	0.137479442592451
2581	0.1572420617	0.138272629517115
2582	0.014598402	0.0421770940987963
2583	0.0168734215	0.0998910456136364
