model	target	predictor	target_excluded	deterministic_copy_excluded	status
mp10_target_extension	MP10	epi_fraction_gate	TRUE	TRUE	PASS
mp10_target_extension	MP10	log1p_nCount	TRUE	TRUE	PASS
mp10_target_extension	MP10	F01	TRUE	TRUE	PASS
mp10_target_extension	MP10	F02	TRUE	TRUE	PASS
mp10_target_extension	MP10	F03	TRUE	TRUE	PASS
mp10_target_extension	MP10	F04	TRUE	TRUE	PASS
mp10_target_extension	MP10	F05	TRUE	TRUE	PASS
mp10_target_extension	MP10	F06	TRUE	TRUE	PASS
mp10_target_extension	MP10	F07	TRUE	TRUE	PASS
mp10_target_extension	MP10	F08	TRUE	TRUE	PASS
mp10_target_extension	MP10	F10	TRUE	TRUE	PASS
mp10_target_extension	MP10	F11	TRUE	TRUE	PASS
mp10_target_extension	MP10	F12	TRUE	TRUE	PASS
mp10_target_extension	MP10	F13	TRUE	TRUE	PASS
mp10_target_extension	MP10	F14	TRUE	TRUE	PASS
mp10_target_extension	MP10	F15	TRUE	TRUE	PASS
mp10_target_extension	MP10	F16	TRUE	TRUE	PASS
mp10_target_extension	MP10	F17	TRUE	TRUE	PASS
mp10_target_extension	MP10	F18	TRUE	TRUE	PASS
mp10_target_extension	MP10	F19	TRUE	TRUE	PASS
mp10_target_extension	MP10	F20	TRUE	TRUE	PASS
mp10_target_extension	MP10	F21	TRUE	TRUE	PASS
mp10_target_extension	MP10	F22	TRUE	TRUE	PASS
mp10_target_extension	MP10	F23	TRUE	TRUE	PASS
mp10_target_extension	MP10	F24	TRUE	TRUE	PASS
mp10_target_extension	MP10	F25	TRUE	TRUE	PASS
mp10_target_extension	MP10	F26	TRUE	TRUE	PASS
mp10_target_extension	MP10	F27	TRUE	TRUE	PASS
mp10_target_extension	MP10	F28	TRUE	TRUE	PASS
mp10_target_extension	MP10	F29	TRUE	TRUE	PASS
mp10_target_extension	MP10	F30	TRUE	TRUE	PASS
