cluster	n_cells	n_samples	n_datasets	n_verified_patients	max_sample	max_sample_fraction	patient_assessment	fraction_of_this_branch	max_patient	max_patient_fraction
"C1"	7424	49	5	NA	"CNP0000460|CNP0000460_P01N"	0.117726293103448	"unavailable_unverified_mapping"	0.217750923916232	NA	NA
"C2"	6428	51	5	NA	"HRA003620|HRA003620_BC-30"	0.0874299937772246	"unavailable_unverified_mapping"	0.188537572593418	NA	NA
"C8"	1272	32	5	NA	"PRJNA662018|PRJNA662018_PRJNA662018_P6T6"	0.721698113207547	"unavailable_unverified_mapping"	0.0373086173520268	NA	NA
"C3"	5533	46	5	NA	"HRA003620|HRA003620_NC-24"	0.154346647388397	"unavailable_unverified_mapping"	0.162286619346513	NA	NA
"C6"	2172	48	5	NA	"PRJNA662018|PRJNA662018_PRJNA662018_P8T8"	0.34622467771639	"unavailable_unverified_mapping"	0.0637062239690268	NA	NA
"C9"	917	32	5	NA	"PRJNA662018|PRJNA662018_PRJNA662018_P2T2"	0.71319520174482	"unavailable_unverified_mapping"	0.0268962280753212	NA	NA
"C4"	5122	55	5	NA	"GSE326225|GSE326225_BC2"	0.139398672393596	"unavailable_unverified_mapping"	0.150231712324749	NA	NA
"C5"	2989	47	5	NA	"CNP0000460|CNP0000460_P04T"	0.177316828370693	"unavailable_unverified_mapping"	0.0876693846424591	NA	NA
"C7"	1954	41	5	NA	"PRJNA662018|PRJNA662018_PRJNA662018_P5T5"	0.429375639713408	"unavailable_unverified_mapping"	0.057312137032909	NA	NA
"C10"	283	16	5	NA	"GSE326225|GSE326225_BC1"	0.738515901060071	"unavailable_unverified_mapping"	0.00830058074734557	NA	NA
