label	Pearson_log1p	Spearman_log1p	S31_sum	S30_sum	signature_sum_ratio	median_gene_ratio_pseudocount_0_1
Arterial EC	0.9999976902893912	0.9999966666427909	4447.7735049387	4435.974064983309	0.9973471131247378	0.99850807812407
C1QC TAM	0.9999908233714004	0.9999921932647912	3578.92867519129	3568.1984192732302	0.9970018245983944	0.9989641885827152
CD4 Helper/Conventional	0.999978531121042	0.9999759598223844	1036.86961478365	1031.65741171208	0.9949731354866084	0.9994693894731932
CD4 Naive/Memory-like	0.9999745129706352	0.9999692961370972	830.57636688205	826.27129658725	0.994816767648999	0.9994999596164602
CD8 Exhausted	0.9999750753524907	0.999969168430637	1214.19952725319	1205.52066287475	0.9928521925897354	0.9989992953480328
CD8 GZMK/Effector-memory-like	0.999968178263362	0.9999578158415164	786.40359736244	781.4847306957699	0.9937451116917984	0.9994752972907248
Capillary EC	0.999991982514204	0.9999900919906476	3107.44002723938	3105.5501328645096	0.999391816299493	0.9996796774779906
Classical Mono	0.99997470261384	0.99991569544094	1568.11417959477	1555.98229399419	0.9922633914300072	0.9991798577035108
GC B	0.9999724057580752	0.9997850982137324	2791.9770274235	2770.6163137191	0.9923492516254292	0.9974121988988468
LAMP3 DC	0.99997476220226	0.9998956852210588	3031.4975842756003	3016.5896887247	0.9950823330263472	0.998158177209326
Lymphatic EC	0.999912666317346	0.9996180753412603	2370.0537130949	2359.1920189716	0.9954171105645044	0.9981963922127526
Mast	0.999973122657698	0.999931186765365	1105.48958250298	1101.1046298811698	0.996033474497442	0.9992046088967848
Matrix_CAF	0.99998386429103	0.9999670838781428	4275.6931688411005	4263.501966191001	0.9971487190103016	0.9982024187422138
NK	0.999964899501337	0.999849197752265	1026.53739844249	1021.01949300929	0.9946247399835876	0.9993898016219522
Naive/Memory B	0.999973660899596	0.999903413811048	907.95267562492	901.87929927883	0.993310910899723	0.999161954499988
Neutrophil	0.9999874210006724	0.9962514762155557	558.56768252899	555.38290691451	0.9942983174392396	0.9998078381509604
Pericyte	0.9999709483949882	0.9999662772756862	4172.988890681911	4182.54841894189	1.0022908108577346	0.999917074817163
Plasma	0.9999856403108583	0.9999649820066464	3297.635810913609	3289.488647877399	0.9975293927215227	0.9989100671127644
SMC	0.9999813055377332	0.9999702729385757	2521.05051715023	2513.25496396807	0.9969078155597724	0.9986542662721128
SPP1 TAM	0.9999881150218374	0.9999660487860196	4089.42484451768	4071.15765476645	0.9955330662756356	0.9979083549109689
Tfh/CXCL13-like	0.9999757316754632	0.9999292800652146	1324.87224636854	1315.54973598989	0.9929634646629494	0.9987932763263754
Treg	0.9999774415697028	0.9999379892695742	1152.196029528744	1145.686577243757	0.9943503951427004	0.9991371520266006
Venous EC	0.9999934249199948	0.9999825112264784	4251.03299844536	4233.42731409035	0.9958584926625014	0.9981562343064024
cDC1	0.99997006676293	0.9998310650596746	3666.2956372786	3644.9452455424	0.9941765766188873	0.9976328171453231
cDC2	0.9999783446927206	0.999959975507981	3625.905438820701	3602.3014913561	0.9934901922118858	0.997509525026902
iCAF	0.9999905038345096	0.9999837373741424	4516.98150866082	4491.533553732201	0.994366159153004	0.9974565384973468
pDC	0.9999449127793828	0.9996015605836917	2740.2788298906	2723.9401221188	0.9940375747191932	0.9975833248721804
rCAF	0.999964711222566	0.999913006441282	2592.6549580258	2584.6999012121	0.9969316947521016	0.998650783748719
vCAF	0.9999254992670938	0.9996666464516936	2278.3056175008	2278.7849690071	1.0002103982462307	0.9996002283701096
