sample	dataset	source	n_cells	library_size	n_left	n_right	library_left	library_right	comparison_id	eligible	reason
"CNP0000460|CNP0000460_P01N"	"CNP0000460"	"Normal"	8618	58239478	74	261	814762	613678	"K24_carrier"	TRUE	"eligible"
"CNP0000460|CNP0000460_P01T"	"CNP0000460"	"MIBC"	8703	100239761	43	1341	757620	7709559	"K24_carrier"	TRUE	"eligible"
"CNP0000460|CNP0000460_P02N"	"CNP0000460"	"Normal"	95	1350376	0	13	0	93562	"K24_carrier"	FALSE	"both_lt30"
"CNP0000460|CNP0000460_P02T"	"CNP0000460"	"MIBC"	2	29819	0	0	0	0	"K24_carrier"	FALSE	"both_lt30"
"CNP0000460|CNP0000460_P03N"	"CNP0000460"	"Normal"	2533	24677144	8	129	89128	456918	"K24_carrier"	FALSE	"left_lt30"
"CNP0000460|CNP0000460_P03T"	"CNP0000460"	"NMIBC"	1652	19260817	18	102	360260	558452	"K24_carrier"	FALSE	"left_lt30"
"CNP0000460|CNP0000460_P04T"	"CNP0000460"	"MIBC"	7910	55143156	213	1076	2424058	3575791	"K24_carrier"	TRUE	"eligible"
"CNP0000460|CNP0000460_P05N"	"CNP0000460"	"Normal"	2661	8360933	44	211	320432	406130	"K24_carrier"	TRUE	"eligible"
"CNP0000460|CNP0000460_P05T"	"CNP0000460"	"MIBC"	7832	65169600	277	1086	4571105	5088506	"K24_carrier"	TRUE	"eligible"
"CNP0000460|CNP0000460_P06T"	"CNP0000460"	"NMIBC"	4395	19683179	105	1094	716430	2806082	"K24_carrier"	TRUE	"eligible"
"CNP0000460|CNP0000460_P07N"	"CNP0000460"	"Normal"	2014	19436961	12	172	155485	499526	"K24_carrier"	FALSE	"left_lt30"
"CNP0000460|CNP0000460_P07T"	"CNP0000460"	"NMIBC"	2912	29846899	78	1528	1661176	8393905	"K24_carrier"	TRUE	"eligible"
"GSE326225|GSE326225_BC1"	"GSE326225"	"MIBC"	220	344649	0	7	0	9823	"K24_carrier"	FALSE	"both_lt30"
"GSE326225|GSE326225_BC2"	"GSE326225"	"MIBC"	1747	20575967	20	339	338901	2117962	"K24_carrier"	FALSE	"left_lt30"
"GSE326225|GSE326225_BC3"	"GSE326225"	"MIBC"	3513	35305675	5	893	103610	4326925	"K24_carrier"	FALSE	"left_lt30"
"GSE326225|GSE326225_BC4"	"GSE326225"	"MIBC"	540	6040596	0	65	0	551440	"K24_carrier"	FALSE	"left_lt30"
"GSE326225|GSE326225_BC5"	"GSE326225"	"MIBC"	21	46372	0	2	0	3584	"K24_carrier"	FALSE	"both_lt30"
"GSE326225|GSE326225_BC6"	"GSE326225"	"MIBC"	110	849631	0	28	0	155498	"K24_carrier"	FALSE	"both_lt30"
"GSE326225|GSE326225_BC7"	"GSE326225"	"MIBC"	9	30862	0	5	0	20316	"K24_carrier"	FALSE	"both_lt30"
"GSE326225|GSE326225_BC8"	"GSE326225"	"MIBC"	128	293749	0	17	0	56525	"K24_carrier"	FALSE	"both_lt30"
"HRA003620|HRA003620_BC-01"	"HRA003620"	"MIBC"	120	1642513	7	26	108580	272467	"K24_carrier"	FALSE	"both_lt30"
"HRA003620|HRA003620_BC-04"	"HRA003620"	"MIBC"	2280	41680414	876	197	18184886	2620570	"K24_carrier"	TRUE	"eligible"
"HRA003620|HRA003620_BC-05"	"HRA003620"	"MIBC"	3731	48625238	65	881	1085924	8007071	"K24_carrier"	TRUE	"eligible"
"HRA003620|HRA003620_BC-11"	"HRA003620"	"NMIBC"	118	1055695	0	19	0	155934	"K24_carrier"	FALSE	"both_lt30"
"HRA003620|HRA003620_BC-24"	"HRA003620"	"NMIBC"	3766	39836176	34	1596	547197	13903926	"K24_carrier"	TRUE	"eligible"
"HRA003620|HRA003620_BC-27"	"HRA003620"	"NMIBC"	1755	24476436	61	662	1163345	7416278	"K24_carrier"	TRUE	"eligible"
"HRA003620|HRA003620_BC-30"	"HRA003620"	"MIBC"	2331	22892668	0	1328	0	11487699	"K24_carrier"	FALSE	"left_lt30"
"HRA003620|HRA003620_NC-01"	"HRA003620"	"Normal"	14	221766	1	4	27357	31653	"K24_carrier"	FALSE	"both_lt30"
"HRA003620|HRA003620_NC-04"	"HRA003620"	"Normal"	308	6388579	206	1	4820768	4292	"K24_carrier"	FALSE	"right_lt30"
"HRA003620|HRA003620_NC-05"	"HRA003620"	"Normal"	634	8143852	5	266	84985	3020843	"K24_carrier"	FALSE	"left_lt30"
"HRA003620|HRA003620_NC-11"	"HRA003620"	"Normal"	255	3376311	0	95	0	925351	"K24_carrier"	FALSE	"left_lt30"
"HRA003620|HRA003620_NC-24"	"HRA003620"	"Normal"	1466	29459497	1117	71	25309182	445768	"K24_carrier"	TRUE	"eligible"
"HRA003620|HRA003620_NC-27"	"HRA003620"	"Normal"	2653	36453140	1093	65	17265078	456255	"K24_carrier"	TRUE	"eligible"
"HRA003620|HRA003620_NC-30"	"HRA003620"	"Normal"	4	29090	0	0	0	0	"K24_carrier"	FALSE	"both_lt30"
"InhouseData|T4091568"	"InhouseData"	"MIBC"	763	5919085	12	379	100790	2773274	"K24_carrier"	FALSE	"left_lt30"
"InhouseData|T4295396"	"InhouseData"	"MIBC"	547	2514449	1	71	4817	248240	"K24_carrier"	FALSE	"left_lt30"
"InhouseData|T4380845"	"InhouseData"	"MIBC"	372	3377714	4	244	55204	2257507	"K24_carrier"	FALSE	"left_lt30"
"InhouseData|T4398343"	"InhouseData"	"MIBC"	17	77154	0	4	0	11928	"K24_carrier"	FALSE	"both_lt30"
"InhouseData|T4463209a"	"InhouseData"	"MIBC"	239	1492124	0	197	0	1311548	"K24_carrier"	FALSE	"left_lt30"
"InhouseData|T4463209b"	"InhouseData"	"MIBC"	311	2248202	5	41	35539	163573	"K24_carrier"	FALSE	"left_lt30"
"InhouseData|T4465219"	"InhouseData"	"MIBC"	9296	50112899	72	2900	650923	9636829	"K24_carrier"	TRUE	"eligible"
"InhouseData|T4465935"	"InhouseData"	"MIBC"	527	3474942	2	224	30907	1024181	"K24_carrier"	FALSE	"left_lt30"
"InhouseData|T4466585"	"InhouseData"	"MIBC"	9	38742	3	0	18543	0	"K24_carrier"	FALSE	"both_lt30"
"InhouseData|T4469479"	"InhouseData"	"MIBC"	326	1211297	5	22	46542	78445	"K24_carrier"	FALSE	"both_lt30"
"InhouseData|T4471438"	"InhouseData"	"MIBC"	343	2713030	19	34	200497	196339	"K24_carrier"	FALSE	"left_lt30"
"InhouseData|T8009218"	"InhouseData"	"MIBC"	710	4881007	49	160	523064	710658	"K24_carrier"	TRUE	"eligible"
"PRJNA662018|PRJNA662018_PRJNA662018_P1N1"	"PRJNA662018"	"Normal"	354	593886	0	197	0	128804	"K24_carrier"	FALSE	"left_lt30"
"PRJNA662018|PRJNA662018_PRJNA662018_P1T1"	"PRJNA662018"	"NMIBC"	495	11684792	301	35	8992332	201322	"K24_carrier"	TRUE	"eligible"
"PRJNA662018|PRJNA662018_PRJNA662018_P2T2"	"PRJNA662018"	"NMIBC"	1652	32257945	31	165	1149129	171075	"K24_carrier"	TRUE	"eligible"
"PRJNA662018|PRJNA662018_PRJNA662018_P3N3"	"PRJNA662018"	"Normal"	135	201038	2	43	48666	28111	"K24_carrier"	FALSE	"left_lt30"
"PRJNA662018|PRJNA662018_PRJNA662018_P3T3"	"PRJNA662018"	"NMIBC"	669	13279382	77	34	2446241	241807	"K24_carrier"	TRUE	"eligible"
"PRJNA662018|PRJNA662018_PRJNA662018_P4T4"	"PRJNA662018"	"NMIBC"	7	41465	1	0	16239	0	"K24_carrier"	FALSE	"both_lt30"
"PRJNA662018|PRJNA662018_PRJNA662018_P5T5"	"PRJNA662018"	"MIBC"	4512	111310731	24	81	757808	415843	"K24_carrier"	FALSE	"left_lt30"
"PRJNA662018|PRJNA662018_PRJNA662018_P6N2"	"PRJNA662018"	"Normal"	692	17891524	294	32	10611147	88734	"K24_carrier"	TRUE	"eligible"
"PRJNA662018|PRJNA662018_PRJNA662018_P6T6"	"PRJNA662018"	"MIBC"	9997	120157074	31	10	353957	34049	"K24_carrier"	FALSE	"right_lt30"
"PRJNA662018|PRJNA662018_PRJNA662018_P7T7"	"PRJNA662018"	"MIBC"	8386	68354253	4830	276	47408542	448809	"K24_carrier"	TRUE	"eligible"
"PRJNA662018|PRJNA662018_PRJNA662018_P8T8"	"PRJNA662018"	"MIBC"	8290	159997960	76	195	2053479	962927	"K24_carrier"	TRUE	"eligible"
