model_row	(Intercept)	sampleHRA003620|HRA003620_BC-04	sampleHRA003620|HRA003620_BC-05	samplePRJNA662018|PRJNA662018_PRJNA662018_P1T1	samplePRJNA662018|PRJNA662018_PRJNA662018_P3T3	samplePRJNA662018|PRJNA662018_PRJNA662018_P6N2	samplePRJNA662018|PRJNA662018_PRJNA662018_P7T7	samplePRJNA662018|PRJNA662018_PRJNA662018_P8T8	groupLeft
"1"	1	0	0	0	0	0	0	0	1
"2"	1	1	0	0	0	0	0	0	1
"3"	1	0	1	0	0	0	0	0	1
"4"	1	0	0	1	0	0	0	0	1
"5"	1	0	0	0	1	0	0	0	1
"6"	1	0	0	0	0	1	0	0	1
"7"	1	0	0	0	0	0	1	0	1
"8"	1	0	0	0	0	0	0	1	1
"9"	1	0	0	0	0	0	0	0	0
"10"	1	1	0	0	0	0	0	0	0
"11"	1	0	1	0	0	0	0	0	0
"12"	1	0	0	1	0	0	0	0	0
"13"	1	0	0	0	1	0	0	0	0
"14"	1	0	0	0	0	1	0	0	0
"15"	1	0	0	0	0	0	1	0	0
"16"	1	0	0	0	0	0	0	1	0
