scope	target	predictor	n	spearman_rho	meaning
"A_all_tissue"	"M01"	"M02"	6859	0.879441943877417	"marginal association; separate from importance; no causal sign"
"A_all_tissue"	"M01"	"M03"	6859	0.966899012625346	"marginal association; separate from importance; no causal sign"
"A_all_tissue"	"M01"	"M04"	6859	0.293718430194158	"marginal association; separate from importance; no causal sign"
"A_all_tissue"	"M01"	"M05"	6859	0.944663628797688	"marginal association; separate from importance; no causal sign"
"A_all_tissue"	"M01"	"M06"	6859	0.372589517168187	"marginal association; separate from importance; no causal sign"
"A_all_tissue"	"M01"	"M07"	6859	0.882140042678514	"marginal association; separate from importance; no causal sign"
"A_all_tissue"	"M01"	"M08"	6859	0.0533222763939445	"marginal association; separate from importance; no causal sign"
"A_all_tissue"	"M01"	"M09"	6859	0.920488307431718	"marginal association; separate from importance; no causal sign"
"A_all_tissue"	"M01"	"log1p_nCount"	6859	0.850978236108839	"marginal association; separate from importance; no causal sign"
"A_all_tissue"	"M01"	"epi_fraction_gate"	6859	0.783237669585169	"marginal association; separate from importance; no causal sign"
"A_all_tissue"	"M02"	"M01"	6859	0.879441943877417	"marginal association; separate from importance; no causal sign"
"A_all_tissue"	"M02"	"M03"	6859	0.836661016615731	"marginal association; separate from importance; no causal sign"
"A_all_tissue"	"M02"	"M04"	6859	0.490230710086858	"marginal association; separate from importance; no causal sign"
"A_all_tissue"	"M02"	"M05"	6859	0.838291875941367	"marginal association; separate from importance; no causal sign"
"A_all_tissue"	"M02"	"M06"	6859	0.556424023327602	"marginal association; separate from importance; no causal sign"
"A_all_tissue"	"M02"	"M07"	6859	0.854022985426866	"marginal association; separate from importance; no causal sign"
"A_all_tissue"	"M02"	"M08"	6859	0.225731785619104	"marginal association; separate from importance; no causal sign"
"A_all_tissue"	"M02"	"M09"	6859	0.900492437017188	"marginal association; separate from importance; no causal sign"
"A_all_tissue"	"M02"	"log1p_nCount"	6859	0.827155766500837	"marginal association; separate from importance; no causal sign"
"A_all_tissue"	"M02"	"epi_fraction_gate"	6859	0.589437432973404	"marginal association; separate from importance; no causal sign"
"A_all_tissue"	"M03"	"M01"	6859	0.966899012625346	"marginal association; separate from importance; no causal sign"
"A_all_tissue"	"M03"	"M02"	6859	0.836661016615731	"marginal association; separate from importance; no causal sign"
"A_all_tissue"	"M03"	"M04"	6859	0.191716851442941	"marginal association; separate from importance; no causal sign"
"A_all_tissue"	"M03"	"M05"	6859	0.961900844555993	"marginal association; separate from importance; no causal sign"
"A_all_tissue"	"M03"	"M06"	6859	0.291330322873023	"marginal association; separate from importance; no causal sign"
"A_all_tissue"	"M03"	"M07"	6859	0.845470577655762	"marginal association; separate from importance; no causal sign"
"A_all_tissue"	"M03"	"M08"	6859	-0.056898052528732	"marginal association; separate from importance; no causal sign"
"A_all_tissue"	"M03"	"M09"	6859	0.8599025013798	"marginal association; separate from importance; no causal sign"
"A_all_tissue"	"M03"	"log1p_nCount"	6859	0.808284051674283	"marginal association; separate from importance; no causal sign"
"A_all_tissue"	"M03"	"epi_fraction_gate"	6859	0.871784186910179	"marginal association; separate from importance; no causal sign"
"A_all_tissue"	"M04"	"M01"	6859	0.293718430194158	"marginal association; separate from importance; no causal sign"
"A_all_tissue"	"M04"	"M02"	6859	0.490230710086858	"marginal association; separate from importance; no causal sign"
"A_all_tissue"	"M04"	"M03"	6859	0.191716851442941	"marginal association; separate from importance; no causal sign"
"A_all_tissue"	"M04"	"M05"	6859	0.231739726859412	"marginal association; separate from importance; no causal sign"
"A_all_tissue"	"M04"	"M06"	6859	0.73470904978144	"marginal association; separate from importance; no causal sign"
"A_all_tissue"	"M04"	"M07"	6859	0.429587869201887	"marginal association; separate from importance; no causal sign"
"A_all_tissue"	"M04"	"M08"	6859	0.710173044707009	"marginal association; separate from importance; no causal sign"
"A_all_tissue"	"M04"	"M09"	6859	0.482711984940935	"marginal association; separate from importance; no causal sign"
"A_all_tissue"	"M04"	"log1p_nCount"	6859	0.425019002427997	"marginal association; separate from importance; no causal sign"
"A_all_tissue"	"M04"	"epi_fraction_gate"	6859	-0.115116955611453	"marginal association; separate from importance; no causal sign"
"A_all_tissue"	"M05"	"M01"	6859	0.944663628797688	"marginal association; separate from importance; no causal sign"
"A_all_tissue"	"M05"	"M02"	6859	0.838291875941367	"marginal association; separate from importance; no causal sign"
"A_all_tissue"	"M05"	"M03"	6859	0.961900844555993	"marginal association; separate from importance; no causal sign"
"A_all_tissue"	"M05"	"M04"	6859	0.231739726859412	"marginal association; separate from importance; no causal sign"
"A_all_tissue"	"M05"	"M06"	6859	0.321613554025195	"marginal association; separate from importance; no causal sign"
"A_all_tissue"	"M05"	"M07"	6859	0.845157647516676	"marginal association; separate from importance; no causal sign"
"A_all_tissue"	"M05"	"M08"	6859	-0.0234608938709647	"marginal association; separate from importance; no causal sign"
"A_all_tissue"	"M05"	"M09"	6859	0.864119980497558	"marginal association; separate from importance; no causal sign"
"A_all_tissue"	"M05"	"log1p_nCount"	6859	0.789301643655533	"marginal association; separate from importance; no causal sign"
"A_all_tissue"	"M05"	"epi_fraction_gate"	6859	0.806558706272265	"marginal association; separate from importance; no causal sign"
"A_all_tissue"	"M06"	"M01"	6859	0.372589517168187	"marginal association; separate from importance; no causal sign"
"A_all_tissue"	"M06"	"M02"	6859	0.556424023327602	"marginal association; separate from importance; no causal sign"
"A_all_tissue"	"M06"	"M03"	6859	0.291330322873023	"marginal association; separate from importance; no causal sign"
"A_all_tissue"	"M06"	"M04"	6859	0.73470904978144	"marginal association; separate from importance; no causal sign"
"A_all_tissue"	"M06"	"M05"	6859	0.321613554025195	"marginal association; separate from importance; no causal sign"
"A_all_tissue"	"M06"	"M07"	6859	0.421751319463066	"marginal association; separate from importance; no causal sign"
"A_all_tissue"	"M06"	"M08"	6859	0.548765876556313	"marginal association; separate from importance; no causal sign"
"A_all_tissue"	"M06"	"M09"	6859	0.489106646510197	"marginal association; separate from importance; no causal sign"
"A_all_tissue"	"M06"	"log1p_nCount"	6859	0.409781074627703	"marginal association; separate from importance; no causal sign"
"A_all_tissue"	"M06"	"epi_fraction_gate"	6859	0.00576244565976022	"marginal association; separate from importance; no causal sign"
"A_all_tissue"	"M07"	"M01"	6859	0.882140042678514	"marginal association; separate from importance; no causal sign"
"A_all_tissue"	"M07"	"M02"	6859	0.854022985426866	"marginal association; separate from importance; no causal sign"
"A_all_tissue"	"M07"	"M03"	6859	0.845470577655762	"marginal association; separate from importance; no causal sign"
"A_all_tissue"	"M07"	"M04"	6859	0.429587869201887	"marginal association; separate from importance; no causal sign"
"A_all_tissue"	"M07"	"M05"	6859	0.845157647516676	"marginal association; separate from importance; no causal sign"
"A_all_tissue"	"M07"	"M06"	6859	0.421751319463066	"marginal association; separate from importance; no causal sign"
"A_all_tissue"	"M07"	"M08"	6859	0.220686307734983	"marginal association; separate from importance; no causal sign"
"A_all_tissue"	"M07"	"M09"	6859	0.936414434013578	"marginal association; separate from importance; no causal sign"
"A_all_tissue"	"M07"	"log1p_nCount"	6859	0.871468250864233	"marginal association; separate from importance; no causal sign"
"A_all_tissue"	"M07"	"epi_fraction_gate"	6859	0.599327467721557	"marginal association; separate from importance; no causal sign"
"A_all_tissue"	"M08"	"M01"	6859	0.0533222763939445	"marginal association; separate from importance; no causal sign"
"A_all_tissue"	"M08"	"M02"	6859	0.225731785619104	"marginal association; separate from importance; no causal sign"
"A_all_tissue"	"M08"	"M03"	6859	-0.056898052528732	"marginal association; separate from importance; no causal sign"
"A_all_tissue"	"M08"	"M04"	6859	0.710173044707009	"marginal association; separate from importance; no causal sign"
"A_all_tissue"	"M08"	"M05"	6859	-0.0234608938709647	"marginal association; separate from importance; no causal sign"
"A_all_tissue"	"M08"	"M06"	6859	0.548765876556313	"marginal association; separate from importance; no causal sign"
"A_all_tissue"	"M08"	"M07"	6859	0.220686307734983	"marginal association; separate from importance; no causal sign"
"A_all_tissue"	"M08"	"M09"	6859	0.265119382071518	"marginal association; separate from importance; no causal sign"
"A_all_tissue"	"M08"	"log1p_nCount"	6859	0.212140371158074	"marginal association; separate from importance; no causal sign"
"A_all_tissue"	"M08"	"epi_fraction_gate"	6859	-0.334248446036148	"marginal association; separate from importance; no causal sign"
"A_all_tissue"	"M09"	"M01"	6859	0.920488307431718	"marginal association; separate from importance; no causal sign"
"A_all_tissue"	"M09"	"M02"	6859	0.900492437017188	"marginal association; separate from importance; no causal sign"
"A_all_tissue"	"M09"	"M03"	6859	0.8599025013798	"marginal association; separate from importance; no causal sign"
"A_all_tissue"	"M09"	"M04"	6859	0.482711984940935	"marginal association; separate from importance; no causal sign"
"A_all_tissue"	"M09"	"M05"	6859	0.864119980497558	"marginal association; separate from importance; no causal sign"
"A_all_tissue"	"M09"	"M06"	6859	0.489106646510197	"marginal association; separate from importance; no causal sign"
"A_all_tissue"	"M09"	"M07"	6859	0.936414434013578	"marginal association; separate from importance; no causal sign"
"A_all_tissue"	"M09"	"M08"	6859	0.265119382071518	"marginal association; separate from importance; no causal sign"
"A_all_tissue"	"M09"	"log1p_nCount"	6859	0.883446992337683	"marginal association; separate from importance; no causal sign"
"A_all_tissue"	"M09"	"epi_fraction_gate"	6859	0.602162023143836	"marginal association; separate from importance; no causal sign"
"B_legacy_eligible_complete_cases"	"MP10"	"epi_fraction_gate"	5719	0.486126189247924	"marginal association; separate from importance; no causal sign"
"B_legacy_eligible_complete_cases"	"MP10"	"log1p_nCount"	5719	0.583709783226255	"marginal association; separate from importance; no causal sign"
"B_legacy_eligible_complete_cases"	"MP10"	"F01"	5719	0.541230416560882	"marginal association; separate from importance; no causal sign"
"B_legacy_eligible_complete_cases"	"MP10"	"F02"	5719	0.331361838545605	"marginal association; separate from importance; no causal sign"
"B_legacy_eligible_complete_cases"	"MP10"	"F03"	5719	0.626046655288967	"marginal association; separate from importance; no causal sign"
"B_legacy_eligible_complete_cases"	"MP10"	"F04"	5719	0.631180952660415	"marginal association; separate from importance; no causal sign"
"B_legacy_eligible_complete_cases"	"MP10"	"F05"	5719	0.609248892861784	"marginal association; separate from importance; no causal sign"
"B_legacy_eligible_complete_cases"	"MP10"	"F06"	5719	0.620598148587068	"marginal association; separate from importance; no causal sign"
"B_legacy_eligible_complete_cases"	"MP10"	"F07"	5719	0.364973758621348	"marginal association; separate from importance; no causal sign"
"B_legacy_eligible_complete_cases"	"MP10"	"F08"	5719	0.465906277722053	"marginal association; separate from importance; no causal sign"
"B_legacy_eligible_complete_cases"	"MP10"	"F10"	5719	0.632403892804332	"marginal association; separate from importance; no causal sign"
"B_legacy_eligible_complete_cases"	"MP10"	"F11"	5719	0.601058012328033	"marginal association; separate from importance; no causal sign"
"B_legacy_eligible_complete_cases"	"MP10"	"F12"	5719	0.617204926998293	"marginal association; separate from importance; no causal sign"
"B_legacy_eligible_complete_cases"	"MP10"	"F13"	5719	0.624107494420667	"marginal association; separate from importance; no causal sign"
"B_legacy_eligible_complete_cases"	"MP10"	"F14"	5719	0.139372469769673	"marginal association; separate from importance; no causal sign"
"B_legacy_eligible_complete_cases"	"MP10"	"F15"	5719	0.60024948413464	"marginal association; separate from importance; no causal sign"
"B_legacy_eligible_complete_cases"	"MP10"	"F16"	5719	0.629051821984513	"marginal association; separate from importance; no causal sign"
"B_legacy_eligible_complete_cases"	"MP10"	"F17"	5719	0.616612456600894	"marginal association; separate from importance; no causal sign"
"B_legacy_eligible_complete_cases"	"MP10"	"F18"	5719	0.290723303657018	"marginal association; separate from importance; no causal sign"
"B_legacy_eligible_complete_cases"	"MP10"	"F19"	5719	0.150948843413039	"marginal association; separate from importance; no causal sign"
"B_legacy_eligible_complete_cases"	"MP10"	"F20"	5719	0.339409353912162	"marginal association; separate from importance; no causal sign"
"B_legacy_eligible_complete_cases"	"MP10"	"F21"	5719	0.453084352546508	"marginal association; separate from importance; no causal sign"
"B_legacy_eligible_complete_cases"	"MP10"	"F22"	5719	0.624940660381875	"marginal association; separate from importance; no causal sign"
"B_legacy_eligible_complete_cases"	"MP10"	"F23"	5719	0.606836846649223	"marginal association; separate from importance; no causal sign"
"B_legacy_eligible_complete_cases"	"MP10"	"F24"	5719	0.59789402915636	"marginal association; separate from importance; no causal sign"
"B_legacy_eligible_complete_cases"	"MP10"	"F25"	5719	0.61094164770442	"marginal association; separate from importance; no causal sign"
"B_legacy_eligible_complete_cases"	"MP10"	"F26"	5719	0.568507157240665	"marginal association; separate from importance; no causal sign"
"B_legacy_eligible_complete_cases"	"MP10"	"F27"	5719	0.377148094394546	"marginal association; separate from importance; no causal sign"
"B_legacy_eligible_complete_cases"	"MP10"	"F28"	5719	0.631377535959737	"marginal association; separate from importance; no causal sign"
"B_legacy_eligible_complete_cases"	"MP10"	"F29"	5719	0.42453268167421	"marginal association; separate from importance; no causal sign"
"B_legacy_eligible_complete_cases"	"MP10"	"F30"	5719	0.504688048742639	"marginal association; separate from importance; no causal sign"
