stem	pdf	png	thumbnail	png_dpi
cellcell_median_standardized_importance	/home/data/t070721/codex_workspace/Bladder Metabolism/spatial_ecology_top20_v2/06_mistyr/by_dataset/CanDis__UNVERIFIED/figures/cellcell_median_standardized_importance.pdf	/home/data/t070721/codex_workspace/Bladder Metabolism/spatial_ecology_top20_v2/06_mistyr/by_dataset/CanDis__UNVERIFIED/figures/cellcell_median_standardized_importance.png	/home/data/t070721/codex_workspace/Bladder Metabolism/spatial_ecology_top20_v2/06_mistyr/by_dataset/CanDis__UNVERIFIED/thumbnails/cellcell_median_standardized_importance.png	600
mp10_predictive_importance_by_section	/home/data/t070721/codex_workspace/Bladder Metabolism/spatial_ecology_top20_v2/06_mistyr/by_dataset/CanDis__UNVERIFIED/figures/mp10_predictive_importance_by_section.pdf	/home/data/t070721/codex_workspace/Bladder Metabolism/spatial_ecology_top20_v2/06_mistyr/by_dataset/CanDis__UNVERIFIED/figures/mp10_predictive_importance_by_section.png	/home/data/t070721/codex_workspace/Bladder Metabolism/spatial_ecology_top20_v2/06_mistyr/by_dataset/CanDis__UNVERIFIED/thumbnails/mp10_predictive_importance_by_section.png	600
mp10_baseline_vs_tme_spatial_R2	/home/data/t070721/codex_workspace/Bladder Metabolism/spatial_ecology_top20_v2/06_mistyr/by_dataset/CanDis__UNVERIFIED/figures/mp10_baseline_vs_tme_spatial_R2.pdf	/home/data/t070721/codex_workspace/Bladder Metabolism/spatial_ecology_top20_v2/06_mistyr/by_dataset/CanDis__UNVERIFIED/figures/mp10_baseline_vs_tme_spatial_R2.png	/home/data/t070721/codex_workspace/Bladder Metabolism/spatial_ecology_top20_v2/06_mistyr/by_dataset/CanDis__UNVERIFIED/thumbnails/mp10_baseline_vs_tme_spatial_R2.png	600
cellcell_median_standardized_importance	/home/data/t070721/codex_workspace/Bladder Metabolism/spatial_ecology_top20_v2/06_mistyr/by_dataset/GSE171351/figures/cellcell_median_standardized_importance.pdf	/home/data/t070721/codex_workspace/Bladder Metabolism/spatial_ecology_top20_v2/06_mistyr/by_dataset/GSE171351/figures/cellcell_median_standardized_importance.png	/home/data/t070721/codex_workspace/Bladder Metabolism/spatial_ecology_top20_v2/06_mistyr/by_dataset/GSE171351/thumbnails/cellcell_median_standardized_importance.png	600
mp10_predictive_importance_by_section	/home/data/t070721/codex_workspace/Bladder Metabolism/spatial_ecology_top20_v2/06_mistyr/by_dataset/GSE171351/figures/mp10_predictive_importance_by_section.pdf	/home/data/t070721/codex_workspace/Bladder Metabolism/spatial_ecology_top20_v2/06_mistyr/by_dataset/GSE171351/figures/mp10_predictive_importance_by_section.png	/home/data/t070721/codex_workspace/Bladder Metabolism/spatial_ecology_top20_v2/06_mistyr/by_dataset/GSE171351/thumbnails/mp10_predictive_importance_by_section.png	600
mp10_baseline_vs_tme_spatial_R2	/home/data/t070721/codex_workspace/Bladder Metabolism/spatial_ecology_top20_v2/06_mistyr/by_dataset/GSE171351/figures/mp10_baseline_vs_tme_spatial_R2.pdf	/home/data/t070721/codex_workspace/Bladder Metabolism/spatial_ecology_top20_v2/06_mistyr/by_dataset/GSE171351/figures/mp10_baseline_vs_tme_spatial_R2.png	/home/data/t070721/codex_workspace/Bladder Metabolism/spatial_ecology_top20_v2/06_mistyr/by_dataset/GSE171351/thumbnails/mp10_baseline_vs_tme_spatial_R2.png	600
cellcell_median_standardized_importance	/home/data/t070721/codex_workspace/Bladder Metabolism/spatial_ecology_top20_v2/06_mistyr/by_dataset/GSE238145/figures/cellcell_median_standardized_importance.pdf	/home/data/t070721/codex_workspace/Bladder Metabolism/spatial_ecology_top20_v2/06_mistyr/by_dataset/GSE238145/figures/cellcell_median_standardized_importance.png	/home/data/t070721/codex_workspace/Bladder Metabolism/spatial_ecology_top20_v2/06_mistyr/by_dataset/GSE238145/thumbnails/cellcell_median_standardized_importance.png	600
mp10_predictive_importance_by_section	/home/data/t070721/codex_workspace/Bladder Metabolism/spatial_ecology_top20_v2/06_mistyr/by_dataset/GSE238145/figures/mp10_predictive_importance_by_section.pdf	/home/data/t070721/codex_workspace/Bladder Metabolism/spatial_ecology_top20_v2/06_mistyr/by_dataset/GSE238145/figures/mp10_predictive_importance_by_section.png	/home/data/t070721/codex_workspace/Bladder Metabolism/spatial_ecology_top20_v2/06_mistyr/by_dataset/GSE238145/thumbnails/mp10_predictive_importance_by_section.png	600
mp10_baseline_vs_tme_spatial_R2	/home/data/t070721/codex_workspace/Bladder Metabolism/spatial_ecology_top20_v2/06_mistyr/by_dataset/GSE238145/figures/mp10_baseline_vs_tme_spatial_R2.pdf	/home/data/t070721/codex_workspace/Bladder Metabolism/spatial_ecology_top20_v2/06_mistyr/by_dataset/GSE238145/figures/mp10_baseline_vs_tme_spatial_R2.png	/home/data/t070721/codex_workspace/Bladder Metabolism/spatial_ecology_top20_v2/06_mistyr/by_dataset/GSE238145/thumbnails/mp10_baseline_vs_tme_spatial_R2.png	600
cellcell_median_standardized_importance	/home/data/t070721/codex_workspace/Bladder Metabolism/spatial_ecology_top20_v2/06_mistyr/by_dataset/GSE285715/figures/cellcell_median_standardized_importance.pdf	/home/data/t070721/codex_workspace/Bladder Metabolism/spatial_ecology_top20_v2/06_mistyr/by_dataset/GSE285715/figures/cellcell_median_standardized_importance.png	/home/data/t070721/codex_workspace/Bladder Metabolism/spatial_ecology_top20_v2/06_mistyr/by_dataset/GSE285715/thumbnails/cellcell_median_standardized_importance.png	600
mp10_predictive_importance_by_section	/home/data/t070721/codex_workspace/Bladder Metabolism/spatial_ecology_top20_v2/06_mistyr/by_dataset/GSE285715/figures/mp10_predictive_importance_by_section.pdf	/home/data/t070721/codex_workspace/Bladder Metabolism/spatial_ecology_top20_v2/06_mistyr/by_dataset/GSE285715/figures/mp10_predictive_importance_by_section.png	/home/data/t070721/codex_workspace/Bladder Metabolism/spatial_ecology_top20_v2/06_mistyr/by_dataset/GSE285715/thumbnails/mp10_predictive_importance_by_section.png	600
mp10_baseline_vs_tme_spatial_R2	/home/data/t070721/codex_workspace/Bladder Metabolism/spatial_ecology_top20_v2/06_mistyr/by_dataset/GSE285715/figures/mp10_baseline_vs_tme_spatial_R2.pdf	/home/data/t070721/codex_workspace/Bladder Metabolism/spatial_ecology_top20_v2/06_mistyr/by_dataset/GSE285715/figures/mp10_baseline_vs_tme_spatial_R2.png	/home/data/t070721/codex_workspace/Bladder Metabolism/spatial_ecology_top20_v2/06_mistyr/by_dataset/GSE285715/thumbnails/mp10_baseline_vs_tme_spatial_R2.png	600
cellcell_median_standardized_importance	/home/data/t070721/codex_workspace/Bladder Metabolism/spatial_ecology_top20_v2/06_mistyr/by_dataset/GSE319536/figures/cellcell_median_standardized_importance.pdf	/home/data/t070721/codex_workspace/Bladder Metabolism/spatial_ecology_top20_v2/06_mistyr/by_dataset/GSE319536/figures/cellcell_median_standardized_importance.png	/home/data/t070721/codex_workspace/Bladder Metabolism/spatial_ecology_top20_v2/06_mistyr/by_dataset/GSE319536/thumbnails/cellcell_median_standardized_importance.png	600
mp10_predictive_importance_by_section	/home/data/t070721/codex_workspace/Bladder Metabolism/spatial_ecology_top20_v2/06_mistyr/by_dataset/GSE319536/figures/mp10_predictive_importance_by_section.pdf	/home/data/t070721/codex_workspace/Bladder Metabolism/spatial_ecology_top20_v2/06_mistyr/by_dataset/GSE319536/figures/mp10_predictive_importance_by_section.png	/home/data/t070721/codex_workspace/Bladder Metabolism/spatial_ecology_top20_v2/06_mistyr/by_dataset/GSE319536/thumbnails/mp10_predictive_importance_by_section.png	600
mp10_baseline_vs_tme_spatial_R2	/home/data/t070721/codex_workspace/Bladder Metabolism/spatial_ecology_top20_v2/06_mistyr/by_dataset/GSE319536/figures/mp10_baseline_vs_tme_spatial_R2.pdf	/home/data/t070721/codex_workspace/Bladder Metabolism/spatial_ecology_top20_v2/06_mistyr/by_dataset/GSE319536/figures/mp10_baseline_vs_tme_spatial_R2.png	/home/data/t070721/codex_workspace/Bladder Metabolism/spatial_ecology_top20_v2/06_mistyr/by_dataset/GSE319536/thumbnails/mp10_baseline_vs_tme_spatial_R2.png	600
cellcell_median_standardized_importance	/home/data/t070721/codex_workspace/Bladder Metabolism/spatial_ecology_top20_v2/06_mistyr/by_dataset/Inhousedata__UNVERIFIED/figures/cellcell_median_standardized_importance.pdf	/home/data/t070721/codex_workspace/Bladder Metabolism/spatial_ecology_top20_v2/06_mistyr/by_dataset/Inhousedata__UNVERIFIED/figures/cellcell_median_standardized_importance.png	/home/data/t070721/codex_workspace/Bladder Metabolism/spatial_ecology_top20_v2/06_mistyr/by_dataset/Inhousedata__UNVERIFIED/thumbnails/cellcell_median_standardized_importance.png	600
mp10_predictive_importance_by_section	/home/data/t070721/codex_workspace/Bladder Metabolism/spatial_ecology_top20_v2/06_mistyr/by_dataset/Inhousedata__UNVERIFIED/figures/mp10_predictive_importance_by_section.pdf	/home/data/t070721/codex_workspace/Bladder Metabolism/spatial_ecology_top20_v2/06_mistyr/by_dataset/Inhousedata__UNVERIFIED/figures/mp10_predictive_importance_by_section.png	/home/data/t070721/codex_workspace/Bladder Metabolism/spatial_ecology_top20_v2/06_mistyr/by_dataset/Inhousedata__UNVERIFIED/thumbnails/mp10_predictive_importance_by_section.png	600
mp10_baseline_vs_tme_spatial_R2	/home/data/t070721/codex_workspace/Bladder Metabolism/spatial_ecology_top20_v2/06_mistyr/by_dataset/Inhousedata__UNVERIFIED/figures/mp10_baseline_vs_tme_spatial_R2.pdf	/home/data/t070721/codex_workspace/Bladder Metabolism/spatial_ecology_top20_v2/06_mistyr/by_dataset/Inhousedata__UNVERIFIED/figures/mp10_baseline_vs_tme_spatial_R2.png	/home/data/t070721/codex_workspace/Bladder Metabolism/spatial_ecology_top20_v2/06_mistyr/by_dataset/Inhousedata__UNVERIFIED/thumbnails/mp10_baseline_vs_tme_spatial_R2.png	600
cellcell_median_standardized_importance	/home/data/t070721/codex_workspace/Bladder Metabolism/spatial_ecology_top20_v2/06_mistyr/by_dataset/NPJ__UNVERIFIED/figures/cellcell_median_standardized_importance.pdf	/home/data/t070721/codex_workspace/Bladder Metabolism/spatial_ecology_top20_v2/06_mistyr/by_dataset/NPJ__UNVERIFIED/figures/cellcell_median_standardized_importance.png	/home/data/t070721/codex_workspace/Bladder Metabolism/spatial_ecology_top20_v2/06_mistyr/by_dataset/NPJ__UNVERIFIED/thumbnails/cellcell_median_standardized_importance.png	600
mp10_predictive_importance_by_section	/home/data/t070721/codex_workspace/Bladder Metabolism/spatial_ecology_top20_v2/06_mistyr/by_dataset/NPJ__UNVERIFIED/figures/mp10_predictive_importance_by_section.pdf	/home/data/t070721/codex_workspace/Bladder Metabolism/spatial_ecology_top20_v2/06_mistyr/by_dataset/NPJ__UNVERIFIED/figures/mp10_predictive_importance_by_section.png	/home/data/t070721/codex_workspace/Bladder Metabolism/spatial_ecology_top20_v2/06_mistyr/by_dataset/NPJ__UNVERIFIED/thumbnails/mp10_predictive_importance_by_section.png	600
mp10_baseline_vs_tme_spatial_R2	/home/data/t070721/codex_workspace/Bladder Metabolism/spatial_ecology_top20_v2/06_mistyr/by_dataset/NPJ__UNVERIFIED/figures/mp10_baseline_vs_tme_spatial_R2.pdf	/home/data/t070721/codex_workspace/Bladder Metabolism/spatial_ecology_top20_v2/06_mistyr/by_dataset/NPJ__UNVERIFIED/figures/mp10_baseline_vs_tme_spatial_R2.png	/home/data/t070721/codex_workspace/Bladder Metabolism/spatial_ecology_top20_v2/06_mistyr/by_dataset/NPJ__UNVERIFIED/thumbnails/mp10_baseline_vs_tme_spatial_R2.png	600
pilot_spatial_fold_audit	/home/data/t070721/codex_workspace/Bladder Metabolism/spatial_ecology_top20_v2/06_mistyr/figures/pilot_spatial_fold_audit.pdf	/home/data/t070721/codex_workspace/Bladder Metabolism/spatial_ecology_top20_v2/06_mistyr/figures/pilot_spatial_fold_audit.png	/home/data/t070721/codex_workspace/Bladder Metabolism/spatial_ecology_top20_v2/06_mistyr/thumbnails/pilot_spatial_fold_audit.png	600
