model	n_complete_case	n_predictions	target_variance	spatial_r2	spatial_rmse	spatial_mae	spatial_q2_train_mean	spatial_cv_complete	delta_r2_tme_minus_baseline	delta_rmse_baseline_minus_tme	importance_interpretable	status	section_id	dataset	cohort	patient_uid	specimen	reason
baseline	4486	4486	0.0008683588540524	0.0126434447568838	0.0292777848103276	0.0232709445447151	0.0193066210065622	True	0.0328984602646477	0.0004918962131795	True	PASS	CanDis_2026_Sample1	CanDis__UNVERIFIED	CanDis__UNVERIFIED	NA	CanDis_2026_Sample1	NA
tme	4486	4486	0.0008683588540524	0.0455419050215316	0.0287858885971481	0.0228744852867627	0.0519830659942339	True	0.0328984602646477	0.0004918962131795	True	PASS	CanDis_2026_Sample1	CanDis__UNVERIFIED	CanDis__UNVERIFIED	NA	CanDis_2026_Sample1	NA
baseline	488	488	0.0010375579723106	-0.0634757998448121	0.0331836811166347	0.0259622758230233	-0.0338662695952179	True	0.105325348941177	0.0016860705125872	True	PASS	GSE171351_A1	GSE171351	GSE171351	NA	GSE171351_A1	NA
tme	488	488	0.0010375579723106	0.0418495490963646	0.0314976106040474	0.0246971114291081	0.0685265875055447	True	0.105325348941177	0.0016860705125872	True	PASS	GSE171351_A1	GSE171351	GSE171351	NA	GSE171351_A1	NA
baseline	437	437	0.0001524989219928	0.008372506024041	0.0122831623696741	0.0089706040855616	0.0398417209174654	True	0.0152895941396805	9.50629792208259e-05	True	PASS	GSE238145_B10	GSE238145	GSE238145	NA	GSE238145_B10	NA
tme	437	437	0.0001524989219928	0.0236621001637215	0.0121880993904532	0.0090164192469849	0.0546461010765555	True	0.0152895941396805	9.50629792208259e-05	True	PASS	GSE238145_B10	GSE238145	GSE238145	NA	GSE238145_B10	NA
baseline	213	213	0.0015002592460464	-0.0420218085613591	0.0394457019567745	0.0304023127192712	0.0443788531536305	True	0.131754479785622	0.0025780259360899	True	PASS	GSE285715_N1	GSE285715	GSE285715	NA	GSE285715_N1	NA
tme	213	213	0.0015002592460464	0.0897326712242628	0.0368676760206845	0.0281817371143502	0.165208730264085	True	0.131754479785622	0.0025780259360899	True	PASS	GSE285715_N1	GSE285715	GSE285715	NA	GSE285715_N1	NA
baseline	1567	1567	0.0005179373856356	0.0356497201141467	0.022341761748479	0.0181276641405186	0.0475103093073148	True	0.0227070538675829	0.0002646018036994	True	PASS	GSE319536_BC01	GSE319536	GSE319536	NA	GSE319536_BC01	NA
tme	1567	1567	0.0005179373856356	0.0583567739817296	0.0220771599447795	0.0178459601045343	0.069938088057414	True	0.0227070538675829	0.0002646018036994	True	PASS	GSE319536_BC01	GSE319536	GSE319536	NA	GSE319536_BC01	NA
baseline	110	110	0.0010888360803185	-0.0738694219600224	0.0340387729679121	0.0271431450336006	-0.0218457346923546	True	-0.0124063494928568	-0.0001960593194181	False	PASS_WITH_WARNING	Inhousedata_T4384654	Inhousedata__UNVERIFIED	Inhousedata__UNVERIFIED	NA	Inhousedata_T4384654	NA
tme	110	110	0.0010888360803185	-0.0862757714528792	0.0342348322873302	0.0275273677505196	-0.0336510576237401	True	-0.0124063494928568	-0.0001960593194181	False	PASS_WITH_WARNING	Inhousedata_T4384654	Inhousedata__UNVERIFIED	Inhousedata__UNVERIFIED	NA	Inhousedata_T4384654	NA
baseline	996	996	0.0010464028311018	0.271321047216343	0.0275993870443215	0.0214010896481891	0.280635588344813	True	0.109358466894008	0.0021551726049033	True	PASS	NPJ_sample1	NPJ__UNVERIFIED	NPJ__UNVERIFIED	NA	NPJ_sample1	NA
tme	996	996	0.0010464028311018	0.380679514110351	0.0254442144394182	0.0197631829814311	0.388596150257843	True	0.109358466894008	0.0021551726049033	True	PASS	NPJ_sample1	NPJ__UNVERIFIED	NPJ__UNVERIFIED	NA	NPJ_sample1	NA
baseline	2111	2111	0.0014990828220975	0.0628366545488955	0.0374729230988523	0.0303098007693777	0.0788520305236157	True	0.0631153784549361	0.0012838417897592	True	PASS	CanDis_2026_Sample10	CanDis__UNVERIFIED	CanDis__UNVERIFIED	NA	CanDis_2026_Sample10	NA
tme	2111	2111	0.0014990828220975	0.125952033003832	0.0361890813090931	0.0291640441143427	0.140888817374805	True	0.0631153784549361	0.0012838417897592	True	PASS	CanDis_2026_Sample10	CanDis__UNVERIFIED	CanDis__UNVERIFIED	NA	CanDis_2026_Sample10	NA
baseline	247	247	0.0009925749425939	-0.0293033653308994	0.0318986590705784	0.0242328290989703	-0.0100254059371838	True	0.0182809743595653	0.0002845376068437	False	PASS_WITH_WARNING	CanDis_2026_Sample11	CanDis__UNVERIFIED	CanDis__UNVERIFIED	NA	CanDis_2026_Sample11	NA
tme	247	247	0.0009925749425939	-0.0110223909713341	0.0316141214637347	0.0238645483382612	0.0079131816263682	True	0.0182809743595653	0.0002845376068437	False	PASS_WITH_WARNING	CanDis_2026_Sample11	CanDis__UNVERIFIED	CanDis__UNVERIFIED	NA	CanDis_2026_Sample11	NA
baseline	405	405	0.0152602541420387	-0.116572212270413	0.130372940782788	0.108669981031907	-0.008209985240049	True	0.511124906786834	0.0343705100069529	True	PASS	CanDis_2026_Sample12	CanDis__UNVERIFIED	CanDis__UNVERIFIED	NA	CanDis_2026_Sample12	NA
tme	405	405	0.0152602541420387	0.394552694516421	0.0960024307758352	0.0770668828979284	0.453310755706507	True	0.511124906786834	0.0343705100069529	True	PASS	CanDis_2026_Sample12	CanDis__UNVERIFIED	CanDis__UNVERIFIED	NA	CanDis_2026_Sample12	NA
baseline	3430	3430	0.0008868527588671	0.0530383895478461	0.0289753459443851	0.0234937261649043	0.0723537968096867	True	0.30623419509047	0.0051412273112804	True	PASS	CanDis_2026_Sample13	CanDis__UNVERIFIED	CanDis__UNVERIFIED	NA	CanDis_2026_Sample13	NA
tme	3430	3430	0.0008868527588671	0.359272584638316	0.0238341186331047	0.0182040639961754	0.372341658225817	True	0.30623419509047	0.0051412273112804	True	PASS	CanDis_2026_Sample13	CanDis__UNVERIFIED	CanDis__UNVERIFIED	NA	CanDis_2026_Sample13	NA
baseline	4928	4928	0.0009115395194917	0.138190365985966	0.0280252409350479	0.0212432134803921	0.147799326773239	True	0.0864109045799549	0.0014421042017372	True	PASS	CanDis_2026_Sample2	CanDis__UNVERIFIED	CanDis__UNVERIFIED	NA	CanDis_2026_Sample2	NA
tme	4928	4928	0.0009115395194917	0.224601270565921	0.0265831367333107	0.0201943661811892	0.233246771488126	True	0.0864109045799549	0.0014421042017372	True	PASS	CanDis_2026_Sample2	CanDis__UNVERIFIED	CanDis__UNVERIFIED	NA	CanDis_2026_Sample2	NA
baseline	4553	4553	0.0002907089646819	-0.0281828442654806	0.0172868829088653	0.0101919556245432	-0.003155455986848	True	0.272837960508087	0.002470091745518	True	PASS	CanDis_2026_Sample3	CanDis__UNVERIFIED	CanDis__UNVERIFIED	NA	CanDis_2026_Sample3	NA
tme	4553	4553	0.0002907089646819	0.244655116242607	0.0148167911633473	0.0098431720132889	0.263041252322887	True	0.272837960508087	0.002470091745518	True	PASS	CanDis_2026_Sample3	CanDis__UNVERIFIED	CanDis__UNVERIFIED	NA	CanDis_2026_Sample3	NA
baseline	2997	2997	0.0013543944741826	0.111093323773358	0.034691909410363	0.0275678285675863	0.127556184861416	True	0.11607151940451	0.0023441983830243	True	PASS	CanDis_2026_Sample4	CanDis__UNVERIFIED	CanDis__UNVERIFIED	NA	CanDis_2026_Sample4	NA
tme	2997	2997	0.0013543944741826	0.227164843177868	0.0323477110273387	0.0256421074374656	0.241478019319979	True	0.11607151940451	0.0023441983830243	True	PASS	CanDis_2026_Sample4	CanDis__UNVERIFIED	CanDis__UNVERIFIED	NA	CanDis_2026_Sample4	NA
baseline	2455	2455	0.0004187726130885	-0.0243438823065403	0.020707303838314	0.0167795088280559	0.0060159067865382	True	0.0239988373105922	0.0002440081567846	False	PASS_WITH_WARNING	CanDis_2026_Sample5	CanDis__UNVERIFIED	CanDis__UNVERIFIED	NA	CanDis_2026_Sample5	NA
tme	2455	2455	0.0004187726130885	-0.0003450449959481	0.0204632956815294	0.0162910438915229	0.0293034598772375	True	0.0239988373105922	0.0002440081567846	False	PASS_WITH_WARNING	CanDis_2026_Sample5	CanDis__UNVERIFIED	CanDis__UNVERIFIED	NA	CanDis_2026_Sample5	NA
baseline	1753	1753	0.0008593117603845	-0.0428823862517223	0.0299274102373914	0.0229727207732765	-0.0391200430041796	True	0.0523383512269001	0.0007606384107981	True	PASS	CanDis_2026_Sample6	CanDis__UNVERIFIED	CanDis__UNVERIFIED	NA	CanDis_2026_Sample6	NA
tme	1753	1753	0.0008593117603845	0.0094559649751778	0.0291667718265933	0.0218043375090023	0.0130294903416996	True	0.0523383512269001	0.0007606384107981	True	PASS	CanDis_2026_Sample6	CanDis__UNVERIFIED	CanDis__UNVERIFIED	NA	CanDis_2026_Sample6	NA
baseline	1858	1858	0.000125179556711	0.0047892222067403	0.0111585390344103	0.0081440171070655	0.0079988097501422	True	0.0251363925229945	0.0001418188132936	True	PASS	CanDis_2026_Sample7	CanDis__UNVERIFIED	CanDis__UNVERIFIED	NA	CanDis_2026_Sample7	NA
tme	1858	1858	0.000125179556711	0.0299256147297349	0.0110167202211167	0.0080631221875523	0.0330541365791872	True	0.0251363925229945	0.0001418188132936	True	PASS	CanDis_2026_Sample7	CanDis__UNVERIFIED	CanDis__UNVERIFIED	NA	CanDis_2026_Sample7	NA
baseline	10711	10711	0.0008962233685079	0.0221773000212951	0.0296017860347872	0.0235026449322416	0.0284037527976129	True	0.0830332603811717	0.0012847181112049	True	PASS	CanDis_2026_Sample8	CanDis__UNVERIFIED	CanDis__UNVERIFIED	NA	CanDis_2026_Sample8	NA
tme	10711	10711	0.0008962233685079	0.105210560402467	0.0283170679235823	0.0225313476490438	0.110908284734826	True	0.0830332603811717	0.0012847181112049	True	PASS	CanDis_2026_Sample8	CanDis__UNVERIFIED	CanDis__UNVERIFIED	NA	CanDis_2026_Sample8	NA
baseline	2310	2310	0.000527533325605	0.0509511986778217	0.0223704746622166	0.0163680067208219	0.0565539034199998	True	0.0525405558624084	0.0006280451497374	True	PASS	CanDis_2026_Sample9	CanDis__UNVERIFIED	CanDis__UNVERIFIED	NA	CanDis_2026_Sample9	NA
tme	2310	2310	0.000527533325605	0.10349175454023	0.0217424295124791	0.0161671785678811	0.108784286379732	True	0.0525405558624084	0.0006280451497374	True	PASS	CanDis_2026_Sample9	CanDis__UNVERIFIED	CanDis__UNVERIFIED	NA	CanDis_2026_Sample9	NA
baseline	959	959	0.0011420468117009	-0.0092650277309041	0.0339326686399107	0.0267985634207294	-0.0060434605490535	True	0.0046148235626843	7.76667619528174e-05	False	PASS_WITH_WARNING	GSE171351_B1	GSE171351	GSE171351	NA	GSE171351_B1	NA
tme	959	959	0.0011420468117009	-0.0046502041682197	0.0338550018779579	0.0267495938010464	-0.0014433674721494	True	0.0046148235626843	7.76667619528174e-05	False	PASS_WITH_WARNING	GSE171351_B1	GSE171351	GSE171351	NA	GSE171351_B1	NA
baseline	1465	1465	0.0021731870894728	0.0379013955914713	0.0457098795101411	0.0369269494039938	0.0382773638405171	True	0.0201425544215976	0.000481023398555	True	PASS	GSE171351_C1	GSE171351	GSE171351	NA	GSE171351_C1	NA
tme	1465	1465	0.0021731870894728	0.058043950013069	0.045228856111586	0.0365657063527978	0.058412046968172	True	0.0201425544215976	0.000481023398555	True	PASS	GSE171351_C1	GSE171351	GSE171351	NA	GSE171351_C1	NA
baseline	3	0	0.0046663415216409	NA	NA	NA	NA	False	NA	NA	False	SKIPPED_NOT_ESTIMABLE	GSE171351_D1	GSE171351	GSE171351	NA	GSE171351_D1	n_complete_cases=3 below 100
tme	3	0	0.0046663415216409	NA	NA	NA	NA	False	NA	NA	False	SKIPPED_NOT_ESTIMABLE	GSE171351_D1	GSE171351	GSE171351	NA	GSE171351_D1	n_complete_cases=3 below 100
baseline	4887	4887	0.0004740928098857	-0.0107740197084889	0.0218884133493893	0.0182717658529039	0.0045443100579564	True	0.0478808631141393	0.0005247219316797	True	PASS	GSE238145_B11	GSE238145	GSE238145	NA	GSE238145_B11	NA
tme	4887	4887	0.0004740928098857	0.0371068434056504	0.0213636914177095	0.0176709725165381	0.0516995363468675	True	0.0478808631141393	0.0005247219316797	True	PASS	GSE238145_B11	GSE238145	GSE238145	NA	GSE238145_B11	NA
baseline	0	0	NA	NA	NA	NA	NA	False	NA	NA	False	SKIPPED_NOT_ESTIMABLE	GSE238145_B13	GSE238145	GSE238145	NA	GSE238145_B13	n_complete_cases=0 below 100; target variance zero or undefined
tme	0	0	NA	NA	NA	NA	NA	False	NA	NA	False	SKIPPED_NOT_ESTIMABLE	GSE238145_B13	GSE238145	GSE238145	NA	GSE238145_B13	n_complete_cases=0 below 100; target variance zero or undefined
baseline	2138	2138	0.0007525438707855	0.0552657428028379	0.0266574837993662	0.0206503903960344	0.0639686275180468	True	0.0508361125645116	0.0007271361129937	True	PASS	GSE238145_B14	GSE238145	GSE238145	NA	GSE238145_B14	NA
tme	2138	2138	0.0007525438707855	0.10610185536735	0.0259303476863724	0.0201738886431511	0.114336438204387	True	0.0508361125645116	0.0007271361129937	True	PASS	GSE238145_B14	GSE238145	GSE238145	NA	GSE238145_B14	NA
baseline	2782	2782	0.0006406021570456	0.0101531672437841	0.0251767767471226	0.0205950998185121	0.0258880952222649	True	0.0429978437909845	0.0005528965316023	True	PASS	GSE238145_B15	GSE238145	GSE238145	NA	GSE238145_B15	NA
tme	2782	2782	0.0006406021570456	0.0531510110347686	0.0246238802155202	0.0199787813309334	0.0682024312695338	True	0.0429978437909845	0.0005528965316023	True	PASS	GSE238145_B15	GSE238145	GSE238145	NA	GSE238145_B15	NA
baseline	4440	4440	0.0007319931710936	0.0115461680875534	0.0268956965909808	0.0215149247533812	0.0172695894365869	True	0.0581682112451355	0.0008033729782255	True	PASS	GSE238145_B16	GSE238145	GSE238145	NA	GSE238145_B16	NA
tme	4440	4440	0.0007319931710936	0.0697143793326889	0.0260923236127553	0.0208438387694829	0.0751009906342248	True	0.0581682112451355	0.0008033729782255	True	PASS	GSE238145_B16	GSE238145	GSE238145	NA	GSE238145_B16	NA
baseline	1494	1494	0.0009842631925483	0.0041436503424637	0.0312974227247249	0.0246255177438264	0.0276961530626645	True	0.0598322614799353	0.0009547564832286	True	PASS	GSE238145_B17	GSE238145	GSE238145	NA	GSE238145_B17	NA
tme	1494	1494	0.0009842631925483	0.063975911822399	0.0303426662414963	0.0238167857228386	0.0861133515149386	True	0.0598322614799353	0.0009547564832286	True	PASS	GSE238145_B17	GSE238145	GSE238145	NA	GSE238145_B17	NA
baseline	89	0	0.0004069987289113	NA	NA	NA	NA	False	NA	NA	False	SKIPPED_NOT_ESTIMABLE	GSE238145_B18	GSE238145	GSE238145	NA	GSE238145_B18	n_complete_cases=89 below 100
tme	89	0	0.0004069987289113	NA	NA	NA	NA	False	NA	NA	False	SKIPPED_NOT_ESTIMABLE	GSE238145_B18	GSE238145	GSE238145	NA	GSE238145_B18	n_complete_cases=89 below 100
baseline	305	305	0.0007598326198419	-0.030456360723752	0.0279357696719592	0.0218306133097675	-0.0240267394306184	True	0.0667519117877984	0.0009199734935819	True	PASS	GSE238145_B5	GSE238145	GSE238145	NA	GSE238145_B5	NA
tme	305	305	0.0007598326198419	0.0362955510640464	0.0270157961783772	0.0209025350233344	0.0423086680492375	True	0.0667519117877984	0.0009199734935819	True	PASS	GSE238145_B5	GSE238145	GSE238145	NA	GSE238145_B5	NA
baseline	10550	10550	0.0016006539272704	0.211950103847663	0.035514442099502	0.0284587816317332	0.234112433646376	True	0.128115110646253	0.0030147947112436	True	PASS	GSE238145_B9	GSE238145	GSE238145	NA	GSE238145_B9	NA
tme	10550	10550	0.0016006539272704	0.340065214493916	0.0324996473882584	0.0259593470654209	0.358624562618241	True	0.128115110646253	0.0030147947112436	True	PASS	GSE238145_B9	GSE238145	GSE238145	NA	GSE238145_B9	NA
baseline	72	0	0.0006626430730949	NA	NA	NA	NA	False	NA	NA	False	SKIPPED_NOT_ESTIMABLE	GSE285715_N2	GSE285715	GSE285715	NA	GSE285715_N2	n_complete_cases=72 below 100
tme	72	0	0.0006626430730949	NA	NA	NA	NA	False	NA	NA	False	SKIPPED_NOT_ESTIMABLE	GSE285715_N2	GSE285715	GSE285715	NA	GSE285715_N2	n_complete_cases=72 below 100
baseline	2024	2024	0.0003365666338807	-0.0282990216676704	0.0185989286438521	0.0155181402067784	0.0141719125486059	True	0.080714967211744	0.0007448645742843	True	PASS	GSE285715_N3	GSE285715	GSE285715	NA	GSE285715_N3	NA
tme	2024	2024	0.0003365666338807	0.0524159455440736	0.0178540640695678	0.0142551389963285	0.0915531801355469	True	0.080714967211744	0.0007448645742843	True	PASS	GSE285715_N3	GSE285715	GSE285715	NA	GSE285715_N3	NA
baseline	4167	4167	0.0005915911035898	0.0111514503961705	0.0241837469680195	0.0186330248595722	0.0184810923417258	True	0.235064184483547	0.0030691759498428	True	PASS	GSE285715_T1	GSE285715	GSE285715	NA	GSE285715_T1	NA
tme	4167	4167	0.0005915911035898	0.246215634879718	0.0211145710181766	0.0156447735183268	0.251802910608344	True	0.235064184483547	0.0030691759498428	True	PASS	GSE285715_T1	GSE285715	GSE285715	NA	GSE285715_T1	NA
baseline	3821	3821	0.0004692437350282	-0.0710289310997019	0.022415219976849	0.0183803238023201	-0.0070214097940086	True	0.183110312072291	0.0020058788068652	True	PASS	GSE285715_T2	GSE285715	GSE285715	NA	GSE285715_T2	NA
tme	3821	3821	0.0004692437350282	0.11208138097259	0.0204093411699838	0.0161830580123674	0.165145745785558	True	0.183110312072291	0.0020058788068652	True	PASS	GSE285715_T2	GSE285715	GSE285715	NA	GSE285715_T2	NA
baseline	3317	3317	0.0002455641764358	-0.0260062491352071	0.0158705520471812	0.0137038904521448	0.0217911669789279	True	0.325736769978759	0.0027591350537624	True	PASS	GSE285715_T3	GSE285715	GSE285715	NA	GSE285715_T3	NA
tme	3317	3317	0.0002455641764358	0.299730520843552	0.0131114169934187	0.0108629062401477	0.332353199034334	True	0.325736769978759	0.0027591350537624	True	PASS	GSE285715_T3	GSE285715	GSE285715	NA	GSE285715_T3	NA
baseline	1744	1744	0.0013532329508644	0.175509148283099	0.0333929399099286	0.0266382700690382	0.294716665484797	True	0.165896730961893	0.0035480033486033	True	PASS	GSE319536_BC02	GSE319536	GSE319536	NA	GSE319536_BC02	NA
tme	1744	1744	0.0013532329508644	0.341405879244991	0.0298449365613253	0.0233527294542137	0.436627517927039	True	0.165896730961893	0.0035480033486033	True	PASS	GSE319536_BC02	GSE319536	GSE319536	NA	GSE319536_BC02	NA
baseline	2365	2365	0.0005409394844709	0.0055168746378421	0.0231889569397205	0.0182277641603351	0.010408091252885	True	0.0203096009970292	0.0002380069764992	True	PASS	GSE319536_BC04	GSE319536	GSE319536	NA	GSE319536_BC04	NA
tme	2365	2365	0.0005409394844709	0.0258264756348713	0.0229509499632213	0.0178311787658712	0.0306178025129159	True	0.0203096009970292	0.0002380069764992	True	PASS	GSE319536_BC04	GSE319536	GSE319536	NA	GSE319536_BC04	NA
baseline	210	210	0.0004442794686077	-0.0507713422329379	0.0215548858579226	0.0161078824488024	-0.0191558853681613	True	0.0321009661784184	0.0003318036716143	False	PASS_WITH_WARNING	GSE319536_BC05	GSE319536	GSE319536	NA	GSE319536_BC05	NA
tme	210	210	0.0004442794686077	-0.0186703760545195	0.0212230821863082	0.0158517196150289	0.0119792315614808	True	0.0321009661784184	0.0003318036716143	False	PASS_WITH_WARNING	GSE319536_BC05	GSE319536	GSE319536	NA	GSE319536_BC05	NA
baseline	1297	1297	0.0011958558840756	0.089558805454516	0.0329835870920515	0.0251444083744453	0.118730965291988	True	0.0939543764017229	0.0017482265030554	True	PASS	GSE319536_BC08	GSE319536	GSE319536	NA	GSE319536_BC08	NA
tme	1297	1297	0.0011958558840756	0.183513181856239	0.0312353605889961	0.0237519693569477	0.209674875886318	True	0.0939543764017229	0.0017482265030554	True	PASS	GSE319536_BC08	GSE319536	GSE319536	NA	GSE319536_BC08	NA
baseline	2174	2174	0.0008158654671471	0.0685593172867125	0.0275604922628676	0.022608246088837	0.109004284871552	True	0.0784143886418254	0.0011856070584464	True	PASS	GSE319536_BC10	GSE319536	GSE319536	NA	GSE319536_BC10	NA
tme	2174	2174	0.0008158654671471	0.146973705928538	0.0263748852044212	0.0215316653361141	0.184013768117185	True	0.0784143886418254	0.0011856070584464	True	PASS	GSE319536_BC10	GSE319536	GSE319536	NA	GSE319536_BC10	NA
baseline	5719	5719	0.0026845209798512	0.36091006365105	0.0414167882726738	0.0327107666170801	0.388421424444132	True	0.0765368075023338	0.0025590784581519	True	PASS	GSE319536_BC11	GSE319536	GSE319536	NA	GSE319536_BC11	NA
tme	5719	5719	0.0026845209798512	0.437446871153384	0.0388577098145219	0.0305924397021408	0.461663497347488	True	0.0765368075023338	0.0025590784581519	True	PASS	GSE319536_BC11	GSE319536	GSE319536	NA	GSE319536_BC11	NA
baseline	884	884	0.0010486254132971	0.109985871644621	0.0305325346744607	0.0234259109813809	0.149667476998664	True	0.032872104812495	0.0005691546421915	True	PASS	GSE319536_BC12	GSE319536	GSE319536	NA	GSE319536_BC12	NA
tme	884	884	0.0010486254132971	0.142857976457116	0.0299633800322692	0.0233066065172277	0.181073966998127	True	0.032872104812495	0.0005691546421915	True	PASS	GSE319536_BC12	GSE319536	GSE319536	NA	GSE319536_BC12	NA
baseline	1759	1759	0.0007153680726364	-0.0511546913053129	0.0274141388929822	0.0215298818908618	-0.0089139003734335	True	0.174912874183559	0.0023845751550224	True	PASS	GSE319536_BC13	GSE319536	GSE319536	NA	GSE319536_BC13	NA
tme	1759	1759	0.0007153680726364	0.123758182878246	0.0250295637379597	0.0198294405358755	0.158970076721242	True	0.174912874183559	0.0023845751550224	True	PASS	GSE319536_BC13	GSE319536	GSE319536	NA	GSE319536_BC13	NA
baseline	1066	1066	0.0013110150473323	-0.116364917925217	0.0382387009404213	0.029805809939786	-0.0663731499705043	True	0.212382188104811	0.0038290627201844	True	PASS	GSE319536_BC14	GSE319536	GSE319536	NA	GSE319536_BC14	NA
tme	1066	1066	0.0013110150473323	0.0960172701795938	0.0344096382202368	0.0269708942515868	0.136498383602827	True	0.212382188104811	0.0038290627201844	True	PASS	GSE319536_BC14	GSE319536	GSE319536	NA	GSE319536_BC14	NA
baseline	167	167	0.0002056567246561	0.025690850079332	0.0141128802476026	0.0110377968141437	0.0388691030136455	True	0.275610296440606	0.0021616591432525	True	PASS	GSE319536_BC15	GSE319536	GSE319536	NA	GSE319536_BC15	NA
tme	167	167	0.0002056567246561	0.301301146519938	0.01195122110435	0.0085906388846297	0.310751566047276	True	0.275610296440606	0.0021616591432525	True	PASS	GSE319536_BC15	GSE319536	GSE319536	NA	GSE319536_BC15	NA
baseline	1718	1718	0.0005433183339654	0.109193411473581	0.0219934043191942	0.017914350950211	0.123069213872449	True	0.0407249913677233	0.0005086171807287	True	PASS	GSE319536_BC16	GSE319536	GSE319536	NA	GSE319536_BC16	NA
tme	1718	1718	0.0005433183339654	0.149918402841304	0.0214847871384655	0.0173902466982514	0.163159845391253	True	0.0407249913677233	0.0005086171807287	True	PASS	GSE319536_BC16	GSE319536	GSE319536	NA	GSE319536_BC16	NA
baseline	3508	3508	0.0004608900190606	0.020720611002564	0.0212417380651415	0.0167918584483533	0.0266244299402701	True	0.0089046498878302	9.67967862624021e-05	True	PASS	GSE319536_BC17	GSE319536	GSE319536	NA	GSE319536_BC17	NA
tme	3508	3508	0.0004608900190606	0.0296252608903942	0.0211449412788791	0.016990029095915	0.0354753960262845	True	0.0089046498878302	9.67967862624021e-05	True	PASS	GSE319536_BC17	GSE319536	GSE319536	NA	GSE319536_BC17	NA
baseline	2656	2656	0.0010209497310768	0.0381941135449709	0.0313302688941208	0.0251058129372401	0.0907409532761433	True	0.147851744278776	0.0025085169747832	True	PASS	GSE319536_BC18	GSE319536	GSE319536	NA	GSE319536_BC18	NA
tme	2656	2656	0.0010209497310768	0.186045857823747	0.0288217519193376	0.0230066941168859	0.23051503654244	True	0.147851744278776	0.0025085169747832	True	PASS	GSE319536_BC18	GSE319536	GSE319536	NA	GSE319536_BC18	NA
baseline	784	784	0.0007174518901208	-0.0031168135112578	0.0268098878104553	0.0215424737318621	0.0202892280756002	True	0.0687860363150892	0.0009355306217938	True	PASS	GSE319536_BC19	GSE319536	GSE319536	NA	GSE319536_BC19	NA
tme	784	784	0.0007174518901208	0.0656692228038314	0.0258743571886614	0.0205655746713408	0.0874702580694908	True	0.0687860363150892	0.0009355306217938	True	PASS	GSE319536_BC19	GSE319536	GSE319536	NA	GSE319536_BC19	NA
baseline	1705	1705	0.0011026774252162	0.080495192598806	0.0318327271947964	0.0252446810199739	0.111823923023152	True	0.0927772657550299	0.0016486398948784	True	PASS	GSE319536_BC21	GSE319536	GSE319536	NA	GSE319536_BC21	NA
tme	1705	1705	0.0011026774252162	0.173272458353836	0.0301840872999179	0.0239085501642882	0.201440146089822	True	0.0927772657550299	0.0016486398948784	True	PASS	GSE319536_BC21	GSE319536	GSE319536	NA	GSE319536_BC21	NA
baseline	1517	1517	0.001206699540596	0.102309482520967	0.0329018033852016	0.0263262338315719	0.117759139313393	True	0.0847461733640451	0.0015915349580223	True	PASS	Inhousedata_T4398343	Inhousedata__UNVERIFIED	Inhousedata__UNVERIFIED	NA	Inhousedata_T4398343	NA
tme	1517	1517	0.001206699540596	0.187055655885012	0.0313102684271792	0.0253626116156446	0.201046792990026	True	0.0847461733640451	0.0015915349580223	True	PASS	Inhousedata_T4398343	Inhousedata__UNVERIFIED	Inhousedata__UNVERIFIED	NA	Inhousedata_T4398343	NA
baseline	3842	3842	0.0006192555170282	0.0476494524115386	0.0242815738862348	0.0188088797366774	0.0505218848636474	True	0.0817340232868745	0.001065334753359	True	PASS	Inhousedata_T4413900	Inhousedata__UNVERIFIED	Inhousedata__UNVERIFIED	NA	Inhousedata_T4413900	NA
tme	3842	3842	0.0006192555170282	0.129383475698413	0.0232162391328758	0.0178963689059163	0.132009386046319	True	0.0817340232868745	0.001065334753359	True	PASS	Inhousedata_T4413900	Inhousedata__UNVERIFIED	Inhousedata__UNVERIFIED	NA	Inhousedata_T4413900	NA
baseline	1829	1829	0.0007260599448314	0.239089201876408	0.0234981870065066	0.0181328088068902	0.252236319841974	True	0.0376365986758195	0.0005885098705785	True	PASS	Inhousedata_T4463209	Inhousedata__UNVERIFIED	Inhousedata__UNVERIFIED	NA	Inhousedata_T4463209	NA
tme	1829	1829	0.0007260599448314	0.276725800552228	0.0229096771359281	0.0175448987062354	0.28922262836048	True	0.0376365986758195	0.0005885098705785	True	PASS	Inhousedata_T4463209	Inhousedata__UNVERIFIED	Inhousedata__UNVERIFIED	NA	Inhousedata_T4463209	NA
baseline	581	581	0.0006263729294922	-0.0249584297227641	0.0253160267842987	0.0212512024049274	-0.0065870315186709	True	0.0142754493836499	0.0001769168681311	False	PASS_WITH_WARNING	Inhousedata_T4465935	Inhousedata__UNVERIFIED	Inhousedata__UNVERIFIED	NA	Inhousedata_T4465935	NA
tme	581	581	0.0006263729294922	-0.0106829803391142	0.0251391099161676	0.0211354591199868	0.0074325441070155	True	0.0142754493836499	0.0001769168681311	False	PASS_WITH_WARNING	Inhousedata_T4465935	Inhousedata__UNVERIFIED	Inhousedata__UNVERIFIED	NA	Inhousedata_T4465935	NA
baseline	1846	1846	0.0032484271435522	0.0697953995091105	0.0549551178845317	0.0437470933732011	0.151906607838625	True	0.159298734821393	0.0049263764715559	True	PASS	Inhousedata_T4469479	Inhousedata__UNVERIFIED	Inhousedata__UNVERIFIED	NA	Inhousedata_T4469479	NA
tme	1846	1846	0.0032484271435522	0.229094134330503	0.0500287414129759	0.039305665390678	0.297143692572881	True	0.159298734821393	0.0049263764715559	True	PASS	Inhousedata_T4469479	Inhousedata__UNVERIFIED	Inhousedata__UNVERIFIED	NA	Inhousedata_T4469479	NA
baseline	2256	2256	0.0005921380284682	0.024142567703487	0.0240330222871922	0.0187062689572039	0.0541971436462377	True	0.14735281222128	0.0018886859321738	True	PASS	Inhousedata_T4471438	Inhousedata__UNVERIFIED	Inhousedata__UNVERIFIED	NA	Inhousedata_T4471438	NA
tme	2256	2256	0.0005921380284682	0.171495379924767	0.0221443363550183	0.0168022597855164	0.197011766026754	True	0.14735281222128	0.0018886859321738	True	PASS	Inhousedata_T4471438	Inhousedata__UNVERIFIED	Inhousedata__UNVERIFIED	NA	Inhousedata_T4471438	NA
baseline	3217	3217	0.0005434139530679	0.115933072921922	0.0219149484940844	0.0163665807549838	0.174511866097827	True	0.213717298312313	0.0028318641889348	True	PASS	NPJ_sample2	NPJ__UNVERIFIED	NPJ__UNVERIFIED	NA	NPJ_sample2	NA
tme	3217	3217	0.0005434139530679	0.329650371234235	0.0190830843051495	0.0141433818304767	0.374068130858837	True	0.213717298312313	0.0028318641889348	True	PASS	NPJ_sample2	NPJ__UNVERIFIED	NPJ__UNVERIFIED	NA	NPJ_sample2	NA
baseline	3182	3182	0.0021217560130948	-0.126370712964871	0.0488787558124944	0.0341479756498654	0.0130125616342148	True	0.494691627106259	0.012274825757549	True	PASS	NPJ_sample3	NPJ__UNVERIFIED	NPJ__UNVERIFIED	NA	NPJ_sample3	NA
tme	3182	3182	0.0021217560130948	0.368320914141387	0.0366039300549453	0.0250097967670507	0.446488340255454	True	0.494691627106259	0.012274825757549	True	PASS	NPJ_sample3	NPJ__UNVERIFIED	NPJ__UNVERIFIED	NA	NPJ_sample3	NA
baseline	1885	1885	0.0006308695123366	-0.0804655265005867	0.0261011714470607	0.0210616005597309	-0.0376919496957271	True	0.217084120832107	0.0027689608592579	True	PASS	NPJ_sample4	NPJ__UNVERIFIED	NPJ__UNVERIFIED	NA	NPJ_sample4	NA
tme	1885	1885	0.0006308695123366	0.13661859433152	0.0233322105878028	0.0181042141636458	0.170798223353889	True	0.217084120832107	0.0027689608592579	True	PASS	NPJ_sample4	NPJ__UNVERIFIED	NPJ__UNVERIFIED	NA	NPJ_sample4	NA
baseline	2186	2186	0.000626462038254	0.295246624670974	0.0210071242283779	0.0146664248490691	0.29907087512378	True	0.182443857933721	0.0029223958133447	True	PASS	NPJ_sample5	NPJ__UNVERIFIED	NPJ__UNVERIFIED	NA	NPJ_sample5	NA
tme	2186	2186	0.000626462038254	0.477690482604695	0.0180847284150331	0.0126596606704694	0.480524725729066	True	0.182443857933721	0.0029223958133447	True	PASS	NPJ_sample5	NPJ__UNVERIFIED	NPJ__UNVERIFIED	NA	NPJ_sample5	NA
baseline	2414	2414	0.0009606899905072	0.256391933717836	0.0267222921058341	0.0215155590524887	0.262849936915151	True	0.128951715564981	0.0024272392886554	True	PASS	NPJ_sample6	NPJ__UNVERIFIED	NPJ__UNVERIFIED	NA	NPJ_sample6	NA
tme	2414	2414	0.0009606899905072	0.385343649282818	0.0242950528171787	0.0192039859426225	0.390681747211243	True	0.128951715564981	0.0024272392886554	True	PASS	NPJ_sample6	NPJ__UNVERIFIED	NPJ__UNVERIFIED	NA	NPJ_sample6	NA
baseline	2382	2382	0.0006441352401131	-0.0666672828085582	0.0262066697711598	0.0185968810846446	0.0284580372269497	True	0.267874200530801	0.0035281608701729	True	PASS	NPJ_sample7	NPJ__UNVERIFIED	NPJ__UNVERIFIED	NA	NPJ_sample7	NA
tme	2382	2382	0.0006441352401131	0.201206917722243	0.0226785089009869	0.0160019500858498	0.272443233693002	True	0.267874200530801	0.0035281608701729	True	PASS	NPJ_sample7	NPJ__UNVERIFIED	NPJ__UNVERIFIED	NA	NPJ_sample7	NA
