target	sample	measure	value
"M01"	"/home/data/t070721/codex_workspace/Bladder Metabolism/spatial_ecology_top20_v2/06_mistyr/by_dataset/NPJ__UNVERIFIED/NPJ_sample7/wang_style_cellcell_intra"	"intra.RMSE"	1.5705408854794
"M01"	"/home/data/t070721/codex_workspace/Bladder Metabolism/spatial_ecology_top20_v2/06_mistyr/by_dataset/NPJ__UNVERIFIED/NPJ_sample7/wang_style_cellcell_intra"	"intra.R2"	97.7906591772006
"M01"	"/home/data/t070721/codex_workspace/Bladder Metabolism/spatial_ecology_top20_v2/06_mistyr/by_dataset/NPJ__UNVERIFIED/NPJ_sample7/wang_style_cellcell_intra"	"multi.RMSE"	1.5705408854794
"M01"	"/home/data/t070721/codex_workspace/Bladder Metabolism/spatial_ecology_top20_v2/06_mistyr/by_dataset/NPJ__UNVERIFIED/NPJ_sample7/wang_style_cellcell_intra"	"multi.R2"	97.7906591772006
"M01"	"/home/data/t070721/codex_workspace/Bladder Metabolism/spatial_ecology_top20_v2/06_mistyr/by_dataset/NPJ__UNVERIFIED/NPJ_sample7/wang_style_cellcell_intra"	"p.RMSE"	0.5
"M01"	"/home/data/t070721/codex_workspace/Bladder Metabolism/spatial_ecology_top20_v2/06_mistyr/by_dataset/NPJ__UNVERIFIED/NPJ_sample7/wang_style_cellcell_intra"	"p.R2"	0.5
"M01"	"/home/data/t070721/codex_workspace/Bladder Metabolism/spatial_ecology_top20_v2/06_mistyr/by_dataset/NPJ__UNVERIFIED/NPJ_sample7/wang_style_cellcell_intra"	"gain.RMSE"	0
"M01"	"/home/data/t070721/codex_workspace/Bladder Metabolism/spatial_ecology_top20_v2/06_mistyr/by_dataset/NPJ__UNVERIFIED/NPJ_sample7/wang_style_cellcell_intra"	"gain.R2"	0
"M02"	"/home/data/t070721/codex_workspace/Bladder Metabolism/spatial_ecology_top20_v2/06_mistyr/by_dataset/NPJ__UNVERIFIED/NPJ_sample7/wang_style_cellcell_intra"	"intra.RMSE"	0.247988222836975
"M02"	"/home/data/t070721/codex_workspace/Bladder Metabolism/spatial_ecology_top20_v2/06_mistyr/by_dataset/NPJ__UNVERIFIED/NPJ_sample7/wang_style_cellcell_intra"	"intra.R2"	56.5384225397353
"M02"	"/home/data/t070721/codex_workspace/Bladder Metabolism/spatial_ecology_top20_v2/06_mistyr/by_dataset/NPJ__UNVERIFIED/NPJ_sample7/wang_style_cellcell_intra"	"multi.RMSE"	0.247988222836975
"M02"	"/home/data/t070721/codex_workspace/Bladder Metabolism/spatial_ecology_top20_v2/06_mistyr/by_dataset/NPJ__UNVERIFIED/NPJ_sample7/wang_style_cellcell_intra"	"multi.R2"	56.5384225397353
"M02"	"/home/data/t070721/codex_workspace/Bladder Metabolism/spatial_ecology_top20_v2/06_mistyr/by_dataset/NPJ__UNVERIFIED/NPJ_sample7/wang_style_cellcell_intra"	"p.RMSE"	0.5
"M02"	"/home/data/t070721/codex_workspace/Bladder Metabolism/spatial_ecology_top20_v2/06_mistyr/by_dataset/NPJ__UNVERIFIED/NPJ_sample7/wang_style_cellcell_intra"	"p.R2"	0.5
"M02"	"/home/data/t070721/codex_workspace/Bladder Metabolism/spatial_ecology_top20_v2/06_mistyr/by_dataset/NPJ__UNVERIFIED/NPJ_sample7/wang_style_cellcell_intra"	"gain.RMSE"	0
"M02"	"/home/data/t070721/codex_workspace/Bladder Metabolism/spatial_ecology_top20_v2/06_mistyr/by_dataset/NPJ__UNVERIFIED/NPJ_sample7/wang_style_cellcell_intra"	"gain.R2"	0
"M03"	"/home/data/t070721/codex_workspace/Bladder Metabolism/spatial_ecology_top20_v2/06_mistyr/by_dataset/NPJ__UNVERIFIED/NPJ_sample7/wang_style_cellcell_intra"	"intra.RMSE"	2.78085695554774
"M03"	"/home/data/t070721/codex_workspace/Bladder Metabolism/spatial_ecology_top20_v2/06_mistyr/by_dataset/NPJ__UNVERIFIED/NPJ_sample7/wang_style_cellcell_intra"	"intra.R2"	98.9757322552427
"M03"	"/home/data/t070721/codex_workspace/Bladder Metabolism/spatial_ecology_top20_v2/06_mistyr/by_dataset/NPJ__UNVERIFIED/NPJ_sample7/wang_style_cellcell_intra"	"multi.RMSE"	2.78085695554774
"M03"	"/home/data/t070721/codex_workspace/Bladder Metabolism/spatial_ecology_top20_v2/06_mistyr/by_dataset/NPJ__UNVERIFIED/NPJ_sample7/wang_style_cellcell_intra"	"multi.R2"	98.9757322552427
"M03"	"/home/data/t070721/codex_workspace/Bladder Metabolism/spatial_ecology_top20_v2/06_mistyr/by_dataset/NPJ__UNVERIFIED/NPJ_sample7/wang_style_cellcell_intra"	"p.RMSE"	0.5
"M03"	"/home/data/t070721/codex_workspace/Bladder Metabolism/spatial_ecology_top20_v2/06_mistyr/by_dataset/NPJ__UNVERIFIED/NPJ_sample7/wang_style_cellcell_intra"	"p.R2"	0.5
"M03"	"/home/data/t070721/codex_workspace/Bladder Metabolism/spatial_ecology_top20_v2/06_mistyr/by_dataset/NPJ__UNVERIFIED/NPJ_sample7/wang_style_cellcell_intra"	"gain.RMSE"	0
"M03"	"/home/data/t070721/codex_workspace/Bladder Metabolism/spatial_ecology_top20_v2/06_mistyr/by_dataset/NPJ__UNVERIFIED/NPJ_sample7/wang_style_cellcell_intra"	"gain.R2"	0
"M04"	"/home/data/t070721/codex_workspace/Bladder Metabolism/spatial_ecology_top20_v2/06_mistyr/by_dataset/NPJ__UNVERIFIED/NPJ_sample7/wang_style_cellcell_intra"	"intra.RMSE"	0.257195542128638
"M04"	"/home/data/t070721/codex_workspace/Bladder Metabolism/spatial_ecology_top20_v2/06_mistyr/by_dataset/NPJ__UNVERIFIED/NPJ_sample7/wang_style_cellcell_intra"	"intra.R2"	79.3672038548345
"M04"	"/home/data/t070721/codex_workspace/Bladder Metabolism/spatial_ecology_top20_v2/06_mistyr/by_dataset/NPJ__UNVERIFIED/NPJ_sample7/wang_style_cellcell_intra"	"multi.RMSE"	0.257195542128638
"M04"	"/home/data/t070721/codex_workspace/Bladder Metabolism/spatial_ecology_top20_v2/06_mistyr/by_dataset/NPJ__UNVERIFIED/NPJ_sample7/wang_style_cellcell_intra"	"multi.R2"	79.3672038548345
"M04"	"/home/data/t070721/codex_workspace/Bladder Metabolism/spatial_ecology_top20_v2/06_mistyr/by_dataset/NPJ__UNVERIFIED/NPJ_sample7/wang_style_cellcell_intra"	"p.RMSE"	0.5
"M04"	"/home/data/t070721/codex_workspace/Bladder Metabolism/spatial_ecology_top20_v2/06_mistyr/by_dataset/NPJ__UNVERIFIED/NPJ_sample7/wang_style_cellcell_intra"	"p.R2"	0.5
"M04"	"/home/data/t070721/codex_workspace/Bladder Metabolism/spatial_ecology_top20_v2/06_mistyr/by_dataset/NPJ__UNVERIFIED/NPJ_sample7/wang_style_cellcell_intra"	"gain.RMSE"	0
"M04"	"/home/data/t070721/codex_workspace/Bladder Metabolism/spatial_ecology_top20_v2/06_mistyr/by_dataset/NPJ__UNVERIFIED/NPJ_sample7/wang_style_cellcell_intra"	"gain.R2"	0
"M05"	"/home/data/t070721/codex_workspace/Bladder Metabolism/spatial_ecology_top20_v2/06_mistyr/by_dataset/NPJ__UNVERIFIED/NPJ_sample7/wang_style_cellcell_intra"	"intra.RMSE"	0.189257877735882
"M05"	"/home/data/t070721/codex_workspace/Bladder Metabolism/spatial_ecology_top20_v2/06_mistyr/by_dataset/NPJ__UNVERIFIED/NPJ_sample7/wang_style_cellcell_intra"	"intra.R2"	97.5786563476747
"M05"	"/home/data/t070721/codex_workspace/Bladder Metabolism/spatial_ecology_top20_v2/06_mistyr/by_dataset/NPJ__UNVERIFIED/NPJ_sample7/wang_style_cellcell_intra"	"multi.RMSE"	0.189257877735882
"M05"	"/home/data/t070721/codex_workspace/Bladder Metabolism/spatial_ecology_top20_v2/06_mistyr/by_dataset/NPJ__UNVERIFIED/NPJ_sample7/wang_style_cellcell_intra"	"multi.R2"	97.5786563476747
"M05"	"/home/data/t070721/codex_workspace/Bladder Metabolism/spatial_ecology_top20_v2/06_mistyr/by_dataset/NPJ__UNVERIFIED/NPJ_sample7/wang_style_cellcell_intra"	"p.RMSE"	0.5
"M05"	"/home/data/t070721/codex_workspace/Bladder Metabolism/spatial_ecology_top20_v2/06_mistyr/by_dataset/NPJ__UNVERIFIED/NPJ_sample7/wang_style_cellcell_intra"	"p.R2"	0.5
"M05"	"/home/data/t070721/codex_workspace/Bladder Metabolism/spatial_ecology_top20_v2/06_mistyr/by_dataset/NPJ__UNVERIFIED/NPJ_sample7/wang_style_cellcell_intra"	"gain.RMSE"	0
"M05"	"/home/data/t070721/codex_workspace/Bladder Metabolism/spatial_ecology_top20_v2/06_mistyr/by_dataset/NPJ__UNVERIFIED/NPJ_sample7/wang_style_cellcell_intra"	"gain.R2"	0
"M06"	"/home/data/t070721/codex_workspace/Bladder Metabolism/spatial_ecology_top20_v2/06_mistyr/by_dataset/NPJ__UNVERIFIED/NPJ_sample7/wang_style_cellcell_intra"	"intra.RMSE"	0.165406651059447
"M06"	"/home/data/t070721/codex_workspace/Bladder Metabolism/spatial_ecology_top20_v2/06_mistyr/by_dataset/NPJ__UNVERIFIED/NPJ_sample7/wang_style_cellcell_intra"	"intra.R2"	43.2086920516304
"M06"	"/home/data/t070721/codex_workspace/Bladder Metabolism/spatial_ecology_top20_v2/06_mistyr/by_dataset/NPJ__UNVERIFIED/NPJ_sample7/wang_style_cellcell_intra"	"multi.RMSE"	0.165406651059447
"M06"	"/home/data/t070721/codex_workspace/Bladder Metabolism/spatial_ecology_top20_v2/06_mistyr/by_dataset/NPJ__UNVERIFIED/NPJ_sample7/wang_style_cellcell_intra"	"multi.R2"	43.2086920516304
"M06"	"/home/data/t070721/codex_workspace/Bladder Metabolism/spatial_ecology_top20_v2/06_mistyr/by_dataset/NPJ__UNVERIFIED/NPJ_sample7/wang_style_cellcell_intra"	"p.RMSE"	0.5
"M06"	"/home/data/t070721/codex_workspace/Bladder Metabolism/spatial_ecology_top20_v2/06_mistyr/by_dataset/NPJ__UNVERIFIED/NPJ_sample7/wang_style_cellcell_intra"	"p.R2"	0.5
"M06"	"/home/data/t070721/codex_workspace/Bladder Metabolism/spatial_ecology_top20_v2/06_mistyr/by_dataset/NPJ__UNVERIFIED/NPJ_sample7/wang_style_cellcell_intra"	"gain.RMSE"	0
"M06"	"/home/data/t070721/codex_workspace/Bladder Metabolism/spatial_ecology_top20_v2/06_mistyr/by_dataset/NPJ__UNVERIFIED/NPJ_sample7/wang_style_cellcell_intra"	"gain.R2"	0
"M07"	"/home/data/t070721/codex_workspace/Bladder Metabolism/spatial_ecology_top20_v2/06_mistyr/by_dataset/NPJ__UNVERIFIED/NPJ_sample7/wang_style_cellcell_intra"	"intra.RMSE"	1.97041809882271
"M07"	"/home/data/t070721/codex_workspace/Bladder Metabolism/spatial_ecology_top20_v2/06_mistyr/by_dataset/NPJ__UNVERIFIED/NPJ_sample7/wang_style_cellcell_intra"	"intra.R2"	84.2204808268525
"M07"	"/home/data/t070721/codex_workspace/Bladder Metabolism/spatial_ecology_top20_v2/06_mistyr/by_dataset/NPJ__UNVERIFIED/NPJ_sample7/wang_style_cellcell_intra"	"multi.RMSE"	1.97041809882271
"M07"	"/home/data/t070721/codex_workspace/Bladder Metabolism/spatial_ecology_top20_v2/06_mistyr/by_dataset/NPJ__UNVERIFIED/NPJ_sample7/wang_style_cellcell_intra"	"multi.R2"	84.2204808268525
"M07"	"/home/data/t070721/codex_workspace/Bladder Metabolism/spatial_ecology_top20_v2/06_mistyr/by_dataset/NPJ__UNVERIFIED/NPJ_sample7/wang_style_cellcell_intra"	"p.RMSE"	0.5
"M07"	"/home/data/t070721/codex_workspace/Bladder Metabolism/spatial_ecology_top20_v2/06_mistyr/by_dataset/NPJ__UNVERIFIED/NPJ_sample7/wang_style_cellcell_intra"	"p.R2"	0.5
"M07"	"/home/data/t070721/codex_workspace/Bladder Metabolism/spatial_ecology_top20_v2/06_mistyr/by_dataset/NPJ__UNVERIFIED/NPJ_sample7/wang_style_cellcell_intra"	"gain.RMSE"	0
"M07"	"/home/data/t070721/codex_workspace/Bladder Metabolism/spatial_ecology_top20_v2/06_mistyr/by_dataset/NPJ__UNVERIFIED/NPJ_sample7/wang_style_cellcell_intra"	"gain.R2"	0
"M08"	"/home/data/t070721/codex_workspace/Bladder Metabolism/spatial_ecology_top20_v2/06_mistyr/by_dataset/NPJ__UNVERIFIED/NPJ_sample7/wang_style_cellcell_intra"	"intra.RMSE"	0.319864942480398
"M08"	"/home/data/t070721/codex_workspace/Bladder Metabolism/spatial_ecology_top20_v2/06_mistyr/by_dataset/NPJ__UNVERIFIED/NPJ_sample7/wang_style_cellcell_intra"	"intra.R2"	36.2989126804954
"M08"	"/home/data/t070721/codex_workspace/Bladder Metabolism/spatial_ecology_top20_v2/06_mistyr/by_dataset/NPJ__UNVERIFIED/NPJ_sample7/wang_style_cellcell_intra"	"multi.RMSE"	0.319864942480398
"M08"	"/home/data/t070721/codex_workspace/Bladder Metabolism/spatial_ecology_top20_v2/06_mistyr/by_dataset/NPJ__UNVERIFIED/NPJ_sample7/wang_style_cellcell_intra"	"multi.R2"	36.2989126804954
"M08"	"/home/data/t070721/codex_workspace/Bladder Metabolism/spatial_ecology_top20_v2/06_mistyr/by_dataset/NPJ__UNVERIFIED/NPJ_sample7/wang_style_cellcell_intra"	"p.RMSE"	0.5
"M08"	"/home/data/t070721/codex_workspace/Bladder Metabolism/spatial_ecology_top20_v2/06_mistyr/by_dataset/NPJ__UNVERIFIED/NPJ_sample7/wang_style_cellcell_intra"	"p.R2"	0.5
"M08"	"/home/data/t070721/codex_workspace/Bladder Metabolism/spatial_ecology_top20_v2/06_mistyr/by_dataset/NPJ__UNVERIFIED/NPJ_sample7/wang_style_cellcell_intra"	"gain.RMSE"	0
"M08"	"/home/data/t070721/codex_workspace/Bladder Metabolism/spatial_ecology_top20_v2/06_mistyr/by_dataset/NPJ__UNVERIFIED/NPJ_sample7/wang_style_cellcell_intra"	"gain.R2"	0
"M09"	"/home/data/t070721/codex_workspace/Bladder Metabolism/spatial_ecology_top20_v2/06_mistyr/by_dataset/NPJ__UNVERIFIED/NPJ_sample7/wang_style_cellcell_intra"	"intra.RMSE"	0.444975792269007
"M09"	"/home/data/t070721/codex_workspace/Bladder Metabolism/spatial_ecology_top20_v2/06_mistyr/by_dataset/NPJ__UNVERIFIED/NPJ_sample7/wang_style_cellcell_intra"	"intra.R2"	94.8953752143987
"M09"	"/home/data/t070721/codex_workspace/Bladder Metabolism/spatial_ecology_top20_v2/06_mistyr/by_dataset/NPJ__UNVERIFIED/NPJ_sample7/wang_style_cellcell_intra"	"multi.RMSE"	0.444975792269007
"M09"	"/home/data/t070721/codex_workspace/Bladder Metabolism/spatial_ecology_top20_v2/06_mistyr/by_dataset/NPJ__UNVERIFIED/NPJ_sample7/wang_style_cellcell_intra"	"multi.R2"	94.8953752143987
"M09"	"/home/data/t070721/codex_workspace/Bladder Metabolism/spatial_ecology_top20_v2/06_mistyr/by_dataset/NPJ__UNVERIFIED/NPJ_sample7/wang_style_cellcell_intra"	"p.RMSE"	0.5
"M09"	"/home/data/t070721/codex_workspace/Bladder Metabolism/spatial_ecology_top20_v2/06_mistyr/by_dataset/NPJ__UNVERIFIED/NPJ_sample7/wang_style_cellcell_intra"	"p.R2"	0.5
"M09"	"/home/data/t070721/codex_workspace/Bladder Metabolism/spatial_ecology_top20_v2/06_mistyr/by_dataset/NPJ__UNVERIFIED/NPJ_sample7/wang_style_cellcell_intra"	"gain.RMSE"	0
"M09"	"/home/data/t070721/codex_workspace/Bladder Metabolism/spatial_ecology_top20_v2/06_mistyr/by_dataset/NPJ__UNVERIFIED/NPJ_sample7/wang_style_cellcell_intra"	"gain.R2"	0
