fold	n_train	n_test	r2	rmse	mae	target
1	3047	339	0.950057183943337	0.44523590494665	0.298180482558792	M09
2	3047	339	0.959735587296206	0.431445147299067	0.296867668819536	M09
3	3047	339	0.942343181521762	0.459138004648491	0.297337342171867	M09
4	3046	340	0.944455661762404	0.447740263069935	0.2848903157127	M09
5	3048	338	0.950526020263064	0.434808889539645	0.300736656260173	M09
6	3048	338	0.95325238971349	0.441262460307792	0.298217109174956	M09
7	3049	337	0.953492400234643	0.418177339820655	0.286928515230211	M09
8	3047	339	0.950627589753921	0.419460636410019	0.296919789917076	M09
9	3047	339	0.928325391994617	0.521491385382067	0.334540195250117	M09
10	3048	338	0.956722114956424	0.430997891265754	0.288984241121264	M09
