cluster	n_cells	member_hash	representation	resolution	partition	result_id	cluster_numeric
"C4"	10265	"cb8888bd578bd143010b9b65c491faf6828bc5b298570de20e2816d0379551c0"	"FULL_RAW"	0.5	"FULL_RAW_r0.50"	"FULL_RAW_r0.50__C4"	4
"C9"	8528	"6bf7abf3eeab8065884ab5ad4b5134693b05cee8648a84682d238d3504e83260"	"FULL_RAW"	0.5	"FULL_RAW_r0.50"	"FULL_RAW_r0.50__C9"	9
"C1"	17530	"d3c0680130025f7993836dc4d2e1ad55483aec74736e535ab169e8ef83ec1624"	"FULL_RAW"	0.5	"FULL_RAW_r0.50"	"FULL_RAW_r0.50__C1"	1
"C3"	10480	"df16501591fec2fc916184462d4a93637d25d2d563fa1462f5abe2e12fe03468"	"FULL_RAW"	0.5	"FULL_RAW_r0.50"	"FULL_RAW_r0.50__C3"	3
"C2"	12908	"3a25e3ab3c3131af1c45a126117538d6b1972141f195f4552da67a2585dbe648"	"FULL_RAW"	0.5	"FULL_RAW_r0.50"	"FULL_RAW_r0.50__C2"	2
"C14"	4123	"fd82b9b36aa885ba1aaa5978e192859ab17a061d4da86bfb49e4e270c0fa5d2c"	"FULL_RAW"	0.5	"FULL_RAW_r0.50"	"FULL_RAW_r0.50__C14"	14
"C12"	5244	"fd5dae43798a715d6d7810c1015d013e427a391c10267728b10fb3e335a94abe"	"FULL_RAW"	0.5	"FULL_RAW_r0.50"	"FULL_RAW_r0.50__C12"	12
"C10"	7960	"79cbc818efa93f16bf955fd19a16af698ff44fa11ac467e41e8c8ed5f740735d"	"FULL_RAW"	0.5	"FULL_RAW_r0.50"	"FULL_RAW_r0.50__C10"	10
"C6"	8786	"6acf1fc4e085ea179fa11c98157c03c83dd4f64a0344f1921d288bf33afe525f"	"FULL_RAW"	0.5	"FULL_RAW_r0.50"	"FULL_RAW_r0.50__C6"	6
"C8"	8714	"de29aec96d83a9071ceddab35d31d528d5f82ed30d9f639d466d9ceba2ddfeb2"	"FULL_RAW"	0.5	"FULL_RAW_r0.50"	"FULL_RAW_r0.50__C8"	8
"C11"	6057	"8df7508ebac01de1831201b7b0962d5152f84f289a5a8e0829e76a969183840c"	"FULL_RAW"	0.5	"FULL_RAW_r0.50"	"FULL_RAW_r0.50__C11"	11
"C13"	4556	"aaa682de6e06eb5684fa949ff8f59b36251fc52afd3046638f5ebcd856ca7c18"	"FULL_RAW"	0.5	"FULL_RAW_r0.50"	"FULL_RAW_r0.50__C13"	13
"C7"	8737	"4d221b61cbd5a8a8c4886cb842b5647635a844715c5e1c4add6d86f8532acda7"	"FULL_RAW"	0.5	"FULL_RAW_r0.50"	"FULL_RAW_r0.50__C7"	7
"C5"	9547	"1657c149edc05a58a372271b31e6dd2186c1f4b43553a2f8e12150cfc94ce7e3"	"FULL_RAW"	0.5	"FULL_RAW_r0.50"	"FULL_RAW_r0.50__C5"	5
"C15"	264	"b56bcb1e947aad7140390cf581b0e3a64c6695834b7061d19ef8c2bd21ef5dde"	"FULL_RAW"	0.5	"FULL_RAW_r0.50"	"FULL_RAW_r0.50__C15"	15
