section_id	barcode	spatial_fold	analysis_eligible_legacy
"GSE319536_BC19"	"AACAGGATTCATAGTT-1"	4	TRUE
"GSE319536_BC19"	"AACAGTCAGGCTCCGC-1"	1	TRUE
"GSE319536_BC19"	"AACATACTCATATGCG-1"	4	TRUE
"GSE319536_BC19"	"AACATAGTCTATCTAC-1"	5	TRUE
"GSE319536_BC19"	"AACATCTTAAGGCTCA-1"	1	TRUE
"GSE319536_BC19"	"AACCAATCTGGTTGGC-1"	4	TRUE
"GSE319536_BC19"	"AACCTACCTACCGGTT-1"	1	TRUE
"GSE319536_BC19"	"AACCTTAGCGTCCGGT-1"	5	TRUE
"GSE319536_BC19"	"AACGAATTGACCGGTT-1"	2	TRUE
"GSE319536_BC19"	"AACGAGCCTCTTCGGC-1"	3	TRUE
"GSE319536_BC19"	"AACGCATGCCTCAATA-1"	1	TRUE
"GSE319536_BC19"	"AACGGTAATCGACCTG-1"	4	TRUE
"GSE319536_BC19"	"AACTAGCATCACGTAC-1"	5	TRUE
"GSE319536_BC19"	"AACTCACCTCGGTGTT-1"	1	TRUE
"GSE319536_BC19"	"AACTTCATCTTCTGGT-1"	2	TRUE
"GSE319536_BC19"	"AACTTGGTTACATAAC-1"	3	TRUE
"GSE319536_BC19"	"AAGACTAAGGAGATCC-1"	4	TRUE
"GSE319536_BC19"	"AAGACTGTCATAGTGC-1"	2	TRUE
"GSE319536_BC19"	"AAGATTCTGGTCGCGA-1"	1	TRUE
"GSE319536_BC19"	"AAGCAGTGAGTGCGAC-1"	4	TRUE
"GSE319536_BC19"	"AAGCAGTGGCTCATCC-1"	4	TRUE
"GSE319536_BC19"	"AAGCCACCATTCAAGA-1"	4	TRUE
"GSE319536_BC19"	"AAGCCAGATATCAGAA-1"	5	TRUE
"GSE319536_BC19"	"AAGCCAGGCCGACGTG-1"	2	TRUE
"GSE319536_BC19"	"AAGCCAGGTTACGAAC-1"	4	TRUE
"GSE319536_BC19"	"AAGCCATCCGTGCTAT-1"	4	TRUE
"GSE319536_BC19"	"AAGCGAGGAAGTGAAC-1"	1	TRUE
"GSE319536_BC19"	"AAGGCCAGCAATCGCC-1"	1	TRUE
"GSE319536_BC19"	"AAGGTGGATATGATCG-1"	4	TRUE
"GSE319536_BC19"	"AAGTCTTAAGTTGCCA-1"	2	TRUE
"GSE319536_BC19"	"AATAACTCTACGATGT-1"	1	TRUE
"GSE319536_BC19"	"AATACGCATATCCAGA-1"	1	TRUE
"GSE319536_BC19"	"AATACTAACCACTTAT-1"	4	TRUE
"GSE319536_BC19"	"AATAGTCGTTATCTAG-1"	4	TRUE
"GSE319536_BC19"	"AATCCGCCGACCTGAG-1"	5	TRUE
"GSE319536_BC19"	"AATCCGCCTGGTCAAT-1"	2	TRUE
"GSE319536_BC19"	"AATCCTCGTCACAGGC-1"	2	TRUE
"GSE319536_BC19"	"AATCGAATGTAACAGT-1"	2	TRUE
"GSE319536_BC19"	"AATCTGCGAGACGTTC-1"	1	TRUE
"GSE319536_BC19"	"AATCTGCGTTCCTTAC-1"	1	TRUE
"GSE319536_BC19"	"AATGAACTACGTCCAG-1"	5	TRUE
"GSE319536_BC19"	"AATGCCGCGATTGAGC-1"	4	TRUE
"GSE319536_BC19"	"AATGCGAACCTCGCGT-1"	4	TRUE
"GSE319536_BC19"	"AATGGTCTCGAGCGCT-1"	1	TRUE
"GSE319536_BC19"	"AATGTAGTCTTACGAG-1"	3	TRUE
"GSE319536_BC19"	"AATTGGCTTGAGTTGC-1"	4	TRUE
"GSE319536_BC19"	"AATTGTAGAATCCTAG-1"	5	TRUE
"GSE319536_BC19"	"ACAACGTGAATTCACG-1"	1	TRUE
"GSE319536_BC19"	"ACAATACACTTCCATC-1"	1	TRUE
"GSE319536_BC19"	"ACAATACGCCTTATTC-1"	1	TRUE
"GSE319536_BC19"	"ACAGGACTGAGCCGAT-1"	5	TRUE
"GSE319536_BC19"	"ACAGTACGCACTACCT-1"	3	TRUE
"GSE319536_BC19"	"ACAGTTGAGGCTAATG-1"	5	TRUE
"GSE319536_BC19"	"ACATAAGACGCATATG-1"	1	TRUE
"GSE319536_BC19"	"ACATGTTGCTTGATCT-1"	4	TRUE
"GSE319536_BC19"	"ACATTGGTTCTGCCGT-1"	4	TRUE
"GSE319536_BC19"	"ACCAGCACTCCAATAC-1"	5	TRUE
"GSE319536_BC19"	"ACCGAGGTGATACCGA-1"	4	TRUE
"GSE319536_BC19"	"ACCTAAGTAGAACAGA-1"	2	TRUE
"GSE319536_BC19"	"ACCTATGCTACCGGAT-1"	3	TRUE
"GSE319536_BC19"	"ACCTGCCACTATCAAT-1"	2	TRUE
"GSE319536_BC19"	"ACCTGCTTATAGTTCG-1"	1	TRUE
"GSE319536_BC19"	"ACCTGCTTCCACATTG-1"	1	TRUE
"GSE319536_BC19"	"ACCTGTGGTCACCTCG-1"	2	TRUE
"GSE319536_BC19"	"ACCTTCGGTGCTACGA-1"	2	TRUE
"GSE319536_BC19"	"ACGACTGAAGACTTAC-1"	2	TRUE
"GSE319536_BC19"	"ACGATGCTCCAATACA-1"	2	TRUE
"GSE319536_BC19"	"ACGCACATTGTAAGTA-1"	4	TRUE
"GSE319536_BC19"	"ACGCGGAAGAGTTCCG-1"	4	TRUE
"GSE319536_BC19"	"ACGCGTCGGTGAGGTT-1"	3	TRUE
"GSE319536_BC19"	"ACGCTCAGTGCTATTC-1"	3	TRUE
"GSE319536_BC19"	"ACGCTGCGATTAACGA-1"	3	TRUE
"GSE319536_BC19"	"ACGGCCGGAACGCTAG-1"	2	TRUE
"GSE319536_BC19"	"ACGGCCGTGACATTAA-1"	5	TRUE
"GSE319536_BC19"	"ACGGCTTATTGGTATG-1"	4	TRUE
"GSE319536_BC19"	"ACGGTTCGTACAGTTG-1"	2	TRUE
"GSE319536_BC19"	"ACGTGCAATTATTCGG-1"	2	TRUE
"GSE319536_BC19"	"ACGTTAATACAATGAC-1"	4	TRUE
"GSE319536_BC19"	"ACTACGTCTAATGGCC-1"	1	TRUE
"GSE319536_BC19"	"ACTAGATCTGAAGCGG-1"	1	TRUE
"GSE319536_BC19"	"ACTATTGTTCGCACAG-1"	2	TRUE
"GSE319536_BC19"	"ACTCAGCGGTAGATTG-1"	1	TRUE
"GSE319536_BC19"	"ACTCAGCTTCTGAGAC-1"	2	TRUE
"GSE319536_BC19"	"ACTCCAGTAGCTCCAG-1"	2	TRUE
"GSE319536_BC19"	"ACTCCTATGTTCCTAC-1"	4	TRUE
"GSE319536_BC19"	"ACTCTACTTCCGCATT-1"	2	TRUE
"GSE319536_BC19"	"ACTGCCGTTGGTGAGC-1"	3	TRUE
"GSE319536_BC19"	"ACTTAAGCCAGTAGGA-1"	5	TRUE
"GSE319536_BC19"	"ACTTGAGCCGTTCTTA-1"	4	TRUE
"GSE319536_BC19"	"AGAAGCTTGCCTCCGC-1"	1	TRUE
"GSE319536_BC19"	"AGAAGTTGAGCGCAAG-1"	1	TRUE
"GSE319536_BC19"	"AGACCGCCGGCCAATG-1"	4	TRUE
"GSE319536_BC19"	"AGACCTCAGCGAGGTG-1"	4	TRUE
"GSE319536_BC19"	"AGACGGCCTTACGGAG-1"	3	TRUE
"GSE319536_BC19"	"AGACTCAGACAGATAA-1"	3	TRUE
"GSE319536_BC19"	"AGACTCCTTATCATAC-1"	1	TRUE
"GSE319536_BC19"	"AGATACAAGGATGGTG-1"	5	TRUE
"GSE319536_BC19"	"AGATAGGTGAATTGCC-1"	1	TRUE
"GSE319536_BC19"	"AGATCAACTCGCTATG-1"	4	TRUE
"GSE319536_BC19"	"AGATCAGTCGATAGAA-1"	4	TRUE
"GSE319536_BC19"	"AGATCTAACGTAATGT-1"	1	TRUE
"GSE319536_BC19"	"AGCACGCTCGATCTAA-1"	2	TRUE
"GSE319536_BC19"	"AGCAGGTAAGTATCTG-1"	1	TRUE
"GSE319536_BC19"	"AGCCGTAGTGGAGTGC-1"	5	TRUE
"GSE319536_BC19"	"AGCCGTATCTTCGTCT-1"	1	TRUE
"GSE319536_BC19"	"AGCGAGAACAGATTCT-1"	2	TRUE
"GSE319536_BC19"	"AGCGCAGATGAGGTGC-1"	1	TRUE
"GSE319536_BC19"	"AGCGGCGAATAATCTT-1"	5	TRUE
"GSE319536_BC19"	"AGCGGTGCAGGCATCT-1"	3	TRUE
"GSE319536_BC19"	"AGCGTGCTTCGCTCAT-1"	3	TRUE
"GSE319536_BC19"	"AGCGTTATACCTGTTG-1"	3	TRUE
"GSE319536_BC19"	"AGCTATAAGTCCAGCA-1"	2	TRUE
"GSE319536_BC19"	"AGCTATAGAATAGTCT-1"	4	TRUE
"GSE319536_BC19"	"AGCTCAACATCGTCCG-1"	3	TRUE
"GSE319536_BC19"	"AGCTGTCCAGATGCTA-1"	2	TRUE
"GSE319536_BC19"	"AGCTTGAGTCAGGCCG-1"	4	TRUE
"GSE319536_BC19"	"AGGACCGCAATAGTTA-1"	2	TRUE
"GSE319536_BC19"	"AGGAGCATCACTCAGC-1"	1	TRUE
"GSE319536_BC19"	"AGGCATTAAGTCTGGC-1"	2	TRUE
"GSE319536_BC19"	"AGGCCGCAGAATAACG-1"	1	TRUE
"GSE319536_BC19"	"AGGTCTCACGCCAATA-1"	2	TRUE
"GSE319536_BC19"	"AGGTGAGCAATGTCTT-1"	4	TRUE
"GSE319536_BC19"	"AGGTGGACTTGCCACC-1"	1	TRUE
"GSE319536_BC19"	"AGGTGGCACTTGTCAG-1"	4	TRUE
"GSE319536_BC19"	"AGGTTACATTCCACGC-1"	5	TRUE
"GSE319536_BC19"	"AGGTTCCACGCCGAAG-1"	3	TRUE
"GSE319536_BC19"	"AGTAGAGCATGGACGT-1"	2	TRUE
"GSE319536_BC19"	"AGTATTGGTATGTCTA-1"	2	TRUE
"GSE319536_BC19"	"AGTCCGTGATCACTAC-1"	4	TRUE
"GSE319536_BC19"	"AGTCGTTGCCTTACCT-1"	5	TRUE
"GSE319536_BC19"	"AGTCTAGGATTGTCAC-1"	1	TRUE
"GSE319536_BC19"	"AGTGAGGTCTGTGCTC-1"	5	TRUE
"GSE319536_BC19"	"AGTTAAGACTGGCTCC-1"	4	TRUE
"GSE319536_BC19"	"AGTTATCCTGAACGAA-1"	2	TRUE
"GSE319536_BC19"	"AGTTCAGTTCATACAT-1"	2	TRUE
"GSE319536_BC19"	"AGTTCGTCTAGTGCAG-1"	4	TRUE
"GSE319536_BC19"	"AGTTGGAAGAGTATTG-1"	5	TRUE
"GSE319536_BC19"	"AGTTGGACGTTGGTAT-1"	1	TRUE
"GSE319536_BC19"	"ATAACCTAGAACCTGC-1"	2	TRUE
"GSE319536_BC19"	"ATAAGGAGCCGTGATG-1"	1	TRUE
"GSE319536_BC19"	"ATAATCGTAGTTATTC-1"	2	TRUE
"GSE319536_BC19"	"ATACATCACGCCTTCT-1"	4	TRUE
"GSE319536_BC19"	"ATACATCATGCACCAA-1"	2	TRUE
"GSE319536_BC19"	"ATACTAGCCATTAGTT-1"	1	TRUE
"GSE319536_BC19"	"ATACTATCAACTTGTA-1"	2	TRUE
"GSE319536_BC19"	"ATACTATGCCAGTGAG-1"	1	TRUE
"GSE319536_BC19"	"ATAGACATGGCTATGG-1"	2	TRUE
"GSE319536_BC19"	"ATAGATTGAGTTCGAG-1"	2	TRUE
"GSE319536_BC19"	"ATAGCTTCACAACCGT-1"	3	TRUE
"GSE319536_BC19"	"ATAGGCCGATGATCTA-1"	2	TRUE
"GSE319536_BC19"	"ATAGTTCGGTTCCAGA-1"	5	TRUE
"GSE319536_BC19"	"ATCACGTTCAATGATA-1"	5	TRUE
"GSE319536_BC19"	"ATCACTTAGGCCTTGT-1"	1	TRUE
"GSE319536_BC19"	"ATCCGAACGCAACCTT-1"	5	TRUE
"GSE319536_BC19"	"ATCCGATGTCTGTCAC-1"	5	TRUE
"GSE319536_BC19"	"ATCCGGATCGCCGTAT-1"	5	TRUE
"GSE319536_BC19"	"ATCCGGATGACGTAAC-1"	1	TRUE
"GSE319536_BC19"	"ATCCGGTATCACAAGT-1"	2	TRUE
"GSE319536_BC19"	"ATCCGTAGTGTCGCTC-1"	2	TRUE
"GSE319536_BC19"	"ATCCGTGGAACTTCAA-1"	5	TRUE
"GSE319536_BC19"	"ATCGACCGGAGTATCG-1"	5	TRUE
"GSE319536_BC19"	"ATCGATGTCAGATAGA-1"	1	TRUE
"GSE319536_BC19"	"ATCGTCAGTTAGTCCA-1"	2	TRUE
"GSE319536_BC19"	"ATCGTCTTAACGAAGG-1"	3	TRUE
"GSE319536_BC19"	"ATCTACCATATTCCAG-1"	4	TRUE
"GSE319536_BC19"	"ATCTACTCACATCTCC-1"	3	TRUE
"GSE319536_BC19"	"ATCTGGATCCTCAGAC-1"	3	TRUE
"GSE319536_BC19"	"ATGAACAATCGATGCG-1"	5	TRUE
"GSE319536_BC19"	"ATGACGAGATCATTAA-1"	5	TRUE
"GSE319536_BC19"	"ATGAGCTATTCGAAGA-1"	3	TRUE
"GSE319536_BC19"	"ATGAGTACGCTTCCTA-1"	3	TRUE
"GSE319536_BC19"	"ATGATAATTCCTTGCG-1"	2	TRUE
"GSE319536_BC19"	"ATGCATGTATGTGAGT-1"	4	TRUE
"GSE319536_BC19"	"ATGCATGTCACTCGTG-1"	3	TRUE
"GSE319536_BC19"	"ATGCCAGCTGCCATCT-1"	4	TRUE
"GSE319536_BC19"	"ATGCTCGCCTCCAATT-1"	1	TRUE
"GSE319536_BC19"	"ATGCTGCGGATGGTTG-1"	2	TRUE
"GSE319536_BC19"	"ATGGAGGCCACGGCTT-1"	4	TRUE
"GSE319536_BC19"	"ATGGAGTCTTCGCAGT-1"	3	TRUE
"GSE319536_BC19"	"ATGGTAACGGACCGGA-1"	4	TRUE
"GSE319536_BC19"	"ATGTACAGTGCCTATG-1"	2	TRUE
"GSE319536_BC19"	"ATGTAGCCGACCAAGG-1"	5	TRUE
"GSE319536_BC19"	"ATGTATCCATAAGTTG-1"	2	TRUE
"GSE319536_BC19"	"ATGTATGTACTATCTT-1"	5	TRUE
"GSE319536_BC19"	"ATGTCGCATTGATTGC-1"	5	TRUE
"GSE319536_BC19"	"ATGTCGGACTGAAGTA-1"	4	TRUE
"GSE319536_BC19"	"ATGTCGGATAAGCCGA-1"	4	TRUE
"GSE319536_BC19"	"ATGTCTAACTGGCGAA-1"	5	TRUE
"GSE319536_BC19"	"ATGTTCTGCCTTATCT-1"	4	TRUE
"GSE319536_BC19"	"ATTAAGCGTCCTGCCG-1"	5	TRUE
"GSE319536_BC19"	"ATTAAGTGGCCTAAGG-1"	3	TRUE
"GSE319536_BC19"	"ATTACCTTCGCAGAAG-1"	4	TRUE
"GSE319536_BC19"	"ATTACTGTACGCGGTG-1"	3	TRUE
"GSE319536_BC19"	"ATTAGTGCTTGGTCAT-1"	3	TRUE
"GSE319536_BC19"	"ATTATCACAACTCGGC-1"	1	TRUE
"GSE319536_BC19"	"ATTATCCAGGTGAAGT-1"	3	TRUE
"GSE319536_BC19"	"ATTATGATACTGCGCA-1"	4	TRUE
"GSE319536_BC19"	"ATTATGTTAAGGTAGT-1"	5	TRUE
"GSE319536_BC19"	"ATTCAGTCACCGCCAT-1"	1	TRUE
"GSE319536_BC19"	"ATTCCATTGTGAACGC-1"	1	TRUE
"GSE319536_BC19"	"ATTCCTTCGAAGGTGC-1"	1	TRUE
"GSE319536_BC19"	"ATTCTGAGTACTGTAG-1"	4	TRUE
"GSE319536_BC19"	"ATTGATAACACTAAGA-1"	4	TRUE
"GSE319536_BC19"	"ATTGGCTAACAGACAA-1"	1	TRUE
"GSE319536_BC19"	"ATTGTTATACTTCACG-1"	4	TRUE
"GSE319536_BC19"	"CAACCGTATTACTGTA-1"	2	TRUE
"GSE319536_BC19"	"CAACTGACAAGACAAG-1"	2	TRUE
"GSE319536_BC19"	"CAAGATAAGTGCAATG-1"	1	TRUE
"GSE319536_BC19"	"CAAGGTCTCAATACAG-1"	3	TRUE
"GSE319536_BC19"	"CAAGTACTCCGCATCG-1"	1	TRUE
"GSE319536_BC19"	"CAAGTATCGGCAACCA-1"	5	TRUE
"GSE319536_BC19"	"CAAGTGTTGACGGCCA-1"	1	TRUE
"GSE319536_BC19"	"CAATAACTACATTAAC-1"	3	TRUE
"GSE319536_BC19"	"CAATCTATGAGGTCAG-1"	2	TRUE
"GSE319536_BC19"	"CAATGCGGATGCTGGT-1"	2	TRUE
"GSE319536_BC19"	"CAATTGTTGACGTGAG-1"	4	TRUE
"GSE319536_BC19"	"CACCATTCTTACGAGC-1"	2	TRUE
"GSE319536_BC19"	"CACCTAGAATACTTCT-1"	3	TRUE
"GSE319536_BC19"	"CACCTCGAGGACTCTA-1"	1	TRUE
"GSE319536_BC19"	"CACCTTAGCTATTGTC-1"	4	TRUE
"GSE319536_BC19"	"CACGCCTGGCGAATGT-1"	5	TRUE
"GSE319536_BC19"	"CACGGCGTCAGCCTGC-1"	2	TRUE
"GSE319536_BC19"	"CACGTCCAATTCGACT-1"	5	TRUE
"GSE319536_BC19"	"CACGTCCATCTACTGA-1"	4	TRUE
"GSE319536_BC19"	"CACTACTGCGGAATTG-1"	2	TRUE
"GSE319536_BC19"	"CACTCAGTGGTCCTTC-1"	5	TRUE
"GSE319536_BC19"	"CACTCATCACGTTACG-1"	4	TRUE
"GSE319536_BC19"	"CACTGGTGAGTTATCG-1"	3	TRUE
"GSE319536_BC19"	"CAGAACATGATAGGAC-1"	1	TRUE
"GSE319536_BC19"	"CAGAAGATTAGAATGG-1"	1	TRUE
"GSE319536_BC19"	"CAGAGGCACTTAAGTC-1"	2	TRUE
"GSE319536_BC19"	"CAGAGGCAGCACATGG-1"	1	TRUE
"GSE319536_BC19"	"CAGCCATGTCTGCCGT-1"	3	TRUE
"GSE319536_BC19"	"CAGCCTCGTGGCTCAC-1"	3	TRUE
"GSE319536_BC19"	"CAGGCCAACAGCGAGT-1"	5	TRUE
"GSE319536_BC19"	"CAGTATACTGCAGCAA-1"	1	TRUE
"GSE319536_BC19"	"CAGTCTGGTAATCTAC-1"	4	TRUE
"GSE319536_BC19"	"CAGTGAAGATACATAA-1"	3	TRUE
"GSE319536_BC19"	"CAGTGCCTTGCGGTCT-1"	4	TRUE
"GSE319536_BC19"	"CATACAATGAGTAGCT-1"	3	TRUE
"GSE319536_BC19"	"CATCCGTGGTCGTAAG-1"	1	TRUE
"GSE319536_BC19"	"CATCCTGGTACCTGCT-1"	2	TRUE
"GSE319536_BC19"	"CATCGCGGATGATATG-1"	1	TRUE
"GSE319536_BC19"	"CATGATAGGCCATGAG-1"	4	TRUE
"GSE319536_BC19"	"CATGATGCATGTGCTA-1"	3	TRUE
"GSE319536_BC19"	"CATGCAGAAGTCAGGA-1"	1	TRUE
"GSE319536_BC19"	"CATGCATATGACGTCG-1"	3	TRUE
"GSE319536_BC19"	"CATGGCTACTGTACGT-1"	5	TRUE
"GSE319536_BC19"	"CATGGTGAGGCAGCAT-1"	5	TRUE
"GSE319536_BC19"	"CATGTCCACCTGCGTC-1"	4	TRUE
"GSE319536_BC19"	"CATTCTCCAGTCACCA-1"	5	TRUE
"GSE319536_BC19"	"CATTGCTATGTTAGCT-1"	4	TRUE
"GSE319536_BC19"	"CCAATCTAACGTGACG-1"	1	TRUE
"GSE319536_BC19"	"CCACATGGCGACGTCT-1"	3	TRUE
"GSE319536_BC19"	"CCACGGTACACCAACC-1"	3	TRUE
"GSE319536_BC19"	"CCACGTGCCACCTCAA-1"	2	TRUE
"GSE319536_BC19"	"CCAGAACCGTGCATCC-1"	5	TRUE
"GSE319536_BC19"	"CCAGATGATATGTAGG-1"	5	TRUE
"GSE319536_BC19"	"CCAGATTGTAGCCTAC-1"	4	TRUE
"GSE319536_BC19"	"CCAGCGGATTCCGCTG-1"	3	TRUE
"GSE319536_BC19"	"CCATCTGTGGCATCGT-1"	2	TRUE
"GSE319536_BC19"	"CCATGGTTCCAATGTC-1"	5	TRUE
"GSE319536_BC19"	"CCATTGGCAATTCTCA-1"	2	TRUE
"GSE319536_BC19"	"CCGCAAGTAGCGGACT-1"	3	TRUE
"GSE319536_BC19"	"CCGCCACTGCGTTGGC-1"	1	TRUE
"GSE319536_BC19"	"CCGGATCTCCGAAGCG-1"	5	TRUE
"GSE319536_BC19"	"CCGGCGAGAATATTGA-1"	2	TRUE
"GSE319536_BC19"	"CCGGCGCTAAGGATGA-1"	3	TRUE
"GSE319536_BC19"	"CCGTGCTGGCAATATG-1"	5	TRUE
"GSE319536_BC19"	"CCTAACGCGATTGCAT-1"	5	TRUE
"GSE319536_BC19"	"CCTAACTTATGTTGGA-1"	1	TRUE
"GSE319536_BC19"	"CCTAATCCACAAGGAT-1"	1	TRUE
"GSE319536_BC19"	"CCTACACCGACATTAC-1"	3	TRUE
"GSE319536_BC19"	"CCTACCATGTGATCAC-1"	3	TRUE
"GSE319536_BC19"	"CCTAGCCTTCATCGGC-1"	4	TRUE
"GSE319536_BC19"	"CCTATGCCAGCAATCC-1"	5	TRUE
"GSE319536_BC19"	"CCTCACTTCCTTCCGA-1"	3	TRUE
"GSE319536_BC19"	"CCTCTACCGTGATTGG-1"	2	TRUE
"GSE319536_BC19"	"CCTCTTCGAGCGGTTG-1"	2	TRUE
"GSE319536_BC19"	"CCTGAAGCAATGCACG-1"	1	TRUE
"GSE319536_BC19"	"CCTGCTCGCCGTCCAG-1"	3	TRUE
"GSE319536_BC19"	"CCTGTCTAAGTAGGCT-1"	2	TRUE
"GSE319536_BC19"	"CCTGTCTGATAGGTGA-1"	2	TRUE
"GSE319536_BC19"	"CCTTAGTCTGTCACTG-1"	3	TRUE
"GSE319536_BC19"	"CCTTAGTTATACCAGA-1"	2	TRUE
"GSE319536_BC19"	"CCTTCCAACCTTCAGA-1"	3	TRUE
"GSE319536_BC19"	"CGAAGATCCGAAGGCA-1"	5	TRUE
"GSE319536_BC19"	"CGAAGTCGTTGGCTCG-1"	1	TRUE
"GSE319536_BC19"	"CGACAATTCGTCATGT-1"	5	TRUE
"GSE319536_BC19"	"CGACCAAGGTGAGCCG-1"	1	TRUE
"GSE319536_BC19"	"CGACGCTCCGCACGTG-1"	4	TRUE
"GSE319536_BC19"	"CGACTAGGTCCTTAAC-1"	4	TRUE
"GSE319536_BC19"	"CGAGATGCGGTATGCG-1"	4	TRUE
"GSE319536_BC19"	"CGAGCGGCACAGTAGG-1"	1	TRUE
"GSE319536_BC19"	"CGAGTCATCCGCACCA-1"	3	TRUE
"GSE319536_BC19"	"CGAGTCCGTTGGAACT-1"	3	TRUE
"GSE319536_BC19"	"CGATAAGGATAGGCAA-1"	3	TRUE
"GSE319536_BC19"	"CGATGCACCAGGCCTC-1"	2	TRUE
"GSE319536_BC19"	"CGCACGTGACTGTTGG-1"	3	TRUE
"GSE319536_BC19"	"CGCAGACACTGGCGTA-1"	5	TRUE
"GSE319536_BC19"	"CGCAGATAGATGTTCT-1"	3	TRUE
"GSE319536_BC19"	"CGCCATGAGGCGATGA-1"	2	TRUE
"GSE319536_BC19"	"CGCCGGTATCTAGCAC-1"	4	TRUE
"GSE319536_BC19"	"CGCCTAACTTGATGGT-1"	5	TRUE
"GSE319536_BC19"	"CGCCTCGTACGAAGGC-1"	5	TRUE
"GSE319536_BC19"	"CGCCTCTAATTCGCGG-1"	2	TRUE
"GSE319536_BC19"	"CGCTATAGTCTTCATC-1"	1	TRUE
"GSE319536_BC19"	"CGCTCGCAATTGGCGA-1"	3	TRUE
"GSE319536_BC19"	"CGCTGCAATCGCTGTT-1"	5	TRUE
"GSE319536_BC19"	"CGCTTGCGTACGGCAC-1"	1	TRUE
"GSE319536_BC19"	"CGGAGCGGTAAGACGC-1"	2	TRUE
"GSE319536_BC19"	"CGGAGCTCACTTGCAT-1"	2	TRUE
"GSE319536_BC19"	"CGGAGTAAGTGCACAT-1"	4	TRUE
"GSE319536_BC19"	"CGGAGTCTTACGTGAA-1"	3	TRUE
"GSE319536_BC19"	"CGGATGTTGAACCACG-1"	5	TRUE
"GSE319536_BC19"	"CGGATTGCGTCTACCT-1"	5	TRUE
"GSE319536_BC19"	"CGGCCTGCGATCGATG-1"	3	TRUE
"GSE319536_BC19"	"CGGCGTAGCGCTAGGA-1"	4	TRUE
"GSE319536_BC19"	"CGGCTCGTGGAGTACT-1"	4	TRUE
"GSE319536_BC19"	"CGGTAGAACGTGACTT-1"	3	TRUE
"GSE319536_BC19"	"CGGTAGATTCCTATGC-1"	3	TRUE
"GSE319536_BC19"	"CGGTAGTGAGGCCGTT-1"	1	TRUE
"GSE319536_BC19"	"CGGTCAACGGCGGATT-1"	3	TRUE
"GSE319536_BC19"	"CGGTCATGGAGGACTC-1"	4	TRUE
"GSE319536_BC19"	"CGGTCCATTACAACTA-1"	3	TRUE
"GSE319536_BC19"	"CGGTCCGGTTCTTAGC-1"	4	TRUE
"GSE319536_BC19"	"CGGTCTAGATCGAATG-1"	5	TRUE
"GSE319536_BC19"	"CGGTCTGCTTGAATGA-1"	4	TRUE
"GSE319536_BC19"	"CGGTGAACGGTTAGAT-1"	4	TRUE
"GSE319536_BC19"	"CGGTTATCTGTCTTAA-1"	2	TRUE
"GSE319536_BC19"	"CGTAAGCCGACCGCTT-1"	4	TRUE
"GSE319536_BC19"	"CGTACAGACGAGGACC-1"	1	TRUE
"GSE319536_BC19"	"CGTACAGGATTGGAAT-1"	5	TRUE
"GSE319536_BC19"	"CGTACATCACTGGATG-1"	2	TRUE
"GSE319536_BC19"	"CGTAGCCAAGTCCGTC-1"	3	TRUE
"GSE319536_BC19"	"CGTCCATAATCCGCTT-1"	5	TRUE
"GSE319536_BC19"	"CGTCCATCCTAGCATC-1"	5	TRUE
"GSE319536_BC19"	"CGTCCATCGTCCAATA-1"	4	TRUE
"GSE319536_BC19"	"CGTCGGCAGACGGTAT-1"	3	TRUE
"GSE319536_BC19"	"CGTGAGGCCTACAAGT-1"	1	TRUE
"GSE319536_BC19"	"CGTGGCTCCTTGTCTT-1"	2	TRUE
"GSE319536_BC19"	"CGTGTAGTATTCTTGG-1"	1	TRUE
"GSE319536_BC19"	"CGTGTTAACCTGAAGC-1"	4	TRUE
"GSE319536_BC19"	"CGTGTTACCATATGTA-1"	3	TRUE
"GSE319536_BC19"	"CGTTGGTCGTCACTGT-1"	3	TRUE
"GSE319536_BC19"	"CTACAGATCGGTCGCC-1"	2	TRUE
"GSE319536_BC19"	"CTACAGGTCGCTAAGC-1"	5	TRUE
"GSE319536_BC19"	"CTACGAGCCTGGAGAC-1"	4	TRUE
"GSE319536_BC19"	"CTACGCTACATCTGTT-1"	1	TRUE
"GSE319536_BC19"	"CTAGACCTATCGTGCC-1"	1	TRUE
"GSE319536_BC19"	"CTATACCGACTCGCAT-1"	4	TRUE
"GSE319536_BC19"	"CTATAGGTTGATGCCT-1"	1	TRUE
"GSE319536_BC19"	"CTATCCGTACGTTGGC-1"	1	TRUE
"GSE319536_BC19"	"CTATGTCGTTCCGCTA-1"	2	TRUE
"GSE319536_BC19"	"CTATTAGTACTGGCTC-1"	2	TRUE
"GSE319536_BC19"	"CTATTCTGCAACGCAC-1"	1	TRUE
"GSE319536_BC19"	"CTCAAGATACAACGGA-1"	4	TRUE
"GSE319536_BC19"	"CTCACCAGGAATTGAC-1"	5	TRUE
"GSE319536_BC19"	"CTCACCTGGCTTAGGT-1"	5	TRUE
"GSE319536_BC19"	"CTCACGAGTAGATGAG-1"	4	TRUE
"GSE319536_BC19"	"CTCAGAAGACAACTCG-1"	4	TRUE
"GSE319536_BC19"	"CTCAGGATACGCGGCA-1"	4	TRUE
"GSE319536_BC19"	"CTCAGGCACGTCAGAC-1"	2	TRUE
"GSE319536_BC19"	"CTCAGGTCACTACAGC-1"	3	TRUE
"GSE319536_BC19"	"CTCAGGTCGTGCTCGC-1"	3	TRUE
"GSE319536_BC19"	"CTCATCCTCGGCAAGT-1"	2	TRUE
"GSE319536_BC19"	"CTCCAGAATATTACAT-1"	4	TRUE
"GSE319536_BC19"	"CTCCGGTTCAGCGGAT-1"	5	TRUE
"GSE319536_BC19"	"CTCCTGTCGAAGCCAA-1"	2	TRUE
"GSE319536_BC19"	"CTCGCATACTCAACTC-1"	4	TRUE
"GSE319536_BC19"	"CTCGCTGTTCATAGAT-1"	1	TRUE
"GSE319536_BC19"	"CTCGGAATTCTTGATA-1"	4	TRUE
"GSE319536_BC19"	"CTCGGAGTCTTAAGGA-1"	2	TRUE
"GSE319536_BC19"	"CTCGGTCTCCAACTGC-1"	3	TRUE
"GSE319536_BC19"	"CTGAAGGATCTGTACG-1"	2	TRUE
"GSE319536_BC19"	"CTGACTCGAATTCGTG-1"	4	TRUE
"GSE319536_BC19"	"CTGATTAACAGCGGCC-1"	5	TRUE
"GSE319536_BC19"	"CTGCCGCTTCGGCTGC-1"	1	TRUE
"GSE319536_BC19"	"CTGCCTGACACGGATT-1"	4	TRUE
"GSE319536_BC19"	"CTGCTCATTAGAGTGC-1"	2	TRUE
"GSE319536_BC19"	"CTGGAATAGGAATTAG-1"	5	TRUE
"GSE319536_BC19"	"CTGGCCTTGCATTCGG-1"	4	TRUE
"GSE319536_BC19"	"CTGGTGAGGTCTCGTC-1"	5	TRUE
"GSE319536_BC19"	"CTGGTGCACGATCAAG-1"	3	TRUE
"GSE319536_BC19"	"CTGTATGGCTCAACAT-1"	3	TRUE
"GSE319536_BC19"	"CTGTCAGATCGATGCG-1"	1	TRUE
"GSE319536_BC19"	"CTTACGAACTCCGTCC-1"	5	TRUE
"GSE319536_BC19"	"CTTACGACAACGATAC-1"	1	TRUE
"GSE319536_BC19"	"CTTACGTCATCCTTAT-1"	2	TRUE
"GSE319536_BC19"	"CTTAGCAACTAGGACC-1"	4	TRUE
"GSE319536_BC19"	"CTTAGCTTCGCTGACC-1"	3	TRUE
"GSE319536_BC19"	"CTTAGTAAGCGTGGCA-1"	3	TRUE
"GSE319536_BC19"	"CTTAGTGGTACACGAC-1"	2	TRUE
"GSE319536_BC19"	"CTTAGTTGGAGCGACC-1"	5	TRUE
"GSE319536_BC19"	"CTTCGATACAGTCTCC-1"	5	TRUE
"GSE319536_BC19"	"CTTCTGTACGGACATC-1"	4	TRUE
"GSE319536_BC19"	"CTTGAGTCTTACAGTG-1"	2	TRUE
"GSE319536_BC19"	"CTTGGTCGGAAGTAGC-1"	4	TRUE
"GSE319536_BC19"	"CTTGGTGCAGCCTCCA-1"	5	TRUE
"GSE319536_BC19"	"CTTGGTTAGAGTCATC-1"	2	TRUE
"GSE319536_BC19"	"GAACTCCTGGAGGCTC-1"	4	TRUE
"GSE319536_BC19"	"GAAGCGAGAACATGGA-1"	2	TRUE
"GSE319536_BC19"	"GAAGCGTCCATAGTTG-1"	5	TRUE
"GSE319536_BC19"	"GAATGACAACTAGTCA-1"	5	TRUE
"GSE319536_BC19"	"GAATGACACGACTAGG-1"	3	TRUE
"GSE319536_BC19"	"GAATTAACCTTCAATT-1"	5	TRUE
"GSE319536_BC19"	"GACAACATCATGCCGC-1"	4	TRUE
"GSE319536_BC19"	"GACAACGGACTCAGCT-1"	2	TRUE
"GSE319536_BC19"	"GACAACTTGATTGTGA-1"	2	TRUE
"GSE319536_BC19"	"GACAAGGTGGTCCGGC-1"	1	TRUE
"GSE319536_BC19"	"GACAATTGTATGCTTC-1"	3	TRUE
"GSE319536_BC19"	"GACATCCTCAACCTCG-1"	1	TRUE
"GSE319536_BC19"	"GACATCTGCGGTCTTG-1"	4	TRUE
"GSE319536_BC19"	"GACCACATTCTTGAAT-1"	2	TRUE
"GSE319536_BC19"	"GACCACGGCGTACATA-1"	4	TRUE
"GSE319536_BC19"	"GACCGACAATAGGAAT-1"	4	TRUE
"GSE319536_BC19"	"GACCTGCTGTACGAAG-1"	3	TRUE
"GSE319536_BC19"	"GACGAGCTGCACTCGT-1"	3	TRUE
"GSE319536_BC19"	"GACGCCTCGTCAGAGG-1"	4	TRUE
"GSE319536_BC19"	"GACGTACAGGAACGCT-1"	4	TRUE
"GSE319536_BC19"	"GACTAGTAATCTTGCT-1"	2	TRUE
"GSE319536_BC19"	"GACTTGAAGCCATAGC-1"	5	TRUE
"GSE319536_BC19"	"GAGCCAAGCGATCGTA-1"	4	TRUE
"GSE319536_BC19"	"GAGCGGCAATGGAATA-1"	2	TRUE
"GSE319536_BC19"	"GAGCTAACCTACTTAC-1"	2	TRUE
"GSE319536_BC19"	"GAGCTAAGGTTGCGTT-1"	4	TRUE
"GSE319536_BC19"	"GAGGACAGATCGCCTA-1"	4	TRUE
"GSE319536_BC19"	"GAGGTCCAAGTAGCTA-1"	5	TRUE
"GSE319536_BC19"	"GAGGTGAGGATTCATT-1"	5	TRUE
"GSE319536_BC19"	"GAGGTTAGATCGAAGA-1"	1	TRUE
"GSE319536_BC19"	"GAGTCCTACCTCTGCA-1"	4	TRUE
"GSE319536_BC19"	"GATAGAGTGATAAGCT-1"	5	TRUE
"GSE319536_BC19"	"GATAGTGACACTCCAA-1"	4	TRUE
"GSE319536_BC19"	"GATATCTTGTGACACG-1"	3	TRUE
"GSE319536_BC19"	"GATCACGTGATAGTTC-1"	1	TRUE
"GSE319536_BC19"	"GATCGGAGATACGCAG-1"	2	TRUE
"GSE319536_BC19"	"GATCTATGAAGATGCG-1"	4	TRUE
"GSE319536_BC19"	"GATGAGTGAACGGCTG-1"	2	TRUE
"GSE319536_BC19"	"GATGGACCTGGACGGA-1"	4	TRUE
"GSE319536_BC19"	"GATGTAGGAGTTGGCC-1"	2	TRUE
"GSE319536_BC19"	"GATTATGTGACATGAT-1"	3	TRUE
"GSE319536_BC19"	"GATTCCATACTGAACC-1"	2	TRUE
"GSE319536_BC19"	"GATTCCGCTATCGGCT-1"	1	TRUE
"GSE319536_BC19"	"GATTCCTGCAGATCGT-1"	4	TRUE
"GSE319536_BC19"	"GCAACAGCGTGGATCA-1"	2	TRUE
"GSE319536_BC19"	"GCAACATGGTTCTTCA-1"	4	TRUE
"GSE319536_BC19"	"GCAATCCTCGAGCGTT-1"	3	TRUE
"GSE319536_BC19"	"GCAATTCTGTGACAGA-1"	5	TRUE
"GSE319536_BC19"	"GCACATGCCGGTCTGG-1"	5	TRUE
"GSE319536_BC19"	"GCACCTAGTAATTATC-1"	5	TRUE
"GSE319536_BC19"	"GCACGCAACCATACCA-1"	3	TRUE
"GSE319536_BC19"	"GCACGCTTCGTTGTTC-1"	5	TRUE
"GSE319536_BC19"	"GCACTGTTGCGGCCTT-1"	2	TRUE
"GSE319536_BC19"	"GCAGATACGTTGAACG-1"	3	TRUE
"GSE319536_BC19"	"GCAGATAGTTGGAGAC-1"	1	TRUE
"GSE319536_BC19"	"GCAGCGACAGTTCGGT-1"	5	TRUE
"GSE319536_BC19"	"GCAGGCAGTGATCTAC-1"	3	TRUE
"GSE319536_BC19"	"GCATAACCGAGGTGAT-1"	4	TRUE
"GSE319536_BC19"	"GCATGCTGAGACAGGT-1"	3	TRUE
"GSE319536_BC19"	"GCCACGAAGGAATTCC-1"	4	TRUE
"GSE319536_BC19"	"GCCGATACGGTATCAG-1"	1	TRUE
"GSE319536_BC19"	"GCCGGCGTAGGTGACG-1"	1	TRUE
"GSE319536_BC19"	"GCCTCCGTCTACCTCG-1"	4	TRUE
"GSE319536_BC19"	"GCCTTCGCTTATGTTC-1"	2	TRUE
"GSE319536_BC19"	"GCCTTGCCACTTCTGA-1"	2	TRUE
"GSE319536_BC19"	"GCGTACGAATCTAATC-1"	2	TRUE
"GSE319536_BC19"	"GCGTTGTATCGGAGCT-1"	4	TRUE
"GSE319536_BC19"	"GCTACCATCCTGTAGA-1"	1	TRUE
"GSE319536_BC19"	"GCTCCTATGTCTTCGC-1"	5	TRUE
"GSE319536_BC19"	"GCTGAGTGTTCAACCG-1"	3	TRUE
"GSE319536_BC19"	"GCTGCGTTATGTGGAC-1"	5	TRUE
"GSE319536_BC19"	"GCTTAATAGAGGCGAG-1"	1	TRUE
"GSE319536_BC19"	"GCTTACATGTTGCGCT-1"	3	TRUE
"GSE319536_BC19"	"GCTTCTCAGACCGCCT-1"	4	TRUE
"GSE319536_BC19"	"GCTTGAACTCCATCCA-1"	4	TRUE
"GSE319536_BC19"	"GCTTGAGCTCTTGACA-1"	1	TRUE
"GSE319536_BC19"	"GCTTGGTCAACCGTGG-1"	3	TRUE
"GSE319536_BC19"	"GGAACATCGTGGAATC-1"	4	TRUE
"GSE319536_BC19"	"GGACAGTGCGGCAACA-1"	1	TRUE
"GSE319536_BC19"	"GGACGTACTTCGGACA-1"	5	TRUE
"GSE319536_BC19"	"GGACGTTAGATATTAC-1"	3	TRUE
"GSE319536_BC19"	"GGAGAAGCCAAGCGCT-1"	3	TRUE
"GSE319536_BC19"	"GGAGATGTGCCATAAC-1"	1	TRUE
"GSE319536_BC19"	"GGAGATTCACGACCAT-1"	5	TRUE
"GSE319536_BC19"	"GGAGCACCAACTGATT-1"	2	TRUE
"GSE319536_BC19"	"GGAGGTCGTAGGAGCT-1"	3	TRUE
"GSE319536_BC19"	"GGATAAGTCAGGATAG-1"	4	TRUE
"GSE319536_BC19"	"GGATAATTATGCTGGT-1"	3	TRUE
"GSE319536_BC19"	"GGATCGCTGGCATATT-1"	1	TRUE
"GSE319536_BC19"	"GGATGGATCACTCATA-1"	4	TRUE
"GSE319536_BC19"	"GGATGTAACTAATCCG-1"	1	TRUE
"GSE319536_BC19"	"GGATTCCGACGTGATG-1"	5	TRUE
"GSE319536_BC19"	"GGCATTCCGATGCTCG-1"	4	TRUE
"GSE319536_BC19"	"GGCCAAGATGGATGGC-1"	1	TRUE
"GSE319536_BC19"	"GGCCAGTAGGTATGAG-1"	1	TRUE
"GSE319536_BC19"	"GGCCTGCGTTATGCCG-1"	5	TRUE
"GSE319536_BC19"	"GGCGATCGGTCTGCTC-1"	1	TRUE
"GSE319536_BC19"	"GGCGCCACTCTGCGTT-1"	2	TRUE
"GSE319536_BC19"	"GGCGGATATTGATTGA-1"	2	TRUE
"GSE319536_BC19"	"GGCGTCGGTAGTGATA-1"	5	TRUE
"GSE319536_BC19"	"GGCTGTTCAATGTCAA-1"	3	TRUE
"GSE319536_BC19"	"GGTACGGAGCATCAGC-1"	1	TRUE
"GSE319536_BC19"	"GGTACGGTATGCTCCA-1"	5	TRUE
"GSE319536_BC19"	"GGTACGTGCCTTATCC-1"	5	TRUE
"GSE319536_BC19"	"GGTACGTGCTCGGCAA-1"	1	TRUE
"GSE319536_BC19"	"GGTAGCCAAGGTACTT-1"	1	TRUE
"GSE319536_BC19"	"GGTAGCTTAGCCAATC-1"	4	TRUE
"GSE319536_BC19"	"GGTAGGTTGTTACGGC-1"	1	TRUE
"GSE319536_BC19"	"GGTAGTACAGGTTAGA-1"	4	TRUE
"GSE319536_BC19"	"GGTAGTTGAAGTCCAT-1"	1	TRUE
"GSE319536_BC19"	"GGTATGGTCAGGTTGG-1"	4	TRUE
"GSE319536_BC19"	"GGTATGGTTGTCCTCG-1"	1	TRUE
"GSE319536_BC19"	"GGTCTGGTATGTGGCC-1"	2	TRUE
"GSE319536_BC19"	"GGTGCAGTTCCATATG-1"	5	TRUE
"GSE319536_BC19"	"GGTGTCACCAGCGAAC-1"	1	TRUE
"GSE319536_BC19"	"GGTTAGCTTCATGAGT-1"	5	TRUE
"GSE319536_BC19"	"GGTTCACCGACTCACG-1"	3	TRUE
"GSE319536_BC19"	"GGTTCTATACCGCTTG-1"	1	TRUE
"GSE319536_BC19"	"GGTTCTCCTATCAGTT-1"	2	TRUE
"GSE319536_BC19"	"GGTTGCTACCGGAACA-1"	1	TRUE
"GSE319536_BC19"	"GTAAGTAATTACAATC-1"	4	TRUE
"GSE319536_BC19"	"GTACAGATGACATCGC-1"	3	TRUE
"GSE319536_BC19"	"GTACAGCTGAGCCGGA-1"	5	TRUE
"GSE319536_BC19"	"GTACAGGAACGAATGG-1"	5	TRUE
"GSE319536_BC19"	"GTACAGTATCGGAATT-1"	4	TRUE
"GSE319536_BC19"	"GTACCTGAAGTGAATG-1"	2	TRUE
"GSE319536_BC19"	"GTACCTTCATGTGCAA-1"	1	TRUE
"GSE319536_BC19"	"GTACGAATTCTACCAA-1"	1	TRUE
"GSE319536_BC19"	"GTACGCACTCAATTGC-1"	1	TRUE
"GSE319536_BC19"	"GTACGCCTCGCTTCCA-1"	4	TRUE
"GSE319536_BC19"	"GTACGCTCGCCAACAT-1"	4	TRUE
"GSE319536_BC19"	"GTACGCTTGATACCAC-1"	4	TRUE
"GSE319536_BC19"	"GTACTACCGTTAGGTG-1"	1	TRUE
"GSE319536_BC19"	"GTAGCAGAACATGGTG-1"	3	TRUE
"GSE319536_BC19"	"GTAGCAGAGCAATAGC-1"	5	TRUE
"GSE319536_BC19"	"GTAGCCTAAGGTTAGT-1"	3	TRUE
"GSE319536_BC19"	"GTAGCGCTCATCAGGT-1"	3	TRUE
"GSE319536_BC19"	"GTAGGAGCAACAGGCA-1"	4	TRUE
"GSE319536_BC19"	"GTAGTCAGACCAATGT-1"	4	TRUE
"GSE319536_BC19"	"GTATAAGGCGTCTTCA-1"	5	TRUE
"GSE319536_BC19"	"GTATCTCAGCCTTGGT-1"	2	TRUE
"GSE319536_BC19"	"GTATGATAGTATGGAT-1"	1	TRUE
"GSE319536_BC19"	"GTATGGTGGAGCGGCC-1"	5	TRUE
"GSE319536_BC19"	"GTATGTAGCAGGCATA-1"	1	TRUE
"GSE319536_BC19"	"GTATGTGCAAGCCGGA-1"	4	TRUE
"GSE319536_BC19"	"GTATTCTAAGTGCTGT-1"	3	TRUE
"GSE319536_BC19"	"GTCAACATGGTGCTAT-1"	5	TRUE
"GSE319536_BC19"	"GTCACTTACGTGTATG-1"	3	TRUE
"GSE319536_BC19"	"GTCACTTATCCAAGAC-1"	2	TRUE
"GSE319536_BC19"	"GTCAGCCAACATCACG-1"	3	TRUE
"GSE319536_BC19"	"GTCAGCTGGTGAGGCG-1"	1	TRUE
"GSE319536_BC19"	"GTCAGTAATCCAATTA-1"	5	TRUE
"GSE319536_BC19"	"GTCAGTTCTGCCTGGA-1"	2	TRUE
"GSE319536_BC19"	"GTCATCACGTGGTTCA-1"	2	TRUE
"GSE319536_BC19"	"GTCATCACTATTGTGC-1"	2	TRUE
"GSE319536_BC19"	"GTCCGAATGCGGACAG-1"	4	TRUE
"GSE319536_BC19"	"GTCCTGCTTACGGCTG-1"	4	TRUE
"GSE319536_BC19"	"GTCGAAGTCGTGTTCT-1"	5	TRUE
"GSE319536_BC19"	"GTCGAGACCGTCCGTT-1"	5	TRUE
"GSE319536_BC19"	"GTCGCAGATTACTGCA-1"	4	TRUE
"GSE319536_BC19"	"GTCGCATTACCAGGCA-1"	5	TRUE
"GSE319536_BC19"	"GTCGTGCTAATGCCTT-1"	2	TRUE
"GSE319536_BC19"	"GTCTAAGATCGGACTA-1"	4	TRUE
"GSE319536_BC19"	"GTCTAGCATGGTACGT-1"	1	TRUE
"GSE319536_BC19"	"GTCTAGCGTTGTGACC-1"	5	TRUE
"GSE319536_BC19"	"GTCTATCCAGGACGTC-1"	5	TRUE
"GSE319536_BC19"	"GTCTATGTTAATAGAA-1"	1	TRUE
"GSE319536_BC19"	"GTCTATTGCGAGTTAC-1"	2	TRUE
"GSE319536_BC19"	"GTCTCATGACTAGTTG-1"	3	TRUE
"GSE319536_BC19"	"GTCTGCTCAACACCAA-1"	5	TRUE
"GSE319536_BC19"	"GTGAACGGTTCTAACG-1"	2	TRUE
"GSE319536_BC19"	"GTGCAACTACTGTACG-1"	4	TRUE
"GSE319536_BC19"	"GTGCAGTTGTGGCGCT-1"	3	TRUE
"GSE319536_BC19"	"GTGCGGCATGCTCATC-1"	5	TRUE
"GSE319536_BC19"	"GTGGTACTTGGTTGGA-1"	1	TRUE
"GSE319536_BC19"	"GTGGTCGCTCTGTAGC-1"	2	TRUE
"GSE319536_BC19"	"GTTACAGGTACATGGC-1"	1	TRUE
"GSE319536_BC19"	"GTTATGATACGATTAT-1"	2	TRUE
"GSE319536_BC19"	"GTTATTCGTAACGTCC-1"	2	TRUE
"GSE319536_BC19"	"GTTCCGGCTGAGCCGA-1"	2	TRUE
"GSE319536_BC19"	"GTTCCTTGAGGAACGC-1"	3	TRUE
"GSE319536_BC19"	"GTTCGCTGGTATTAGA-1"	5	TRUE
"GSE319536_BC19"	"GTTCTTACTGAAGTAT-1"	5	TRUE
"GSE319536_BC19"	"GTTGAATAAGTCAGCA-1"	5	TRUE
"GSE319536_BC19"	"GTTGCAGCCGGCTTGG-1"	5	TRUE
"GSE319536_BC19"	"GTTGCCACGACAAGAA-1"	5	TRUE
"GSE319536_BC19"	"GTTGCCGGTGGAAGTA-1"	5	TRUE
"GSE319536_BC19"	"GTTGCTACGTCTTAAT-1"	5	TRUE
"GSE319536_BC19"	"TAACAGGAACCGACAA-1"	1	TRUE
"GSE319536_BC19"	"TAACCTTGAGACTTCG-1"	1	TRUE
"GSE319536_BC19"	"TAACGCTCACATTCTA-1"	2	TRUE
"GSE319536_BC19"	"TAACGCTTCGGCACTT-1"	3	TRUE
"GSE319536_BC19"	"TAACGTCACTATAATC-1"	2	TRUE
"GSE319536_BC19"	"TAACGTGCCATAGTTA-1"	4	TRUE
"GSE319536_BC19"	"TAACTCCAACATGGAC-1"	5	TRUE
"GSE319536_BC19"	"TAACTCCGATACGTAA-1"	2	TRUE
"GSE319536_BC19"	"TAAGATTGCTCACTTC-1"	3	TRUE
"GSE319536_BC19"	"TAAGCCATACGACACG-1"	1	TRUE
"GSE319536_BC19"	"TAAGCTCCTTCACGCC-1"	2	TRUE
"GSE319536_BC19"	"TAAGGATTGGAAGTGG-1"	3	TRUE
"GSE319536_BC19"	"TAATACCATTCTAGAT-1"	1	TRUE
"GSE319536_BC19"	"TAATGACGAAGCGGCT-1"	3	TRUE
"GSE319536_BC19"	"TAATGATCCGGTTATT-1"	1	TRUE
"GSE319536_BC19"	"TAATTACCGGTGCGAG-1"	3	TRUE
"GSE319536_BC19"	"TAATTAGCTCGATTGT-1"	4	TRUE
"GSE319536_BC19"	"TAATTGACGTCGTTCC-1"	4	TRUE
"GSE319536_BC19"	"TAATTGATTCTGTCGC-1"	5	TRUE
"GSE319536_BC19"	"TACACCAGTGCCGACA-1"	2	TRUE
"GSE319536_BC19"	"TACACTTCGCACCGAT-1"	3	TRUE
"GSE319536_BC19"	"TACATATGCACCAGTG-1"	1	TRUE
"GSE319536_BC19"	"TACATCGGACAACTGG-1"	2	TRUE
"GSE319536_BC19"	"TACGACCGAGCGCAAC-1"	1	TRUE
"GSE319536_BC19"	"TACGCCAGCACCGGAA-1"	5	TRUE
"GSE319536_BC19"	"TACGGAATACTCGTTC-1"	4	TRUE
"GSE319536_BC19"	"TACGGATCAGCCATCC-1"	2	TRUE
"GSE319536_BC19"	"TACGGATCCTTGCGAT-1"	5	TRUE
"GSE319536_BC19"	"TACGTAATCTAGTAAG-1"	4	TRUE
"GSE319536_BC19"	"TACTAGTACACCTAAG-1"	2	TRUE
"GSE319536_BC19"	"TACTCCGCCAATACAA-1"	5	TRUE
"GSE319536_BC19"	"TAGACACCGGCGTCAA-1"	1	TRUE
"GSE319536_BC19"	"TAGACCATCGATTGAG-1"	4	TRUE
"GSE319536_BC19"	"TAGACCGCGGAAGGAC-1"	2	TRUE
"GSE319536_BC19"	"TAGACTAATATGGCGA-1"	1	TRUE
"GSE319536_BC19"	"TAGATGAGCCGTCATT-1"	5	TRUE
"GSE319536_BC19"	"TAGCAGTCGTCATGAA-1"	1	TRUE
"GSE319536_BC19"	"TAGCAGTGATTCTGTC-1"	3	TRUE
"GSE319536_BC19"	"TAGGACATCAGCATGG-1"	3	TRUE
"GSE319536_BC19"	"TAGGTCGCCGCAACTC-1"	5	TRUE
"GSE319536_BC19"	"TAGTATTGCCGAGTTG-1"	2	TRUE
"GSE319536_BC19"	"TAGTGAATGTTCAGTG-1"	2	TRUE
"GSE319536_BC19"	"TAGTGCAGTGCGGTAG-1"	3	TRUE
"GSE319536_BC19"	"TAGTTCAATCGACCTC-1"	2	TRUE
"GSE319536_BC19"	"TAGTTCCGATAGAATC-1"	3	TRUE
"GSE319536_BC19"	"TAGTTCGAGTAGGAAG-1"	3	TRUE
"GSE319536_BC19"	"TATCAATCGCCGAGTG-1"	4	TRUE
"GSE319536_BC19"	"TATCACCGGCATCGTG-1"	3	TRUE
"GSE319536_BC19"	"TATCTAATCACCTCGG-1"	2	TRUE
"GSE319536_BC19"	"TATGAACTACGCGGTG-1"	5	TRUE
"GSE319536_BC19"	"TATGACAGCGAGAAGC-1"	2	TRUE
"GSE319536_BC19"	"TATGACCGATGAAGTG-1"	2	TRUE
"GSE319536_BC19"	"TATGAGCCGCAATCCG-1"	5	TRUE
"GSE319536_BC19"	"TATGAGCGATCCATTA-1"	4	TRUE
"GSE319536_BC19"	"TATGGCCGGCGACACT-1"	4	TRUE
"GSE319536_BC19"	"TATGGCCTCACGTACA-1"	4	TRUE
"GSE319536_BC19"	"TATGTTGCAGTCTAGG-1"	5	TRUE
"GSE319536_BC19"	"TATGTTGGTCCAGTGA-1"	4	TRUE
"GSE319536_BC19"	"TATTAATATGTCGACT-1"	5	TRUE
"GSE319536_BC19"	"TATTCGTTAACAGGCA-1"	1	TRUE
"GSE319536_BC19"	"TATTCTCCTATGATGG-1"	4	TRUE
"GSE319536_BC19"	"TATTGATCTACTTCGG-1"	5	TRUE
"GSE319536_BC19"	"TATTGTTAACCGAGAC-1"	2	TRUE
"GSE319536_BC19"	"TCAACACCAATCATTA-1"	5	TRUE
"GSE319536_BC19"	"TCAACAGGACAGCAAC-1"	1	TRUE
"GSE319536_BC19"	"TCAACCGGAGACCTCG-1"	3	TRUE
"GSE319536_BC19"	"TCACATAAGCGTTGCC-1"	4	TRUE
"GSE319536_BC19"	"TCACTCCGCTCACTGG-1"	5	TRUE
"GSE319536_BC19"	"TCAGAATCTAATAGTC-1"	3	TRUE
"GSE319536_BC19"	"TCAGATTACCAGGTTA-1"	3	TRUE
"GSE319536_BC19"	"TCAGCTAGGATGTACT-1"	2	TRUE
"GSE319536_BC19"	"TCAGCTATTAATCGCT-1"	2	TRUE
"GSE319536_BC19"	"TCAGTCCAACGGAAGT-1"	3	TRUE
"GSE319536_BC19"	"TCAGTTGACAGTGCCA-1"	3	TRUE
"GSE319536_BC19"	"TCATCCATGCCAAGCG-1"	5	TRUE
"GSE319536_BC19"	"TCATCTATCCACGATT-1"	4	TRUE
"GSE319536_BC19"	"TCATCTCCAACCACCT-1"	4	TRUE
"GSE319536_BC19"	"TCATGAGTAAGACATC-1"	1	TRUE
"GSE319536_BC19"	"TCATTGATAGACTTGC-1"	1	TRUE
"GSE319536_BC19"	"TCATTGGCGACCGACG-1"	3	TRUE
"GSE319536_BC19"	"TCCAACATGACCGGTC-1"	2	TRUE
"GSE319536_BC19"	"TCCAATAACGTGCTAG-1"	5	TRUE
"GSE319536_BC19"	"TCCAATACTATCTGTT-1"	1	TRUE
"GSE319536_BC19"	"TCCAATTAGCAATCAA-1"	1	TRUE
"GSE319536_BC19"	"TCCAATTGGTTACAGT-1"	4	TRUE
"GSE319536_BC19"	"TCCACCAAGTGACGAA-1"	5	TRUE
"GSE319536_BC19"	"TCCACGCTGAGTACTT-1"	1	TRUE
"GSE319536_BC19"	"TCCAGAGGCAAGAACT-1"	5	TRUE
"GSE319536_BC19"	"TCCATGCGTCGGTTAC-1"	4	TRUE
"GSE319536_BC19"	"TCCGAATCATGTTGTC-1"	3	TRUE
"GSE319536_BC19"	"TCCGCCAACATTGCTC-1"	3	TRUE
"GSE319536_BC19"	"TCCGCCAGTGATTAAT-1"	3	TRUE
"GSE319536_BC19"	"TCCGCCGGTCTATTCA-1"	4	TRUE
"GSE319536_BC19"	"TCCGTCGGTACAAGTT-1"	4	TRUE
"GSE319536_BC19"	"TCCGTTGGAGCTCACT-1"	1	TRUE
"GSE319536_BC19"	"TCCTACCGATCGTGGC-1"	5	TRUE
"GSE319536_BC19"	"TCCTACCGGTTCCTAG-1"	3	TRUE
"GSE319536_BC19"	"TCCTATGAGGATTGTT-1"	3	TRUE
"GSE319536_BC19"	"TCCTGACAACGCTCGT-1"	1	TRUE
"GSE319536_BC19"	"TCCTGGTGGCAATAGC-1"	3	TRUE
"GSE319536_BC19"	"TCCTTACTCGCAATGA-1"	2	TRUE
"GSE319536_BC19"	"TCCTTGAACAGGACCA-1"	2	TRUE
"GSE319536_BC19"	"TCGAATTAGTTACTCC-1"	3	TRUE
"GSE319536_BC19"	"TCGCACTGCTGTGCTC-1"	4	TRUE
"GSE319536_BC19"	"TCGCACTTGGTCCGTC-1"	4	TRUE
"GSE319536_BC19"	"TCGCCTGCACGGAAGG-1"	1	TRUE
"GSE319536_BC19"	"TCGCGGAGTTAGACTT-1"	1	TRUE
"GSE319536_BC19"	"TCGCTTACTCGCAAGT-1"	5	TRUE
"GSE319536_BC19"	"TCGGAGTGGTACTTGC-1"	4	TRUE
"GSE319536_BC19"	"TCGGTATCGTAATTGG-1"	5	TRUE
"GSE319536_BC19"	"TCGGTGATCGCCGGCC-1"	4	TRUE
"GSE319536_BC19"	"TCGTATTCTGAGTGGC-1"	5	TRUE
"GSE319536_BC19"	"TCGTTAGCCAGGCCAG-1"	3	TRUE
"GSE319536_BC19"	"TCTACAGCACGTCCGA-1"	2	TRUE
"GSE319536_BC19"	"TCTACAGCTGAATCAA-1"	2	TRUE
"GSE319536_BC19"	"TCTACATTGGAGTAAT-1"	5	TRUE
"GSE319536_BC19"	"TCTACTGTCTCAATGA-1"	4	TRUE
"GSE319536_BC19"	"TCTATCCGTGTTGCCA-1"	1	TRUE
"GSE319536_BC19"	"TCTGAGTCAGATCTTG-1"	2	TRUE
"GSE319536_BC19"	"TCTGCAATTCACAAGA-1"	3	TRUE
"GSE319536_BC19"	"TCTGCCTGGATGTCAG-1"	3	TRUE
"GSE319536_BC19"	"TCTGGTATCTGTAGCC-1"	2	TRUE
"GSE319536_BC19"	"TCTTACGGCCGCAACA-1"	2	TRUE
"GSE319536_BC19"	"TCTTACTCTGTATGCG-1"	3	TRUE
"GSE319536_BC19"	"TCTTAGGCGACAGTCA-1"	5	TRUE
"GSE319536_BC19"	"TCTTAGTCTGCCATCA-1"	1	TRUE
"GSE319536_BC19"	"TCTTGCACGGTGAGCC-1"	4	TRUE
"GSE319536_BC19"	"TCTTGCACTGGTGCTC-1"	5	TRUE
"GSE319536_BC19"	"TGAAGATACAATCTGC-1"	4	TRUE
"GSE319536_BC19"	"TGACCTGTCTATCTCG-1"	5	TRUE
"GSE319536_BC19"	"TGACGCTCACCAAGCC-1"	1	TRUE
"GSE319536_BC19"	"TGACGGAGTGAGGTTA-1"	2	TRUE
"GSE319536_BC19"	"TGAGCCGCGTGATCAT-1"	3	TRUE
"GSE319536_BC19"	"TGAGGAATCCATAGAA-1"	4	TRUE
"GSE319536_BC19"	"TGAGGTAGGACTACTG-1"	2	TRUE
"GSE319536_BC19"	"TGATAGGAGCATCAAC-1"	4	TRUE
"GSE319536_BC19"	"TGATCCGCACTCCTTA-1"	3	TRUE
"GSE319536_BC19"	"TGATGGATGATCACGG-1"	5	TRUE
"GSE319536_BC19"	"TGATTAGAATGACATA-1"	2	TRUE
"GSE319536_BC19"	"TGCAACAGTGAAGCTC-1"	1	TRUE
"GSE319536_BC19"	"TGCACGGCTGAGACTT-1"	3	TRUE
"GSE319536_BC19"	"TGCACTCCAGCTACTC-1"	2	TRUE
"GSE319536_BC19"	"TGCAGTACAACGAGTG-1"	4	TRUE
"GSE319536_BC19"	"TGCAGTTATTCCACTC-1"	2	TRUE
"GSE319536_BC19"	"TGCATTCTTACGGAGG-1"	3	TRUE
"GSE319536_BC19"	"TGCCAGTTATGCAGCT-1"	5	TRUE
"GSE319536_BC19"	"TGCCGGAACTTAGGCA-1"	4	TRUE
"GSE319536_BC19"	"TGCGAACATATCGGCT-1"	1	TRUE
"GSE319536_BC19"	"TGCGACTACGTGCGAG-1"	4	TRUE
"GSE319536_BC19"	"TGCGATGCAGGTGCGA-1"	3	TRUE
"GSE319536_BC19"	"TGCGCCAGTAATGATC-1"	1	TRUE
"GSE319536_BC19"	"TGCGCCGATCGCGAAG-1"	1	TRUE
"GSE319536_BC19"	"TGCGGACTTAACTTCC-1"	5	TRUE
"GSE319536_BC19"	"TGCGGACTTCTGTCGC-1"	5	TRUE
"GSE319536_BC19"	"TGCGTCTGGATCGGAT-1"	2	TRUE
"GSE319536_BC19"	"TGCGTGTCAGCCAGTG-1"	5	TRUE
"GSE319536_BC19"	"TGCGTTAGCACGTACC-1"	4	TRUE
"GSE319536_BC19"	"TGCTATTGCGGCGTGG-1"	2	TRUE
"GSE319536_BC19"	"TGCTATTGTCAAGGAG-1"	5	TRUE
"GSE319536_BC19"	"TGCTCCTAACGGAAGA-1"	4	TRUE
"GSE319536_BC19"	"TGCTGTCAGAACGAAG-1"	2	TRUE
"GSE319536_BC19"	"TGCTGTGAAGTCAAGA-1"	3	TRUE
"GSE319536_BC19"	"TGGAAGTCCGCAGTCT-1"	5	TRUE
"GSE319536_BC19"	"TGGACTGAGTACCTAG-1"	3	TRUE
"GSE319536_BC19"	"TGGATCATTGTAACGG-1"	3	TRUE
"GSE319536_BC19"	"TGGCAAGCGACACTTA-1"	3	TRUE
"GSE319536_BC19"	"TGGCATGCGTTCACGC-1"	1	TRUE
"GSE319536_BC19"	"TGGCATGTTCGAACAG-1"	1	TRUE
"GSE319536_BC19"	"TGGCCAAGCGTACAAG-1"	1	TRUE
"GSE319536_BC19"	"TGGCCAGAGTATCTCC-1"	1	TRUE
"GSE319536_BC19"	"TGGCCGTCTATCAGGA-1"	4	TRUE
"GSE319536_BC19"	"TGGCCTGGCACTGTGG-1"	3	TRUE
"GSE319536_BC19"	"TGGCGAGCCACTAGCG-1"	3	TRUE
"GSE319536_BC19"	"TGGCTCACTCAATCAC-1"	1	TRUE
"GSE319536_BC19"	"TGGCTGGAGTTATTGT-1"	5	TRUE
"GSE319536_BC19"	"TGGTACAAGACACTGA-1"	5	TRUE
"GSE319536_BC19"	"TGGTACAAGACCAATC-1"	5	TRUE
"GSE319536_BC19"	"TGGTACCAATACTTAC-1"	5	TRUE
"GSE319536_BC19"	"TGGTAGCATCAAGTCT-1"	2	TRUE
"GSE319536_BC19"	"TGGTATTAGCTAGACC-1"	5	TRUE
"GSE319536_BC19"	"TGGTATTGAGTTGTAA-1"	4	TRUE
"GSE319536_BC19"	"TGGTGCACGACCTTAG-1"	2	TRUE
"GSE319536_BC19"	"TGGTTGAACACGCCAA-1"	2	TRUE
"GSE319536_BC19"	"TGTAATCATATGAGAC-1"	3	TRUE
"GSE319536_BC19"	"TGTAGGTCTGAACGCA-1"	4	TRUE
"GSE319536_BC19"	"TGTATGGTGCCAAGGT-1"	4	TRUE
"GSE319536_BC19"	"TGTCAACTCATCAACG-1"	1	TRUE
"GSE319536_BC19"	"TGTCACAGACGTATCC-1"	5	TRUE
"GSE319536_BC19"	"TGTCAGACGAAGCACC-1"	5	TRUE
"GSE319536_BC19"	"TGTCAGATAAGGTGAC-1"	1	TRUE
"GSE319536_BC19"	"TGTCGCGGAAGAGCTA-1"	5	TRUE
"GSE319536_BC19"	"TGTCTTGGAATTGGCA-1"	3	TRUE
"GSE319536_BC19"	"TGTTCAGAACGGTGTA-1"	3	TRUE
"GSE319536_BC19"	"TGTTCAGCGAGGCAGT-1"	5	TRUE
"GSE319536_BC19"	"TGTTGGAACCTTCCGC-1"	2	TRUE
"GSE319536_BC19"	"TGTTGGCCAGACCTAC-1"	4	TRUE
