sample	dataset	source	group	n_cells	library_size	column_id	eligible	reason	TMM_norm_factor	filtered_library_size
"CNP0000460|CNP0000460_P01N"	"CNP0000460"	"Normal"	"Left"	40	244064	"CNP0000460|CNP0000460_P01N::Left"	TRUE	"eligible"	1.0113242802701	239886
"CNP0000460|CNP0000460_P01N"	"CNP0000460"	"Normal"	"Right"	8578	57995414	"CNP0000460|CNP0000460_P01N::Right"	TRUE	"eligible"	0.784069818190676	57407798
"CNP0000460|CNP0000460_P01T"	"CNP0000460"	"MIBC"	"Left"	1281	12487738	"CNP0000460|CNP0000460_P01T::Left"	TRUE	"eligible"	0.892345087872206	12147631
"CNP0000460|CNP0000460_P01T"	"CNP0000460"	"MIBC"	"Right"	7422	87752023	"CNP0000460|CNP0000460_P01T::Right"	TRUE	"eligible"	0.81735083520789	86218413
"CNP0000460|CNP0000460_P03N"	"CNP0000460"	"Normal"	"Left"	86	566310	"CNP0000460|CNP0000460_P03N::Left"	TRUE	"eligible"	0.944444879448411	557088
"CNP0000460|CNP0000460_P03N"	"CNP0000460"	"Normal"	"Right"	2447	24110834	"CNP0000460|CNP0000460_P03N::Right"	TRUE	"eligible"	0.847049541859197	23821238
"CNP0000460|CNP0000460_P03T"	"CNP0000460"	"NMIBC"	"Left"	118	1149077	"CNP0000460|CNP0000460_P03T::Left"	TRUE	"eligible"	0.95525637122218	1130876
"CNP0000460|CNP0000460_P03T"	"CNP0000460"	"NMIBC"	"Right"	1534	18111740	"CNP0000460|CNP0000460_P03T::Right"	TRUE	"eligible"	0.88069168440306	17903648
"CNP0000460|CNP0000460_P04T"	"CNP0000460"	"MIBC"	"Left"	94	487973	"CNP0000460|CNP0000460_P04T::Left"	TRUE	"eligible"	0.975383359651734	480453
"CNP0000460|CNP0000460_P04T"	"CNP0000460"	"MIBC"	"Right"	7816	54655183	"CNP0000460|CNP0000460_P04T::Right"	TRUE	"eligible"	0.791249876525478	54072292
"CNP0000460|CNP0000460_P05N"	"CNP0000460"	"Normal"	"Left"	38	173582	"CNP0000460|CNP0000460_P05N::Left"	TRUE	"eligible"	1.06371727636584	170091
"CNP0000460|CNP0000460_P05N"	"CNP0000460"	"Normal"	"Right"	2623	8187351	"CNP0000460|CNP0000460_P05N::Right"	TRUE	"eligible"	0.859194051623118	8084006
"CNP0000460|CNP0000460_P05T"	"CNP0000460"	"MIBC"	"Left"	731	8965675	"CNP0000460|CNP0000460_P05T::Left"	TRUE	"eligible"	0.790650818572153	8859191
"CNP0000460|CNP0000460_P05T"	"CNP0000460"	"MIBC"	"Right"	7101	56203925	"CNP0000460|CNP0000460_P05T::Right"	TRUE	"eligible"	0.825843349641217	55531514
"CNP0000460|CNP0000460_P06T"	"CNP0000460"	"NMIBC"	"Left"	78	286736	"CNP0000460|CNP0000460_P06T::Left"	TRUE	"eligible"	0.887118369536591	282421
"CNP0000460|CNP0000460_P06T"	"CNP0000460"	"NMIBC"	"Right"	4317	19396443	"CNP0000460|CNP0000460_P06T::Right"	TRUE	"eligible"	0.745135427725428	19149626
"CNP0000460|CNP0000460_P07N"	"CNP0000460"	"Normal"	"Left"	49	270862	"CNP0000460|CNP0000460_P07N::Left"	TRUE	"eligible"	1.01952759061525	267350
"CNP0000460|CNP0000460_P07N"	"CNP0000460"	"Normal"	"Right"	1965	19166099	"CNP0000460|CNP0000460_P07N::Right"	TRUE	"eligible"	0.808644336230029	18993295
"CNP0000460|CNP0000460_P07T"	"CNP0000460"	"NMIBC"	"Left"	694	11089097	"CNP0000460|CNP0000460_P07T::Left"	TRUE	"eligible"	0.809691787696391	10943528
"CNP0000460|CNP0000460_P07T"	"CNP0000460"	"NMIBC"	"Right"	2218	18757802	"CNP0000460|CNP0000460_P07T::Right"	TRUE	"eligible"	0.851704617531014	18493273
"HRA003620|HRA003620_BC-04"	"HRA003620"	"MIBC"	"Left"	466	8103624	"HRA003620|HRA003620_BC-04::Left"	TRUE	"eligible"	1.02188835756742	7926111
"HRA003620|HRA003620_BC-04"	"HRA003620"	"MIBC"	"Right"	1814	33576790	"HRA003620|HRA003620_BC-04::Right"	TRUE	"eligible"	0.939324796252184	33027061
"HRA003620|HRA003620_BC-05"	"HRA003620"	"MIBC"	"Left"	177	2499516	"HRA003620|HRA003620_BC-05::Left"	TRUE	"eligible"	1.13080804812124	2433076
"HRA003620|HRA003620_BC-05"	"HRA003620"	"MIBC"	"Right"	3554	46125722	"HRA003620|HRA003620_BC-05::Right"	TRUE	"eligible"	1.08887955628327	44992976
"HRA003620|HRA003620_BC-24"	"HRA003620"	"NMIBC"	"Left"	483	6262433	"HRA003620|HRA003620_BC-24::Left"	TRUE	"eligible"	1.09995057600529	6139884
"HRA003620|HRA003620_BC-24"	"HRA003620"	"NMIBC"	"Right"	3283	33573743	"HRA003620|HRA003620_BC-24::Right"	TRUE	"eligible"	1.20286727990816	32890415
"HRA003620|HRA003620_BC-27"	"HRA003620"	"NMIBC"	"Left"	98	1481393	"HRA003620|HRA003620_BC-27::Left"	TRUE	"eligible"	1.15416331571445	1455961
"HRA003620|HRA003620_BC-27"	"HRA003620"	"NMIBC"	"Right"	1657	22995043	"HRA003620|HRA003620_BC-27::Right"	TRUE	"eligible"	1.2438458574651	22603220
"HRA003620|HRA003620_NC-05"	"HRA003620"	"Normal"	"Left"	203	3026249	"HRA003620|HRA003620_NC-05::Left"	TRUE	"eligible"	1.21782889314818	2949036
"HRA003620|HRA003620_NC-05"	"HRA003620"	"Normal"	"Right"	431	5117603	"HRA003620|HRA003620_NC-05::Right"	TRUE	"eligible"	1.29301667137526	4953059
"HRA003620|HRA003620_NC-24"	"HRA003620"	"Normal"	"Left"	59	743901	"HRA003620|HRA003620_NC-24::Left"	TRUE	"eligible"	0.91696777853525	736363
"HRA003620|HRA003620_NC-24"	"HRA003620"	"Normal"	"Right"	1407	28715596	"HRA003620|HRA003620_NC-24::Right"	TRUE	"eligible"	0.729414237593492	28532097
"HRA003620|HRA003620_NC-27"	"HRA003620"	"Normal"	"Left"	49	482493	"HRA003620|HRA003620_NC-27::Left"	TRUE	"eligible"	1.02090608689577	477022
"HRA003620|HRA003620_NC-27"	"HRA003620"	"Normal"	"Right"	2604	35970647	"HRA003620|HRA003620_NC-27::Right"	TRUE	"eligible"	0.893889823309484	35666344
"InhouseData|T4091568"	"InhouseData"	"MIBC"	"Left"	108	686919	"InhouseData|T4091568::Left"	TRUE	"eligible"	1.31140386270785	651777
"InhouseData|T4091568"	"InhouseData"	"MIBC"	"Right"	655	5232166	"InhouseData|T4091568::Right"	TRUE	"eligible"	1.36872408566059	5002500
"InhouseData|T4380845"	"InhouseData"	"MIBC"	"Left"	31	372613	"InhouseData|T4380845::Left"	TRUE	"eligible"	1.57243083824014	351157
"InhouseData|T4380845"	"InhouseData"	"MIBC"	"Right"	341	3005101	"InhouseData|T4380845::Right"	TRUE	"eligible"	1.64665607522716	2797188
"InhouseData|T4463209b"	"InhouseData"	"MIBC"	"Left"	35	138532	"InhouseData|T4463209b::Left"	TRUE	"eligible"	1.44308847975032	131333
"InhouseData|T4463209b"	"InhouseData"	"MIBC"	"Right"	276	2109670	"InhouseData|T4463209b::Right"	TRUE	"eligible"	1.24653383968844	2021924
"InhouseData|T8009218"	"InhouseData"	"MIBC"	"Left"	234	1831903	"InhouseData|T8009218::Left"	TRUE	"eligible"	1.44808184815503	1722823
"InhouseData|T8009218"	"InhouseData"	"MIBC"	"Right"	476	3049104	"InhouseData|T8009218::Right"	TRUE	"eligible"	1.55016562143796	2875806
"PRJNA662018|PRJNA662018_PRJNA662018_P3T3"	"PRJNA662018"	"NMIBC"	"Left"	127	2686117	"PRJNA662018|PRJNA662018_PRJNA662018_P3T3::Left"	TRUE	"eligible"	1.00617417488225	2609571
"PRJNA662018|PRJNA662018_PRJNA662018_P3T3"	"PRJNA662018"	"NMIBC"	"Right"	542	10593265	"PRJNA662018|PRJNA662018_PRJNA662018_P3T3::Right"	TRUE	"eligible"	0.966151410576394	10349095
"PRJNA662018|PRJNA662018_PRJNA662018_P6N2"	"PRJNA662018"	"Normal"	"Left"	57	674707	"PRJNA662018|PRJNA662018_PRJNA662018_P6N2::Left"	TRUE	"eligible"	1.10542980928809	658644
"PRJNA662018|PRJNA662018_PRJNA662018_P6N2"	"PRJNA662018"	"Normal"	"Right"	635	17216817	"PRJNA662018|PRJNA662018_PRJNA662018_P6N2::Right"	TRUE	"eligible"	0.821537973773165	16943941
"PRJNA662018|PRJNA662018_PRJNA662018_P7T7"	"PRJNA662018"	"MIBC"	"Left"	78	304171	"PRJNA662018|PRJNA662018_PRJNA662018_P7T7::Left"	TRUE	"eligible"	1.01630267112058	300230
"PRJNA662018|PRJNA662018_PRJNA662018_P7T7"	"PRJNA662018"	"MIBC"	"Right"	8308	68050082	"PRJNA662018|PRJNA662018_PRJNA662018_P7T7::Right"	TRUE	"eligible"	0.594396646529735	67368870
"PRJNA662018|PRJNA662018_PRJNA662018_P8T8"	"PRJNA662018"	"MIBC"	"Left"	32	295429	"PRJNA662018|PRJNA662018_PRJNA662018_P8T8::Left"	TRUE	"eligible"	1.0539028456849	289597
"PRJNA662018|PRJNA662018_PRJNA662018_P8T8"	"PRJNA662018"	"MIBC"	"Right"	8258	159702531	"PRJNA662018|PRJNA662018_PRJNA662018_P8T8::Right"	TRUE	"eligible"	0.65213855080287	157496544
