sample	dataset	source	cluster	bin	n_cells	library_size
"CNP0000460|CNP0000460_P01N"	"CNP0000460"	"Normal"	"C10"	1	344	887106
"CNP0000460|CNP0000460_P01N"	"CNP0000460"	"Normal"	"C2"	2	283	743335
"CNP0000460|CNP0000460_P01N"	"CNP0000460"	"Normal"	"C4"	3	40	366522
"CNP0000460|CNP0000460_P01N"	"CNP0000460"	"Normal"	"C8"	4	13	58178
"CNP0000460|CNP0000460_P01T"	"CNP0000460"	"MIBC"	"C10"	5	1541	12185620
"CNP0000460|CNP0000460_P01T"	"CNP0000460"	"MIBC"	"C2"	6	1477	8949993
"CNP0000460|CNP0000460_P01T"	"CNP0000460"	"MIBC"	"C4"	7	33	466272
"CNP0000460|CNP0000460_P01T"	"CNP0000460"	"MIBC"	"C8"	8	74	796731
"CNP0000460|CNP0000460_P02N"	"CNP0000460"	"Normal"	"C10"	9	5	17256
"CNP0000460|CNP0000460_P02N"	"CNP0000460"	"Normal"	"C2"	10	15	104641
"CNP0000460|CNP0000460_P03N"	"CNP0000460"	"Normal"	"C10"	11	136	449145
"CNP0000460|CNP0000460_P03N"	"CNP0000460"	"Normal"	"C2"	12	171	637507
"CNP0000460|CNP0000460_P03N"	"CNP0000460"	"Normal"	"C4"	13	57	447341
"CNP0000460|CNP0000460_P03N"	"CNP0000460"	"Normal"	"C8"	14	4	18333
"CNP0000460|CNP0000460_P03T"	"CNP0000460"	"NMIBC"	"C10"	15	94	829559
"CNP0000460|CNP0000460_P03T"	"CNP0000460"	"NMIBC"	"C2"	16	156	1016546
"CNP0000460|CNP0000460_P03T"	"CNP0000460"	"NMIBC"	"C4"	17	30	476258
"CNP0000460|CNP0000460_P03T"	"CNP0000460"	"NMIBC"	"C8"	18	8	152579
"CNP0000460|CNP0000460_P04T"	"CNP0000460"	"MIBC"	"C10"	19	63	193927
"CNP0000460|CNP0000460_P04T"	"CNP0000460"	"MIBC"	"C2"	20	1282	4555183
"CNP0000460|CNP0000460_P04T"	"CNP0000460"	"MIBC"	"C4"	21	333	2889524
"CNP0000460|CNP0000460_P04T"	"CNP0000460"	"MIBC"	"C8"	22	11	63111
"CNP0000460|CNP0000460_P05N"	"CNP0000460"	"Normal"	"C10"	23	14	41140
"CNP0000460|CNP0000460_P05N"	"CNP0000460"	"Normal"	"C2"	24	218	461471
"CNP0000460|CNP0000460_P05N"	"CNP0000460"	"Normal"	"C4"	25	10	46142
"CNP0000460|CNP0000460_P05N"	"CNP0000460"	"Normal"	"C8"	26	6	12449
"CNP0000460|CNP0000460_P05T"	"CNP0000460"	"MIBC"	"C10"	27	175	613114
"CNP0000460|CNP0000460_P05T"	"CNP0000460"	"MIBC"	"C2"	28	1115	5639204
"CNP0000460|CNP0000460_P05T"	"CNP0000460"	"MIBC"	"C4"	29	42	705408
"CNP0000460|CNP0000460_P05T"	"CNP0000460"	"MIBC"	"C8"	30	26	272760
"CNP0000460|CNP0000460_P06T"	"CNP0000460"	"NMIBC"	"C10"	31	17	67263
"CNP0000460|CNP0000460_P06T"	"CNP0000460"	"NMIBC"	"C2"	32	825	1919175
"CNP0000460|CNP0000460_P06T"	"CNP0000460"	"NMIBC"	"C4"	33	215	1322332
"CNP0000460|CNP0000460_P06T"	"CNP0000460"	"NMIBC"	"C8"	34	42	235724
"CNP0000460|CNP0000460_P07N"	"CNP0000460"	"Normal"	"C10"	35	36	108792
"CNP0000460|CNP0000460_P07N"	"CNP0000460"	"Normal"	"C2"	36	171	479896
"CNP0000460|CNP0000460_P07N"	"CNP0000460"	"Normal"	"C4"	37	2	25028
"CNP0000460|CNP0000460_P07N"	"CNP0000460"	"Normal"	"C8"	38	1	7644
"CNP0000460|CNP0000460_P07T"	"CNP0000460"	"NMIBC"	"C10"	39	51	569448
"CNP0000460|CNP0000460_P07T"	"CNP0000460"	"NMIBC"	"C2"	40	1529	8410054
"CNP0000460|CNP0000460_P07T"	"CNP0000460"	"NMIBC"	"C4"	41	37	754395
"CNP0000460|CNP0000460_P07T"	"CNP0000460"	"NMIBC"	"C8"	42	16	285045
"GSE326225|GSE326225_BC1"	"GSE326225"	"MIBC"	"C2"	43	15	18512
"GSE326225|GSE326225_BC2"	"GSE326225"	"MIBC"	"C2"	44	325	1979145
"GSE326225|GSE326225_BC2"	"GSE326225"	"MIBC"	"C4"	45	63	905964
"GSE326225|GSE326225_BC2"	"GSE326225"	"MIBC"	"C8"	46	48	716191
"GSE326225|GSE326225_BC3"	"GSE326225"	"MIBC"	"C10"	47	1	1303
"GSE326225|GSE326225_BC3"	"GSE326225"	"MIBC"	"C2"	48	798	3819084
"GSE326225|GSE326225_BC3"	"GSE326225"	"MIBC"	"C4"	49	713	11795441
"GSE326225|GSE326225_BC3"	"GSE326225"	"MIBC"	"C8"	50	147	1882719
"GSE326225|GSE326225_BC4"	"GSE326225"	"MIBC"	"C2"	51	53	419342
"GSE326225|GSE326225_BC4"	"GSE326225"	"MIBC"	"C8"	52	1	20939
"GSE326225|GSE326225_BC5"	"GSE326225"	"MIBC"	"C2"	53	2	3382
"GSE326225|GSE326225_BC6"	"GSE326225"	"MIBC"	"C2"	54	28	155498
"GSE326225|GSE326225_BC6"	"GSE326225"	"MIBC"	"C4"	55	2	29619
"GSE326225|GSE326225_BC6"	"GSE326225"	"MIBC"	"C8"	56	2	40087
"GSE326225|GSE326225_BC7"	"GSE326225"	"MIBC"	"C2"	57	5	20316
"GSE326225|GSE326225_BC8"	"GSE326225"	"MIBC"	"C2"	58	13	50713
"HRA003620|HRA003620_BC-01"	"HRA003620"	"MIBC"	"C2"	59	27	274386
"HRA003620|HRA003620_BC-01"	"HRA003620"	"MIBC"	"C4"	60	23	395217
"HRA003620|HRA003620_BC-01"	"HRA003620"	"MIBC"	"C8"	61	3	58815
"HRA003620|HRA003620_BC-04"	"HRA003620"	"MIBC"	"C10"	62	16	246185
"HRA003620|HRA003620_BC-04"	"HRA003620"	"MIBC"	"C2"	63	219	2848852
"HRA003620|HRA003620_BC-04"	"HRA003620"	"MIBC"	"C4"	64	729	15307544
"HRA003620|HRA003620_BC-04"	"HRA003620"	"MIBC"	"C8"	65	302	5455194
"HRA003620|HRA003620_BC-05"	"HRA003620"	"MIBC"	"C10"	66	12	78325
"HRA003620|HRA003620_BC-05"	"HRA003620"	"MIBC"	"C2"	67	851	7452232
"HRA003620|HRA003620_BC-05"	"HRA003620"	"MIBC"	"C4"	68	69	1126816
"HRA003620|HRA003620_BC-05"	"HRA003620"	"MIBC"	"C8"	69	14	212810
"HRA003620|HRA003620_BC-11"	"HRA003620"	"NMIBC"	"C2"	70	21	201116
"HRA003620|HRA003620_BC-11"	"HRA003620"	"NMIBC"	"C4"	71	4	40376
"HRA003620|HRA003620_BC-11"	"HRA003620"	"NMIBC"	"C8"	72	2	27764
"HRA003620|HRA003620_BC-24"	"HRA003620"	"NMIBC"	"C10"	73	33	334259
"HRA003620|HRA003620_BC-24"	"HRA003620"	"NMIBC"	"C2"	74	1666	14508008
"HRA003620|HRA003620_BC-24"	"HRA003620"	"NMIBC"	"C4"	75	581	7907236
"HRA003620|HRA003620_BC-24"	"HRA003620"	"NMIBC"	"C8"	76	41	463367
"HRA003620|HRA003620_BC-27"	"HRA003620"	"NMIBC"	"C10"	77	24	408097
"HRA003620|HRA003620_BC-27"	"HRA003620"	"NMIBC"	"C2"	78	626	6868535
"HRA003620|HRA003620_BC-27"	"HRA003620"	"NMIBC"	"C4"	79	126	2199905
"HRA003620|HRA003620_BC-27"	"HRA003620"	"NMIBC"	"C8"	80	148	2278295
"HRA003620|HRA003620_BC-30"	"HRA003620"	"MIBC"	"C10"	81	2	16871
"HRA003620|HRA003620_BC-30"	"HRA003620"	"MIBC"	"C2"	82	1313	11417128
"HRA003620|HRA003620_BC-30"	"HRA003620"	"MIBC"	"C4"	83	155	1955850
"HRA003620|HRA003620_BC-30"	"HRA003620"	"MIBC"	"C8"	84	4	35868
"HRA003620|HRA003620_NC-01"	"HRA003620"	"Normal"	"C2"	85	4	31653
"HRA003620|HRA003620_NC-01"	"HRA003620"	"Normal"	"C4"	86	2	50575
"HRA003620|HRA003620_NC-04"	"HRA003620"	"Normal"	"C10"	87	2	44474
"HRA003620|HRA003620_NC-04"	"HRA003620"	"Normal"	"C2"	88	2	7062
"HRA003620|HRA003620_NC-04"	"HRA003620"	"Normal"	"C4"	89	18	447703
"HRA003620|HRA003620_NC-05"	"HRA003620"	"Normal"	"C10"	90	7	82833
"HRA003620|HRA003620_NC-05"	"HRA003620"	"Normal"	"C2"	91	316	3650970
"HRA003620|HRA003620_NC-05"	"HRA003620"	"Normal"	"C4"	92	5	100861
"HRA003620|HRA003620_NC-05"	"HRA003620"	"Normal"	"C8"	93	2	24139
"HRA003620|HRA003620_NC-11"	"HRA003620"	"Normal"	"C10"	94	5	77125
"HRA003620|HRA003620_NC-11"	"HRA003620"	"Normal"	"C2"	95	158	1810406
"HRA003620|HRA003620_NC-11"	"HRA003620"	"Normal"	"C4"	96	6	105784
"HRA003620|HRA003620_NC-11"	"HRA003620"	"Normal"	"C8"	97	1	3219
"HRA003620|HRA003620_NC-24"	"HRA003620"	"Normal"	"C10"	98	7	110786
"HRA003620|HRA003620_NC-24"	"HRA003620"	"Normal"	"C2"	99	76	543021
"HRA003620|HRA003620_NC-24"	"HRA003620"	"Normal"	"C4"	100	60	1084869
"HRA003620|HRA003620_NC-24"	"HRA003620"	"Normal"	"C8"	101	35	371622
"HRA003620|HRA003620_NC-27"	"HRA003620"	"Normal"	"C10"	102	1	7925
"HRA003620|HRA003620_NC-27"	"HRA003620"	"Normal"	"C2"	103	55	331057
"HRA003620|HRA003620_NC-27"	"HRA003620"	"Normal"	"C4"	104	37	613414
"HRA003620|HRA003620_NC-27"	"HRA003620"	"Normal"	"C8"	105	22	177550
"InhouseData|T4091568"	"InhouseData"	"MIBC"	"C10"	106	37	269044
"InhouseData|T4091568"	"InhouseData"	"MIBC"	"C2"	107	455	3187045
"InhouseData|T4091568"	"InhouseData"	"MIBC"	"C4"	108	27	208351
"InhouseData|T4091568"	"InhouseData"	"MIBC"	"C8"	109	1	6076
"InhouseData|T4295396"	"InhouseData"	"MIBC"	"C10"	110	2	15675
"InhouseData|T4295396"	"InhouseData"	"MIBC"	"C2"	111	63	231142
"InhouseData|T4295396"	"InhouseData"	"MIBC"	"C4"	112	7	42984
"InhouseData|T4380845"	"InhouseData"	"MIBC"	"C10"	113	5	56114
"InhouseData|T4380845"	"InhouseData"	"MIBC"	"C2"	114	244	2203118
"InhouseData|T4380845"	"InhouseData"	"MIBC"	"C4"	115	9	92531
"InhouseData|T4398343"	"InhouseData"	"MIBC"	"C2"	116	3	7308
"InhouseData|T4463209a"	"InhouseData"	"MIBC"	"C2"	117	199	1320996
"InhouseData|T4463209b"	"InhouseData"	"MIBC"	"C10"	118	9	34915
"InhouseData|T4463209b"	"InhouseData"	"MIBC"	"C2"	119	65	263875
"InhouseData|T4463209b"	"InhouseData"	"MIBC"	"C4"	120	121	1157365
"InhouseData|T4463209b"	"InhouseData"	"MIBC"	"C8"	121	1	2969
"InhouseData|T4465219"	"InhouseData"	"MIBC"	"C10"	122	2	9417
"InhouseData|T4465219"	"InhouseData"	"MIBC"	"C2"	123	2575	8750954
"InhouseData|T4465219"	"InhouseData"	"MIBC"	"C4"	124	3601	27851969
"InhouseData|T4465219"	"InhouseData"	"MIBC"	"C8"	125	81	552339
"InhouseData|T4465935"	"InhouseData"	"MIBC"	"C10"	126	3	20956
"InhouseData|T4465935"	"InhouseData"	"MIBC"	"C2"	127	239	1121379
"InhouseData|T4465935"	"InhouseData"	"MIBC"	"C4"	128	7	113895
"InhouseData|T4465935"	"InhouseData"	"MIBC"	"C8"	129	1	25846
"InhouseData|T4466585"	"InhouseData"	"MIBC"	"C10"	130	1	10192
"InhouseData|T4466585"	"InhouseData"	"MIBC"	"C4"	131	4	20824
"InhouseData|T4469479"	"InhouseData"	"MIBC"	"C2"	132	27	124249
"InhouseData|T4469479"	"InhouseData"	"MIBC"	"C4"	133	19	159147
"InhouseData|T4471438"	"InhouseData"	"MIBC"	"C10"	134	4	35962
"InhouseData|T4471438"	"InhouseData"	"MIBC"	"C2"	135	46	264649
"InhouseData|T4471438"	"InhouseData"	"MIBC"	"C4"	136	220	1768874
"InhouseData|T4471438"	"InhouseData"	"MIBC"	"C8"	137	9	58870
"InhouseData|T8009218"	"InhouseData"	"MIBC"	"C10"	138	8	79457
"InhouseData|T8009218"	"InhouseData"	"MIBC"	"C2"	139	222	958865
"InhouseData|T8009218"	"InhouseData"	"MIBC"	"C4"	140	123	1132471
"InhouseData|T8009218"	"InhouseData"	"MIBC"	"C8"	141	4	22277
"PRJNA662018|PRJNA662018_PRJNA662018_P1N1"	"PRJNA662018"	"Normal"	"C2"	142	198	140845
"PRJNA662018|PRJNA662018_PRJNA662018_P1N1"	"PRJNA662018"	"Normal"	"C4"	143	2	39624
"PRJNA662018|PRJNA662018_PRJNA662018_P1N1"	"PRJNA662018"	"Normal"	"C8"	144	1	2343
"PRJNA662018|PRJNA662018_PRJNA662018_P1T1"	"PRJNA662018"	"NMIBC"	"C10"	145	1	4660
"PRJNA662018|PRJNA662018_PRJNA662018_P1T1"	"PRJNA662018"	"NMIBC"	"C2"	146	35	209180
"PRJNA662018|PRJNA662018_PRJNA662018_P1T1"	"PRJNA662018"	"NMIBC"	"C4"	147	346	9604360
"PRJNA662018|PRJNA662018_PRJNA662018_P1T1"	"PRJNA662018"	"NMIBC"	"C8"	148	11	131924
"PRJNA662018|PRJNA662018_PRJNA662018_P2T2"	"PRJNA662018"	"NMIBC"	"C10"	149	3	23583
"PRJNA662018|PRJNA662018_PRJNA662018_P2T2"	"PRJNA662018"	"NMIBC"	"C2"	150	171	223018
"PRJNA662018|PRJNA662018_PRJNA662018_P2T2"	"PRJNA662018"	"NMIBC"	"C4"	151	36	1182906
"PRJNA662018|PRJNA662018_PRJNA662018_P2T2"	"PRJNA662018"	"NMIBC"	"C8"	152	1	26683
"PRJNA662018|PRJNA662018_PRJNA662018_P3N3"	"PRJNA662018"	"Normal"	"C2"	153	40	27501
"PRJNA662018|PRJNA662018_PRJNA662018_P3N3"	"PRJNA662018"	"Normal"	"C4"	154	7	61265
"PRJNA662018|PRJNA662018_PRJNA662018_P3N3"	"PRJNA662018"	"Normal"	"C8"	155	5	23817
"PRJNA662018|PRJNA662018_PRJNA662018_P3T3"	"PRJNA662018"	"NMIBC"	"C10"	156	3	28084
"PRJNA662018|PRJNA662018_PRJNA662018_P3T3"	"PRJNA662018"	"NMIBC"	"C2"	157	41	320782
"PRJNA662018|PRJNA662018_PRJNA662018_P3T3"	"PRJNA662018"	"NMIBC"	"C4"	158	108	3122743
"PRJNA662018|PRJNA662018_PRJNA662018_P3T3"	"PRJNA662018"	"NMIBC"	"C8"	159	12	330647
"PRJNA662018|PRJNA662018_PRJNA662018_P4T4"	"PRJNA662018"	"NMIBC"	"C4"	160	1	16239
"PRJNA662018|PRJNA662018_PRJNA662018_P5T5"	"PRJNA662018"	"MIBC"	"C2"	161	79	396191
"PRJNA662018|PRJNA662018_PRJNA662018_P5T5"	"PRJNA662018"	"MIBC"	"C4"	162	101	2791849
"PRJNA662018|PRJNA662018_PRJNA662018_P5T5"	"PRJNA662018"	"MIBC"	"C8"	163	142	2119561
"PRJNA662018|PRJNA662018_PRJNA662018_P6N2"	"PRJNA662018"	"Normal"	"C10"	164	33	340391
"PRJNA662018|PRJNA662018_PRJNA662018_P6N2"	"PRJNA662018"	"Normal"	"C2"	165	33	107640
"PRJNA662018|PRJNA662018_PRJNA662018_P6N2"	"PRJNA662018"	"Normal"	"C4"	166	262	9579327
"PRJNA662018|PRJNA662018_PRJNA662018_P6N2"	"PRJNA662018"	"Normal"	"C8"	167	87	2070199
"PRJNA662018|PRJNA662018_PRJNA662018_P6T6"	"PRJNA662018"	"MIBC"	"C10"	168	5	43534
"PRJNA662018|PRJNA662018_PRJNA662018_P6T6"	"PRJNA662018"	"MIBC"	"C2"	169	11	41897
"PRJNA662018|PRJNA662018_PRJNA662018_P6T6"	"PRJNA662018"	"MIBC"	"C4"	170	45	468695
"PRJNA662018|PRJNA662018_PRJNA662018_P6T6"	"PRJNA662018"	"MIBC"	"C8"	171	24	154395
"PRJNA662018|PRJNA662018_PRJNA662018_P7T7"	"PRJNA662018"	"MIBC"	"C10"	172	9	24108
"PRJNA662018|PRJNA662018_PRJNA662018_P7T7"	"PRJNA662018"	"MIBC"	"C2"	173	260	404270
"PRJNA662018|PRJNA662018_PRJNA662018_P7T7"	"PRJNA662018"	"MIBC"	"C4"	174	6821	60312873
"PRJNA662018|PRJNA662018_PRJNA662018_P7T7"	"PRJNA662018"	"MIBC"	"C8"	175	236	1328754
"PRJNA662018|PRJNA662018_PRJNA662018_P8T8"	"PRJNA662018"	"MIBC"	"C10"	176	28	174245
"PRJNA662018|PRJNA662018_PRJNA662018_P8T8"	"PRJNA662018"	"MIBC"	"C2"	177	166	759954
"PRJNA662018|PRJNA662018_PRJNA662018_P8T8"	"PRJNA662018"	"MIBC"	"C4"	178	316	6009114
"PRJNA662018|PRJNA662018_PRJNA662018_P8T8"	"PRJNA662018"	"MIBC"	"C8"	179	7160	144935787
