Target	view	Predictor	standardized_importance	model	raw_importance	oob_r2	internal_meta_r2	importance_interpretable	status	native_standardized_importance	native_p_intra_field	calibration_slope_p	standardization_status	section_id	dataset	cohort	patient_uid	specimen	Predictor_label	Target_label
M01	intra	M01	NA	wang_style_cellcell_intra	NA	0.854276160525912	0.845012675036619	True	PASS	NA	0.0034075800563796	0.0	PROJECT_CORRECTED_NATIVE_COEFFICIENT_SERIALIZATION	GSE171351_A1	GSE171351	GSE171351	NA	GSE171351_A1	B	B
M01	intra	M02	0.641827119456681	wang_style_cellcell_intra	120.250612853303	0.854276160525912	0.845012675036619	True	PASS	0.639640042164777	0.0034075800563796	0.0	PROJECT_CORRECTED_NATIVE_COEFFICIENT_SERIALIZATION	GSE171351_A1	GSE171351	GSE171351	NA	GSE171351_A1	Endothelial	B
M01	intra	M03	0.699549648422493	wang_style_cellcell_intra	123.611375890318	0.854276160525912	0.845012675036619	True	PASS	0.697165876992081	0.0034075800563796	0.0	PROJECT_CORRECTED_NATIVE_COEFFICIENT_SERIALIZATION	GSE171351_A1	GSE171351	GSE171351	NA	GSE171351_A1	Epithelial	B
M01	intra	M04	-1.00560562572085	wang_style_cellcell_intra	24.3325861285756	0.854276160525912	0.845012675036619	True	PASS	-1.00217894404606	0.0034075800563796	0.0	PROJECT_CORRECTED_NATIVE_COEFFICIENT_SERIALIZATION	GSE171351_A1	GSE171351	GSE171351	NA	GSE171351_A1	Fibroblast	B
M01	intra	M05	-1.08391133381329	wang_style_cellcell_intra	19.7734142755848	0.854276160525912	0.845012675036619	True	PASS	-1.0802178191693	0.0034075800563796	0.0	PROJECT_CORRECTED_NATIVE_COEFFICIENT_SERIALIZATION	GSE171351_A1	GSE171351	GSE171351	NA	GSE171351_A1	Mast	B
M01	intra	M06	-0.754614946114889	wang_style_cellcell_intra	38.9459479089426	0.854276160525912	0.845012675036619	True	PASS	-0.752043535274262	0.0034075800563796	0.0	PROJECT_CORRECTED_NATIVE_COEFFICIENT_SERIALIZATION	GSE171351_A1	GSE171351	GSE171351	NA	GSE171351_A1	Mural	B
M01	intra	M07	0.978644797677389	wang_style_cellcell_intra	139.861056530294	0.854276160525912	0.845012675036619	True	PASS	0.975309987182544	0.0034075800563796	0.0	PROJECT_CORRECTED_NATIVE_COEFFICIENT_SERIALIZATION	GSE171351_A1	GSE171351	GSE171351	NA	GSE171351_A1	Myeloid	B
M01	intra	M08	-0.798144481636094	wang_style_cellcell_intra	36.4115396524235	0.854276160525912	0.845012675036619	True	PASS	-0.795424740418361	0.0034075800563796	0.0	PROJECT_CORRECTED_NATIVE_COEFFICIENT_SERIALIZATION	GSE171351_A1	GSE171351	GSE171351	NA	GSE171351_A1	Plasma	B
M01	intra	M09	1.32225482172856	wang_style_cellcell_intra	159.866969103237	0.854276160525912	0.845012675036619	True	PASS	1.31774913256859	0.0034075800563796	0.0	PROJECT_CORRECTED_NATIVE_COEFFICIENT_SERIALIZATION	GSE171351_A1	GSE171351	GSE171351	NA	GSE171351_A1	T_NK	B
M02	intra	M01	0.990918375339643	wang_style_cellcell_intra	464.277748783105	0.88430662595222	0.873022827112438	True	PASS	0.98185149563851	0.0091499763520127	0.0	PROJECT_CORRECTED_NATIVE_COEFFICIENT_SERIALIZATION	GSE171351_A1	GSE171351	GSE171351	NA	GSE171351_A1	B	Endothelial
M02	intra	M02	NA	wang_style_cellcell_intra	NA	0.88430662595222	0.873022827112438	True	PASS	NA	0.0091499763520127	0.0	PROJECT_CORRECTED_NATIVE_COEFFICIENT_SERIALIZATION	GSE171351_A1	GSE171351	GSE171351	NA	GSE171351_A1	Endothelial	Endothelial
M02	intra	M03	1.1238983090077	wang_style_cellcell_intra	490.674550083397	0.88430662595222	0.873022827112438	True	PASS	1.11361466605821	0.0091499763520127	0.0	PROJECT_CORRECTED_NATIVE_COEFFICIENT_SERIALIZATION	GSE171351_A1	GSE171351	GSE171351	NA	GSE171351_A1	Epithelial	Endothelial
M02	intra	M04	-0.849037861056463	wang_style_cellcell_intra	99.0424998723967	0.88430662595222	0.873022827112438	True	PASS	-0.841269184705833	0.0091499763520127	0.0	PROJECT_CORRECTED_NATIVE_COEFFICIENT_SERIALIZATION	GSE171351_A1	GSE171351	GSE171351	NA	GSE171351_A1	Fibroblast	Endothelial
M02	intra	M05	-1.03833941537622	wang_style_cellcell_intra	61.4657363910102	0.88430662595222	0.873022827112438	True	PASS	-1.02883863428016	0.0091499763520127	0.0	PROJECT_CORRECTED_NATIVE_COEFFICIENT_SERIALIZATION	GSE171351_A1	GSE171351	GSE171351	NA	GSE171351_A1	Mast	Endothelial
M02	intra	M06	-0.482200144679605	wang_style_cellcell_intra	171.860571302816	0.88430662595222	0.873022827112438	True	PASS	-0.47778802475885	0.0091499763520127	0.0	PROJECT_CORRECTED_NATIVE_COEFFICIENT_SERIALIZATION	GSE171351_A1	GSE171351	GSE171351	NA	GSE171351_A1	Mural	Endothelial
M02	intra	M07	1.19724805880456	wang_style_cellcell_intra	505.234632325934	0.88430662595222	0.873022827112438	True	PASS	1.18629326737901	0.0091499763520127	0.0	PROJECT_CORRECTED_NATIVE_COEFFICIENT_SERIALIZATION	GSE171351_A1	GSE171351	GSE171351	NA	GSE171351_A1	Myeloid	Endothelial
M02	intra	M08	-1.12157367856847	wang_style_cellcell_intra	44.9435570947958	0.88430662595222	0.873022827112438	True	PASS	-1.11131130593253	0.0091499763520127	0.0	PROJECT_CORRECTED_NATIVE_COEFFICIENT_SERIALIZATION	GSE171351_A1	GSE171351	GSE171351	NA	GSE171351_A1	Plasma	Endothelial
M02	intra	M09	0.179086356528858	wang_style_cellcell_intra	303.12735639942	0.88430662595222	0.873022827112438	True	PASS	0.17744772060165	0.0091499763520127	0.0	PROJECT_CORRECTED_NATIVE_COEFFICIENT_SERIALIZATION	GSE171351_A1	GSE171351	GSE171351	NA	GSE171351_A1	T_NK	Endothelial
M03	intra	M01	0.928465322716873	wang_style_cellcell_intra	9748.91671462762	0.933572683901653	0.931810350598163	True	PASS	0.927989613593244	0.0005123606794883	0.0	PROJECT_CORRECTED_NATIVE_COEFFICIENT_SERIALIZATION	GSE171351_A1	GSE171351	GSE171351	NA	GSE171351_A1	B	Epithelial
M03	intra	M02	0.53573041627188	wang_style_cellcell_intra	7897.15952365985	0.933572683901653	0.931810350598163	True	PASS	0.535455929071777	0.0005123606794883	0.0	PROJECT_CORRECTED_NATIVE_COEFFICIENT_SERIALIZATION	GSE171351_A1	GSE171351	GSE171351	NA	GSE171351_A1	Endothelial	Epithelial
M03	intra	M03	NA	wang_style_cellcell_intra	NA	0.933572683901653	0.931810350598163	True	PASS	NA	0.0005123606794883	0.0	PROJECT_CORRECTED_NATIVE_COEFFICIENT_SERIALIZATION	GSE171351_A1	GSE171351	GSE171351	NA	GSE171351_A1	Epithelial	Epithelial
M03	intra	M04	-0.858293128987167	wang_style_cellcell_intra	1324.29553334536	0.933572683901653	0.931810350598163	True	PASS	-0.857853373336399	0.0005123606794883	0.0	PROJECT_CORRECTED_NATIVE_COEFFICIENT_SERIALIZATION	GSE171351_A1	GSE171351	GSE171351	NA	GSE171351_A1	Fibroblast	Epithelial
M03	intra	M05	-0.939086499970549	wang_style_cellcell_intra	943.352298491956	0.933572683901653	0.931810350598163	True	PASS	-0.938605348973326	0.0005123606794883	0.0	PROJECT_CORRECTED_NATIVE_COEFFICIENT_SERIALIZATION	GSE171351_A1	GSE171351	GSE171351	NA	GSE171351_A1	Mast	Epithelial
M03	intra	M06	-0.725802109118723	wang_style_cellcell_intra	1948.99477640694	0.933572683901653	0.931810350598163	True	PASS	-0.725430236656921	0.0005123606794883	0.0	PROJECT_CORRECTED_NATIVE_COEFFICIENT_SERIALIZATION	GSE171351_A1	GSE171351	GSE171351	NA	GSE171351_A1	Mural	Epithelial
M03	intra	M07	1.64281583754834	wang_style_cellcell_intra	13117.101413779	0.933572683901653	0.931810350598163	True	PASS	1.64197412330954	0.0005123606794883	0.0	PROJECT_CORRECTED_NATIVE_COEFFICIENT_SERIALIZATION	GSE171351_A1	GSE171351	GSE171351	NA	GSE171351_A1	Myeloid	Epithelial
M03	intra	M08	-0.938572981138074	wang_style_cellcell_intra	945.773555617637	0.933572683901653	0.931810350598163	True	PASS	-0.938092093247709	0.0005123606794883	0.0	PROJECT_CORRECTED_NATIVE_COEFFICIENT_SERIALIZATION	GSE171351_A1	GSE171351	GSE171351	NA	GSE171351_A1	Plasma	Epithelial
M03	intra	M09	0.354743142677425	wang_style_cellcell_intra	7043.79894925641	0.933572683901653	0.931810350598163	True	PASS	0.354561386239799	0.0005123606794883	0.0	PROJECT_CORRECTED_NATIVE_COEFFICIENT_SERIALIZATION	GSE171351_A1	GSE171351	GSE171351	NA	GSE171351_A1	T_NK	Epithelial
M04	intra	M01	-0.755158394871508	wang_style_cellcell_intra	56.370838851715	0.538180106635629	0.527829008208261	True	PASS	-0.615797312069782	0.184545498994868	5.05496347608965e-131	PROJECT_CORRECTED_NATIVE_COEFFICIENT_SERIALIZATION	GSE171351_A1	GSE171351	GSE171351	NA	GSE171351_A1	B	Fibroblast
M04	intra	M02	0.762945004840388	wang_style_cellcell_intra	92.3636949000222	0.538180106635629	0.527829008208261	True	PASS	0.622146938216476	0.184545498994868	5.05496347608965e-131	PROJECT_CORRECTED_NATIVE_COEFFICIENT_SERIALIZATION	GSE171351_A1	GSE171351	GSE171351	NA	GSE171351_A1	Endothelial	Fibroblast
M04	intra	M03	0.278713711137533	wang_style_cellcell_intra	80.8830096900161	0.538180106635629	0.527829008208261	True	PASS	0.227278350238945	0.184545498994868	5.05496347608965e-131	PROJECT_CORRECTED_NATIVE_COEFFICIENT_SERIALIZATION	GSE171351_A1	GSE171351	GSE171351	NA	GSE171351_A1	Epithelial	Fibroblast
M04	intra	M04	NA	wang_style_cellcell_intra	NA	0.538180106635629	0.527829008208261	True	PASS	NA	0.184545498994868	5.05496347608965e-131	PROJECT_CORRECTED_NATIVE_COEFFICIENT_SERIALIZATION	GSE171351_A1	GSE171351	GSE171351	NA	GSE171351_A1	Fibroblast	Fibroblast
M04	intra	M05	-1.54353289001942	wang_style_cellcell_intra	37.6791939206775	0.538180106635629	0.527829008208261	True	PASS	-1.2586808426158	0.184545498994868	5.05496347608965e-131	PROJECT_CORRECTED_NATIVE_COEFFICIENT_SERIALIZATION	GSE171351_A1	GSE171351	GSE171351	NA	GSE171351_A1	Mast	Fibroblast
M04	intra	M06	-1.06239530818731	wang_style_cellcell_intra	49.0865300254515	0.538180106635629	0.527829008208261	True	PASS	-0.866335035908078	0.184545498994868	5.05496347608965e-131	PROJECT_CORRECTED_NATIVE_COEFFICIENT_SERIALIZATION	GSE171351_A1	GSE171351	GSE171351	NA	GSE171351_A1	Mural	Fibroblast
M04	intra	M07	1.05327895602281	wang_style_cellcell_intra	99.247249809937	0.538180106635629	0.527829008208261	True	PASS	0.858901065502786	0.184545498994868	5.05496347608965e-131	PROJECT_CORRECTED_NATIVE_COEFFICIENT_SERIALIZATION	GSE171351_A1	GSE171351	GSE171351	NA	GSE171351_A1	Myeloid	Fibroblast
M04	intra	M08	1.05010485970927	wang_style_cellcell_intra	99.171994862403	0.538180106635629	0.527829008208261	True	PASS	0.856312734377289	0.184545498994868	5.05496347608965e-131	PROJECT_CORRECTED_NATIVE_COEFFICIENT_SERIALIZATION	GSE171351_A1	GSE171351	GSE171351	NA	GSE171351_A1	Plasma	Fibroblast
M04	intra	M09	0.216044061368241	wang_style_cellcell_intra	79.3971690791776	0.538180106635629	0.527829008208261	True	PASS	0.176174102258161	0.184545498994868	5.05496347608965e-131	PROJECT_CORRECTED_NATIVE_COEFFICIENT_SERIALIZATION	GSE171351_A1	GSE171351	GSE171351	NA	GSE171351_A1	T_NK	Fibroblast
M05	intra	M01	-0.250395126805998	wang_style_cellcell_intra	2.85381982604219	0.468253357391054	0.437087326484984	True	PASS	-0.0300958224417783	0.879806676648719	2.73990622659386e-107	PROJECT_CORRECTED_NATIVE_COEFFICIENT_SERIALIZATION	GSE171351_A1	GSE171351	GSE171351	NA	GSE171351_A1	B	Mast
M05	intra	M02	0.101701201398827	wang_style_cellcell_intra	3.55537686725481	0.468253357391054	0.437087326484984	True	PASS	0.0122238053849429	0.879806676648719	2.73990622659386e-107	PROJECT_CORRECTED_NATIVE_COEFFICIENT_SERIALIZATION	GSE171351_A1	GSE171351	GSE171351	NA	GSE171351_A1	Endothelial	Mast
M05	intra	M03	0.209381051053604	wang_style_cellcell_intra	3.76993052962097	0.468253357391054	0.437087326484984	True	PASS	0.0251662043729168	0.879806676648719	2.73990622659386e-107	PROJECT_CORRECTED_NATIVE_COEFFICIENT_SERIALIZATION	GSE171351_A1	GSE171351	GSE171351	NA	GSE171351_A1	Epithelial	Mast
M05	intra	M04	-0.842759057709588	wang_style_cellcell_intra	1.6735261012975	0.468253357391054	0.437087326484984	True	PASS	-0.101294011930509	0.879806676648719	2.73990622659386e-107	PROJECT_CORRECTED_NATIVE_COEFFICIENT_SERIALIZATION	GSE171351_A1	GSE171351	GSE171351	NA	GSE171351_A1	Fibroblast	Mast
M05	intra	M05	NA	wang_style_cellcell_intra	NA	0.468253357391054	0.437087326484984	True	PASS	NA	0.879806676648719	2.73990622659386e-107	PROJECT_CORRECTED_NATIVE_COEFFICIENT_SERIALIZATION	GSE171351_A1	GSE171351	GSE171351	NA	GSE171351_A1	Mast	Mast
M05	intra	M06	2.29995335279397	wang_style_cellcell_intra	7.93542616522679	0.468253357391054	0.437087326484984	True	PASS	0.276439037025229	0.879806676648719	2.73990622659386e-107	PROJECT_CORRECTED_NATIVE_COEFFICIENT_SERIALIZATION	GSE171351_A1	GSE171351	GSE171351	NA	GSE171351_A1	Mural	Mast
M05	intra	M07	-0.359778938019249	wang_style_cellcell_intra	2.63587099555428	0.468253357391054	0.437087326484984	True	PASS	-0.0432430262323281	0.879806676648719	2.73990622659386e-107	PROJECT_CORRECTED_NATIVE_COEFFICIENT_SERIALIZATION	GSE171351_A1	GSE171351	GSE171351	NA	GSE171351_A1	Myeloid	Mast
M05	intra	M08	-0.375275748825233	wang_style_cellcell_intra	2.6049933752374	0.468253357391054	0.437087326484984	True	PASS	-0.0451056394244454	0.879806676648719	2.73990622659386e-107	PROJECT_CORRECTED_NATIVE_COEFFICIENT_SERIALIZATION	GSE171351_A1	GSE171351	GSE171351	NA	GSE171351_A1	Plasma	Mast
M05	intra	M09	-0.782826733886333	wang_style_cellcell_intra	1.79294212585196	0.468253357391054	0.437087326484984	True	PASS	-0.0940905467540272	0.879806676648719	2.73990622659386e-107	PROJECT_CORRECTED_NATIVE_COEFFICIENT_SERIALIZATION	GSE171351_A1	GSE171351	GSE171351	NA	GSE171351_A1	T_NK	Mast
M06	intra	M01	-0.501901558117419	wang_style_cellcell_intra	760.878666989659	0.712774737428238	0.689322385215726	True	PASS	-0.501901392432202	3.30114968662681e-07	1.1434481636039499e-216	PROJECT_CORRECTED_NATIVE_COEFFICIENT_SERIALIZATION	GSE171351_A1	GSE171351	GSE171351	NA	GSE171351_A1	B	Mural
M06	intra	M02	0.114543271056552	wang_style_cellcell_intra	1101.41157157554	0.712774737428238	0.689322385215726	True	PASS	0.114543233244104	3.30114968662681e-07	1.1434481636039499e-216	PROJECT_CORRECTED_NATIVE_COEFFICIENT_SERIALIZATION	GSE171351_A1	GSE171351	GSE171351	NA	GSE171351_A1	Endothelial	Mural
M06	intra	M03	0.656647173514886	wang_style_cellcell_intra	1400.87748929416	0.712774737428238	0.689322385215726	True	PASS	0.656646956745824	3.30114968662681e-07	1.1434481636039499e-216	PROJECT_CORRECTED_NATIVE_COEFFICIENT_SERIALIZATION	GSE171351_A1	GSE171351	GSE171351	NA	GSE171351_A1	Epithelial	Mural
M06	intra	M04	-1.02633608607966	wang_style_cellcell_intra	471.173563434141	0.712774737428238	0.689322385215726	True	PASS	-1.02633574727076	3.30114968662681e-07	1.1434481636039499e-216	PROJECT_CORRECTED_NATIVE_COEFFICIENT_SERIALIZATION	GSE171351_A1	GSE171351	GSE171351	NA	GSE171351_A1	Fibroblast	Mural
M06	intra	M05	2.02395157876276	wang_style_cellcell_intra	2156.1959193247	0.712774737428238	0.689322385215726	True	PASS	2.02395091062605	3.30114968662681e-07	1.1434481636039499e-216	PROJECT_CORRECTED_NATIVE_COEFFICIENT_SERIALIZATION	GSE171351_A1	GSE171351	GSE171351	NA	GSE171351_A1	Mast	Mural
M06	intra	M06	NA	wang_style_cellcell_intra	NA	0.712774737428238	0.689322385215726	True	PASS	NA	3.30114968662681e-07	1.1434481636039499e-216	PROJECT_CORRECTED_NATIVE_COEFFICIENT_SERIALIZATION	GSE171351_A1	GSE171351	GSE171351	NA	GSE171351_A1	Mural	Mural
M06	intra	M07	-0.467501331496491	wang_style_cellcell_intra	779.881842189189	0.712774737428238	0.689322385215726	True	PASS	-0.467501177167303	3.30114968662681e-07	1.1434481636039499e-216	PROJECT_CORRECTED_NATIVE_COEFFICIENT_SERIALIZATION	GSE171351_A1	GSE171351	GSE171351	NA	GSE171351_A1	Myeloid	Mural
M06	intra	M08	0.15525941558206	wang_style_cellcell_intra	1123.90374979267	0.712774737428238	0.689322385215726	True	PASS	0.155259364328603	3.30114968662681e-07	1.1434481636039499e-216	PROJECT_CORRECTED_NATIVE_COEFFICIENT_SERIALIZATION	GSE171351_A1	GSE171351	GSE171351	NA	GSE171351_A1	Plasma	Mural
M06	intra	M09	-0.954662463222688	wang_style_cellcell_intra	510.767093655465	0.712774737428238	0.689322385215726	True	PASS	-0.954662148074319	3.30114968662681e-07	1.1434481636039499e-216	PROJECT_CORRECTED_NATIVE_COEFFICIENT_SERIALIZATION	GSE171351_A1	GSE171351	GSE171351	NA	GSE171351_A1	T_NK	Mural
M07	intra	M01	0.302535086186902	wang_style_cellcell_intra	566.107375796536	0.91969761288977	0.91688107716973	True	PASS	0.298844760015021	0.0121980105461266	0.0	PROJECT_CORRECTED_NATIVE_COEFFICIENT_SERIALIZATION	GSE171351_A1	GSE171351	GSE171351	NA	GSE171351_A1	B	Myeloid
M07	intra	M02	0.541858424437041	wang_style_cellcell_intra	669.508566953781	0.91969761288977	0.91688107716973	True	PASS	0.53524882966125	0.0121980105461266	0.0	PROJECT_CORRECTED_NATIVE_COEFFICIENT_SERIALIZATION	GSE171351_A1	GSE171351	GSE171351	NA	GSE171351_A1	Endothelial	Myeloid
M07	intra	M03	2.04209566444067	wang_style_cellcell_intra	1317.69573820532	0.91969761288977	0.91688107716973	True	PASS	2.01718615998963	0.0121980105461266	0.0	PROJECT_CORRECTED_NATIVE_COEFFICIENT_SERIALIZATION	GSE171351_A1	GSE171351	GSE171351	NA	GSE171351_A1	Epithelial	Myeloid
M07	intra	M04	-0.783787766414217	wang_style_cellcell_intra	96.7545840396018	0.91969761288977	0.91688107716973	True	PASS	-0.774227114973572	0.0121980105461266	0.0	PROJECT_CORRECTED_NATIVE_COEFFICIENT_SERIALIZATION	GSE171351_A1	GSE171351	GSE171351	NA	GSE171351_A1	Fibroblast	Myeloid
M07	intra	M05	-0.82881629098851	wang_style_cellcell_intra	77.2997197080307	0.91969761288977	0.91688107716973	True	PASS	-0.818706381130231	0.0121980105461266	0.0	PROJECT_CORRECTED_NATIVE_COEFFICIENT_SERIALIZATION	GSE171351_A1	GSE171351	GSE171351	NA	GSE171351_A1	Mast	Myeloid
M07	intra	M06	-0.630274296566139	wang_style_cellcell_intra	163.081068355905	0.91969761288977	0.91688107716973	True	PASS	-0.622586204049673	0.0121980105461266	0.0	PROJECT_CORRECTED_NATIVE_COEFFICIENT_SERIALIZATION	GSE171351_A1	GSE171351	GSE171351	NA	GSE171351_A1	Mural	Myeloid
M07	intra	M07	NA	wang_style_cellcell_intra	NA	0.91969761288977	0.91688107716973	True	PASS	NA	0.0121980105461266	0.0	PROJECT_CORRECTED_NATIVE_COEFFICIENT_SERIALIZATION	GSE171351_A1	GSE171351	GSE171351	NA	GSE171351_A1	Myeloid	Myeloid
M07	intra	M08	-0.840979960361732	wang_style_cellcell_intra	72.0443279387606	0.91969761288977	0.91688107716973	True	PASS	-0.830721677936158	0.0121980105461266	0.0	PROJECT_CORRECTED_NATIVE_COEFFICIENT_SERIALIZATION	GSE171351_A1	GSE171351	GSE171351	NA	GSE171351_A1	Plasma	Myeloid
M07	intra	M09	0.197369139265982	wang_style_cellcell_intra	520.669750447031	0.91969761288977	0.91688107716973	True	PASS	0.194961628423736	0.0121980105461266	0.0	PROJECT_CORRECTED_NATIVE_COEFFICIENT_SERIALIZATION	GSE171351_A1	GSE171351	GSE171351	NA	GSE171351_A1	T_NK	Myeloid
M08	intra	M01	1.30248679473448	wang_style_cellcell_intra	6.59154586380251	0.480267375209054	0.431896345479761	True	PASS	1.30125426554863	0.0009462891991121	1.54510613359604e-113	PROJECT_CORRECTED_NATIVE_COEFFICIENT_SERIALIZATION	GSE171351_A1	GSE171351	GSE171351	NA	GSE171351_A1	B	Plasma
M08	intra	M02	-0.763667760491819	wang_style_cellcell_intra	3.52074826931243	0.480267375209054	0.431896345479761	True	PASS	-0.762945109938356	0.0009462891991121	1.54510613359604e-113	PROJECT_CORRECTED_NATIVE_COEFFICIENT_SERIALIZATION	GSE171351_A1	GSE171351	GSE171351	NA	GSE171351_A1	Endothelial	Plasma
M08	intra	M03	0.175763981121644	wang_style_cellcell_intra	4.91696750423714	0.480267375209054	0.431896345479761	True	PASS	0.175597657564716	0.0009462891991121	1.54510613359604e-113	PROJECT_CORRECTED_NATIVE_COEFFICIENT_SERIALIZATION	GSE171351_A1	GSE171351	GSE171351	NA	GSE171351_A1	Epithelial	Plasma
M08	intra	M04	-0.882290085587888	wang_style_cellcell_intra	3.3444472517354	0.480267375209054	0.431896345479761	True	PASS	-0.881455184009413	0.0009462891991121	1.54510613359604e-113	PROJECT_CORRECTED_NATIVE_COEFFICIENT_SERIALIZATION	GSE171351_A1	GSE171351	GSE171351	NA	GSE171351_A1	Fibroblast	Plasma
M08	intra	M05	-1.4844457758074	wang_style_cellcell_intra	2.44950053036969	0.480267375209054	0.431896345479761	True	PASS	-1.48304106080308	0.0009462891991121	1.54510613359604e-113	PROJECT_CORRECTED_NATIVE_COEFFICIENT_SERIALIZATION	GSE171351_A1	GSE171351	GSE171351	NA	GSE171351_A1	Mast	Plasma
M08	intra	M06	0.874166597603796	wang_style_cellcell_intra	5.95496007321225	0.480267375209054	0.431896345479761	True	PASS	0.873339383194259	0.0009462891991121	1.54510613359604e-113	PROJECT_CORRECTED_NATIVE_COEFFICIENT_SERIALIZATION	GSE171351_A1	GSE171351	GSE171351	NA	GSE171351_A1	Mural	Plasma
M08	intra	M07	-0.176972036327127	wang_style_cellcell_intra	4.39271780029712	0.480267375209054	0.431896345479761	True	PASS	-0.176804569600606	0.0009462891991121	1.54510613359604e-113	PROJECT_CORRECTED_NATIVE_COEFFICIENT_SERIALIZATION	GSE171351_A1	GSE171351	GSE171351	NA	GSE171351_A1	Myeloid	Plasma
M08	intra	M08	NA	wang_style_cellcell_intra	NA	0.480267375209054	0.431896345479761	True	PASS	NA	0.0009462891991121	1.54510613359604e-113	PROJECT_CORRECTED_NATIVE_COEFFICIENT_SERIALIZATION	GSE171351_A1	GSE171351	GSE171351	NA	GSE171351_A1	Plasma	Plasma
M08	intra	M09	0.954958284754319	wang_style_cellcell_intra	6.07503575580292	0.480267375209054	0.431896345479761	True	PASS	0.954054618043853	0.0009462891991121	1.54510613359604e-113	PROJECT_CORRECTED_NATIVE_COEFFICIENT_SERIALIZATION	GSE171351_A1	GSE171351	GSE171351	NA	GSE171351_A1	T_NK	Plasma
M09	intra	M01	1.21839006693651	wang_style_cellcell_intra	162.351831459571	0.781694897058702	0.779692225891934	True	PASS	1.15983944335146	0.04805572958442	2.89173916599319e-256	PROJECT_CORRECTED_NATIVE_COEFFICIENT_SERIALIZATION	GSE171351_A1	GSE171351	GSE171351	NA	GSE171351_A1	B	T_NK
M09	intra	M02	-0.136930820070605	wang_style_cellcell_intra	81.489268197879	0.781694897058702	0.779692225891934	True	PASS	-0.130350509609519	0.04805572958442	2.89173916599319e-256	PROJECT_CORRECTED_NATIVE_COEFFICIENT_SERIALIZATION	GSE171351_A1	GSE171351	GSE171351	NA	GSE171351_A1	Endothelial	T_NK
M09	intra	M03	0.875881844724227	wang_style_cellcell_intra	141.916749958355	0.781694897058702	0.779692225891934	True	PASS	0.833790703646257	0.04805572958442	2.89173916599319e-256	PROJECT_CORRECTED_NATIVE_COEFFICIENT_SERIALIZATION	GSE171351_A1	GSE171351	GSE171351	NA	GSE171351_A1	Epithelial	T_NK
M09	intra	M04	-0.746541220901636	wang_style_cellcell_intra	45.1180589331569	0.781694897058702	0.779692225891934	True	PASS	-0.710665637866364	0.04805572958442	2.89173916599319e-256	PROJECT_CORRECTED_NATIVE_COEFFICIENT_SERIALIZATION	GSE171351_A1	GSE171351	GSE171351	NA	GSE171351_A1	Fibroblast	T_NK
M09	intra	M05	-1.18791789528785	wang_style_cellcell_intra	18.7841850904798	0.781694897058702	0.779692225891934	True	PASS	-1.13083163414341	0.04805572958442	2.89173916599319e-256	PROJECT_CORRECTED_NATIVE_COEFFICIENT_SERIALIZATION	GSE171351_A1	GSE171351	GSE171351	NA	GSE171351_A1	Mast	T_NK
M09	intra	M06	-0.874845222829432	wang_style_cellcell_intra	37.4630522317363	0.781694897058702	0.779692225891934	True	PASS	-0.832803897372919	0.04805572958442	2.89173916599319e-256	PROJECT_CORRECTED_NATIVE_COEFFICIENT_SERIALIZATION	GSE171351_A1	GSE171351	GSE171351	NA	GSE171351_A1	Mural	T_NK
M09	intra	M07	1.3295465127913	wang_style_cellcell_intra	168.983762850171	0.781694897058702	0.779692225891934	True	PASS	1.26565418510269	0.04805572958442	2.89173916599319e-256	PROJECT_CORRECTED_NATIVE_COEFFICIENT_SERIALIZATION	GSE171351_A1	GSE171351	GSE171351	NA	GSE171351_A1	Myeloid	T_NK
M09	intra	M08	-0.477583265362511	wang_style_cellcell_intra	61.1649079878808	0.781694897058702	0.779692225891934	True	PASS	-0.454632653108206	0.04805572958442	2.89173916599319e-256	PROJECT_CORRECTED_NATIVE_COEFFICIENT_SERIALIZATION	GSE171351_A1	GSE171351	GSE171351	NA	GSE171351_A1	Plasma	T_NK
M09	intra	M09	NA	wang_style_cellcell_intra	NA	0.781694897058702	0.779692225891934	True	PASS	NA	0.04805572958442	2.89173916599319e-256	PROJECT_CORRECTED_NATIVE_COEFFICIENT_SERIALIZATION	GSE171351_A1	GSE171351	GSE171351	NA	GSE171351_A1	T_NK	T_NK
M01	intra	M01	NA	wang_style_cellcell_intra	NA	0.904426562346429	0.904905097099543	True	PASS	NA	1.68430289863759e-05	0.0	PROJECT_CORRECTED_NATIVE_COEFFICIENT_SERIALIZATION	GSE171351_B1	GSE171351	GSE171351	NA	GSE171351_B1	B	B
M01	intra	M02	0.847859202891962	wang_style_cellcell_intra	275.277044426676	0.904426562346429	0.904905097099543	True	PASS	0.847844922374831	1.68430289863759e-05	0.0	PROJECT_CORRECTED_NATIVE_COEFFICIENT_SERIALIZATION	GSE171351_B1	GSE171351	GSE171351	NA	GSE171351_B1	Endothelial	B
M01	intra	M03	2.03740464844748	wang_style_cellcell_intra	454.825500810816	0.904426562346429	0.904905097099543	True	PASS	2.03737033238193	1.68430289863759e-05	0.0	PROJECT_CORRECTED_NATIVE_COEFFICIENT_SERIALIZATION	GSE171351_B1	GSE171351	GSE171351	NA	GSE171351_B1	Epithelial	B
M01	intra	M04	-0.807277521460818	wang_style_cellcell_intra	25.4528405069505	0.904426562346429	0.904905097099543	True	PASS	-0.807263924462123	1.68430289863759e-05	0.0	PROJECT_CORRECTED_NATIVE_COEFFICIENT_SERIALIZATION	GSE171351_B1	GSE171351	GSE171351	NA	GSE171351_B1	Fibroblast	B
M01	intra	M05	0.117616086027633	wang_style_cellcell_intra	165.055089554744	0.904426562346429	0.904905097099543	True	PASS	0.117614105016486	1.68430289863759e-05	0.0	PROJECT_CORRECTED_NATIVE_COEFFICIENT_SERIALIZATION	GSE171351_B1	GSE171351	GSE171351	NA	GSE171351_B1	Mast	B
M01	intra	M06	-0.779760431596318	wang_style_cellcell_intra	29.6062345851796	0.904426562346429	0.904905097099543	True	PASS	-0.779747298068766	1.68430289863759e-05	0.0	PROJECT_CORRECTED_NATIVE_COEFFICIENT_SERIALIZATION	GSE171351_B1	GSE171351	GSE171351	NA	GSE171351_B1	Mural	B
M01	intra	M07	-0.128520332099699	wang_style_cellcell_intra	127.903575840154	0.904426562346429	0.904905097099543	True	PASS	-0.12851816742802	1.68430289863759e-05	0.0	PROJECT_CORRECTED_NATIVE_COEFFICIENT_SERIALIZATION	GSE171351_B1	GSE171351	GSE171351	NA	GSE171351_B1	Myeloid	B
M01	intra	M08	-0.568016243891119	wang_style_cellcell_intra	61.5666293669253	0.904426562346429	0.904905097099543	True	PASS	-0.568006676777058	1.68430289863759e-05	0.0	PROJECT_CORRECTED_NATIVE_COEFFICIENT_SERIALIZATION	GSE171351_B1	GSE171351	GSE171351	NA	GSE171351_B1	Plasma	B
M01	intra	M09	-0.719305408319126	wang_style_cellcell_intra	38.7312378800456	0.904426562346429	0.904905097099543	True	PASS	-0.719293293037283	1.68430289863759e-05	0.0	PROJECT_CORRECTED_NATIVE_COEFFICIENT_SERIALIZATION	GSE171351_B1	GSE171351	GSE171351	NA	GSE171351_B1	T_NK	B
M02	intra	M01	1.63420894930901	wang_style_cellcell_intra	231.751363529501	0.725096823052639	0.728716244130148	True	PASS	1.49523504476643	0.0850404745374458	1.2738411269705399e-287	PROJECT_CORRECTED_NATIVE_COEFFICIENT_SERIALIZATION	GSE171351_B1	GSE171351	GSE171351	NA	GSE171351_B1	B	Endothelial
M02	intra	M02	NA	wang_style_cellcell_intra	NA	0.725096823052639	0.728716244130148	True	PASS	NA	0.0850404745374458	1.2738411269705399e-287	PROJECT_CORRECTED_NATIVE_COEFFICIENT_SERIALIZATION	GSE171351_B1	GSE171351	GSE171351	NA	GSE171351_B1	Endothelial	Endothelial
M02	intra	M03	1.17165578969225	wang_style_cellcell_intra	197.27480070672	0.725096823052639	0.728716244130148	True	PASS	1.07201762534228	0.0850404745374458	1.2738411269705399e-287	PROJECT_CORRECTED_NATIVE_COEFFICIENT_SERIALIZATION	GSE171351_B1	GSE171351	GSE171351	NA	GSE171351_B1	Epithelial	Endothelial
M02	intra	M04	-0.871927900972516	wang_style_cellcell_intra	44.9555698680685	0.725096823052639	0.728716244130148	True	PASS	-0.797778738511374	0.0850404745374458	1.2738411269705399e-287	PROJECT_CORRECTED_NATIVE_COEFFICIENT_SERIALIZATION	GSE171351_B1	GSE171351	GSE171351	NA	GSE171351_B1	Fibroblast	Endothelial
M02	intra	M05	-0.461657049865075	wang_style_cellcell_intra	75.5352523942468	0.725096823052639	0.728716244130148	True	PASS	-0.422397515270992	0.0850404745374458	1.2738411269705399e-287	PROJECT_CORRECTED_NATIVE_COEFFICIENT_SERIALIZATION	GSE171351_B1	GSE171351	GSE171351	NA	GSE171351_B1	Mast	Endothelial
M02	intra	M06	0.270836497858207	wang_style_cellcell_intra	130.131917210647	0.725096823052639	0.728716244130148	True	PASS	0.247804433558285	0.0850404745374458	1.2738411269705399e-287	PROJECT_CORRECTED_NATIVE_COEFFICIENT_SERIALIZATION	GSE171351_B1	GSE171351	GSE171351	NA	GSE171351_B1	Mural	Endothelial
M02	intra	M07	0.192167097899842	wang_style_cellcell_intra	124.268265750256	0.725096823052639	0.728716244130148	True	PASS	0.175825116703955	0.0850404745374458	1.2738411269705399e-287	PROJECT_CORRECTED_NATIVE_COEFFICIENT_SERIALIZATION	GSE171351_B1	GSE171351	GSE171351	NA	GSE171351_B1	Myeloid	Endothelial
M02	intra	M08	-0.978973818094043	wang_style_cellcell_intra	36.9768646969262	0.725096823052639	0.728716244130148	True	PASS	-0.89572142004359	0.0850404745374458	1.2738411269705399e-287	PROJECT_CORRECTED_NATIVE_COEFFICIENT_SERIALIZATION	GSE171351_B1	GSE171351	GSE171351	NA	GSE171351_B1	Plasma	Endothelial
M02	intra	M09	-0.956309565827679	wang_style_cellcell_intra	38.6661527297655	0.725096823052639	0.728716244130148	True	PASS	-0.874984546544994	0.0850404745374458	1.2738411269705399e-287	PROJECT_CORRECTED_NATIVE_COEFFICIENT_SERIALIZATION	GSE171351_B1	GSE171351	GSE171351	NA	GSE171351_B1	T_NK	Endothelial
M03	intra	M01	1.90932419439278	wang_style_cellcell_intra	6803.51046169645	0.937531186979034	0.939278044572644	True	PASS	1.90932419382085	2.99548128618044e-10	0.0	PROJECT_CORRECTED_NATIVE_COEFFICIENT_SERIALIZATION	GSE171351_B1	GSE171351	GSE171351	NA	GSE171351_B1	B	Epithelial
M03	intra	M02	0.400032355885374	wang_style_cellcell_intra	3420.01545403882	0.937531186979034	0.939278044572644	True	PASS	0.400032355765545	2.99548128618044e-10	0.0	PROJECT_CORRECTED_NATIVE_COEFFICIENT_SERIALIZATION	GSE171351_B1	GSE171351	GSE171351	NA	GSE171351_B1	Endothelial	Epithelial
M03	intra	M03	NA	wang_style_cellcell_intra	NA	0.937531186979034	0.939278044572644	True	PASS	NA	2.99548128618044e-10	0.0	PROJECT_CORRECTED_NATIVE_COEFFICIENT_SERIALIZATION	GSE171351_B1	GSE171351	GSE171351	NA	GSE171351_B1	Epithelial	Epithelial
M03	intra	M04	-0.917461014758255	wang_style_cellcell_intra	466.4897484979	0.937531186979034	0.939278044572644	True	PASS	-0.917461014483431	2.99548128618044e-10	0.0	PROJECT_CORRECTED_NATIVE_COEFFICIENT_SERIALIZATION	GSE171351_B1	GSE171351	GSE171351	NA	GSE171351_B1	Fibroblast	Epithelial
M03	intra	M05	0.789950544986513	wang_style_cellcell_intra	4294.12489567159	0.937531186979034	0.939278044572644	True	PASS	0.789950544749885	2.99548128618044e-10	0.0	PROJECT_CORRECTED_NATIVE_COEFFICIENT_SERIALIZATION	GSE171351_B1	GSE171351	GSE171351	NA	GSE171351_B1	Mast	Epithelial
M03	intra	M06	-0.849102056241613	wang_style_cellcell_intra	619.735256734706	0.937531186979034	0.939278044572644	True	PASS	-0.849102055987266	2.99548128618044e-10	0.0	PROJECT_CORRECTED_NATIVE_COEFFICIENT_SERIALIZATION	GSE171351_B1	GSE171351	GSE171351	NA	GSE171351_B1	Mural	Epithelial
M03	intra	M07	-0.451324565082362	wang_style_cellcell_intra	1511.46349719673	0.937531186979034	0.939278044572644	True	PASS	-0.451324564947169	2.99548128618044e-10	0.0	PROJECT_CORRECTED_NATIVE_COEFFICIENT_SERIALIZATION	GSE171351_B1	GSE171351	GSE171351	NA	GSE171351_B1	Myeloid	Epithelial
M03	intra	M08	0.0151303527579314	wang_style_cellcell_intra	2557.15118034936	0.937531186979034	0.939278044572644	True	PASS	0.0151303527533991	2.99548128618044e-10	0.0	PROJECT_CORRECTED_NATIVE_COEFFICIENT_SERIALIZATION	GSE171351_B1	GSE171351	GSE171351	NA	GSE171351_B1	Plasma	Epithelial
M03	intra	M09	-0.896549811940371	wang_style_cellcell_intra	513.367992011359	0.937531186979034	0.939278044572644	True	PASS	-0.896549811671811	2.99548128618044e-10	0.0	PROJECT_CORRECTED_NATIVE_COEFFICIENT_SERIALIZATION	GSE171351_B1	GSE171351	GSE171351	NA	GSE171351_B1	T_NK	Epithelial
M04	intra	M01	-1.10666062972643	wang_style_cellcell_intra	18.5248818776326	0.318528913869339	0.319447259163062	True	PASS	-0.151270727206003	0.863308838190622	1.28465491473826e-86	PROJECT_CORRECTED_NATIVE_COEFFICIENT_SERIALIZATION	GSE171351_B1	GSE171351	GSE171351	NA	GSE171351_B1	B	Fibroblast
M04	intra	M02	-0.425687930332424	wang_style_cellcell_intra	21.6732447705512	0.318528913869339	0.319447259163062	True	PASS	-0.0581877777653687	0.863308838190622	1.28465491473826e-86	PROJECT_CORRECTED_NATIVE_COEFFICIENT_SERIALIZATION	GSE171351_B1	GSE171351	GSE171351	NA	GSE171351_B1	Endothelial	Fibroblast
M04	intra	M03	-0.179629417740949	wang_style_cellcell_intra	22.8108549731616	0.318528913869339	0.319447259163062	True	PASS	-0.0245537538061524	0.863308838190622	1.28465491473826e-86	PROJECT_CORRECTED_NATIVE_COEFFICIENT_SERIALIZATION	GSE171351_B1	GSE171351	GSE171351	NA	GSE171351_B1	Epithelial	Fibroblast
M04	intra	M04	NA	wang_style_cellcell_intra	NA	0.318528913869339	0.319447259163062	True	PASS	NA	0.863308838190622	1.28465491473826e-86	PROJECT_CORRECTED_NATIVE_COEFFICIENT_SERIALIZATION	GSE171351_B1	GSE171351	GSE171351	NA	GSE171351_B1	Fibroblast	Fibroblast
M04	intra	M05	-1.17587116342424	wang_style_cellcell_intra	18.2048986003482	0.318528913869339	0.319447259163062	True	PASS	-0.160731195466605	0.863308838190622	1.28465491473826e-86	PROJECT_CORRECTED_NATIVE_COEFFICIENT_SERIALIZATION	GSE171351_B1	GSE171351	GSE171351	NA	GSE171351_B1	Mast	Fibroblast
M04	intra	M06	0.328726962810272	wang_style_cellcell_intra	25.1611553102091	0.318528913869339	0.319447259163062	True	PASS	0.0449340704646044	0.863308838190622	1.28465491473826e-86	PROJECT_CORRECTED_NATIVE_COEFFICIENT_SERIALIZATION	GSE171351_B1	GSE171351	GSE171351	NA	GSE171351_B1	Mural	Fibroblast
M04	intra	M07	-0.254674136868784	wang_style_cellcell_intra	22.4638983195075	0.318528913869339	0.319447259163062	True	PASS	-0.0348117036513947	0.863308838190622	1.28465491473826e-86	PROJECT_CORRECTED_NATIVE_COEFFICIENT_SERIALIZATION	GSE171351_B1	GSE171351	GSE171351	NA	GSE171351_B1	Myeloid	Fibroblast
M04	intra	M08	1.25277623857232	wang_style_cellcell_intra	29.4333419244838	0.318528913869339	0.319447259163062	True	PASS	0.171243439537633	0.863308838190622	1.28465491473826e-86	PROJECT_CORRECTED_NATIVE_COEFFICIENT_SERIALIZATION	GSE171351_B1	GSE171351	GSE171351	NA	GSE171351_B1	Plasma	Fibroblast
M04	intra	M09	1.56102007671023	wang_style_cellcell_intra	30.8584555345123	0.318528913869339	0.319447259163062	True	PASS	0.213377647893286	0.863308838190622	1.28465491473826e-86	PROJECT_CORRECTED_NATIVE_COEFFICIENT_SERIALIZATION	GSE171351_B1	GSE171351	GSE171351	NA	GSE171351_B1	T_NK	Fibroblast
M05	intra	M01	0.823394468754395	wang_style_cellcell_intra	13.1027160628597	0.605428375248758	0.604118346650672	True	PASS	0.184144594936382	0.776359203365854	2.7814799656390598e-207	PROJECT_CORRECTED_NATIVE_COEFFICIENT_SERIALIZATION	GSE171351_B1	GSE171351	GSE171351	NA	GSE171351_B1	B	Mast
M05	intra	M02	-0.0247872991394665	wang_style_cellcell_intra	7.95174400197221	0.605428375248758	0.604118346650672	True	PASS	-0.0055434513259591	0.776359203365854	2.7814799656390598e-207	PROJECT_CORRECTED_NATIVE_COEFFICIENT_SERIALIZATION	GSE171351_B1	GSE171351	GSE171351	NA	GSE171351_B1	Endothelial	Mast
M05	intra	M03	2.07203350208422	wang_style_cellcell_intra	20.6856481869327	0.605428375248758	0.604118346650672	True	PASS	0.463391223058753	0.776359203365854	2.7814799656390598e-207	PROJECT_CORRECTED_NATIVE_COEFFICIENT_SERIALIZATION	GSE171351_B1	GSE171351	GSE171351	NA	GSE171351_B1	Epithelial	Mast
M05	intra	M04	-0.840808037318672	wang_style_cellcell_intra	2.9960845165023	0.605428375248758	0.604118346650672	True	PASS	-0.188038979282341	0.776359203365854	2.7814799656390598e-207	PROJECT_CORRECTED_NATIVE_COEFFICIENT_SERIALIZATION	GSE171351_B1	GSE171351	GSE171351	NA	GSE171351_B1	Fibroblast	Mast
M05	intra	M05	NA	wang_style_cellcell_intra	NA	0.605428375248758	0.604118346650672	True	PASS	NA	0.776359203365854	2.7814799656390598e-207	PROJECT_CORRECTED_NATIVE_COEFFICIENT_SERIALIZATION	GSE171351_B1	GSE171351	GSE171351	NA	GSE171351_B1	Mast	Mast
M05	intra	M06	-0.75418187098559	wang_style_cellcell_intra	3.5221615667453	0.605428375248758	0.604118346650672	True	PASS	-0.168665834434248	0.776359203365854	2.7814799656390598e-207	PROJECT_CORRECTED_NATIVE_COEFFICIENT_SERIALIZATION	GSE171351_B1	GSE171351	GSE171351	NA	GSE171351_B1	Mural	Mast
M05	intra	M07	-0.51660030381952	wang_style_cellcell_intra	4.96498439196715	0.605428375248758	0.604118346650672	True	PASS	-0.115532903487639	0.776359203365854	2.7814799656390598e-207	PROJECT_CORRECTED_NATIVE_COEFFICIENT_SERIALIZATION	GSE171351_B1	GSE171351	GSE171351	NA	GSE171351_B1	Myeloid	Mast
M05	intra	M08	-0.0653746442984489	wang_style_cellcell_intra	7.70525876867293	0.605428375248758	0.604118346650672	True	PASS	-0.014620437530579	0.776359203365854	2.7814799656390598e-207	PROJECT_CORRECTED_NATIVE_COEFFICIENT_SERIALIZATION	GSE171351_B1	GSE171351	GSE171351	NA	GSE171351_B1	Plasma	Mast
M05	intra	M09	-0.693675815276912	wang_style_cellcell_intra	3.88961228812051	0.605428375248758	0.604118346650672	True	PASS	-0.155134211934369	0.776359203365854	2.7814799656390598e-207	PROJECT_CORRECTED_NATIVE_COEFFICIENT_SERIALIZATION	GSE171351_B1	GSE171351	GSE171351	NA	GSE171351_B1	T_NK	Mast
M06	intra	M01	-0.769000278839521	wang_style_cellcell_intra	5.90949060457507	0.408959593337412	0.434621743072465	True	PASS	-0.763882453168563	0.006655167510058	4.61301102845748e-120	PROJECT_CORRECTED_NATIVE_COEFFICIENT_SERIALIZATION	GSE171351_B1	GSE171351	GSE171351	NA	GSE171351_B1	B	Mural
M06	intra	M02	2.30423738033703	wang_style_cellcell_intra	14.8261312447896	0.408959593337412	0.434621743072465	True	PASS	2.28890229458795	0.006655167510058	4.61301102845748e-120	PROJECT_CORRECTED_NATIVE_COEFFICIENT_SERIALIZATION	GSE171351_B1	GSE171351	GSE171351	NA	GSE171351_B1	Endothelial	Mural
M06	intra	M03	0.19126209109267	wang_style_cellcell_intra	8.69557987672733	0.408959593337412	0.434621743072465	True	PASS	0.189989209838124	0.006655167510058	4.61301102845748e-120	PROJECT_CORRECTED_NATIVE_COEFFICIENT_SERIALIZATION	GSE171351_B1	GSE171351	GSE171351	NA	GSE171351_B1	Epithelial	Mural
M06	intra	M04	-0.717107240881269	wang_style_cellcell_intra	6.06005220199045	0.408959593337412	0.434621743072465	True	PASS	-0.712334772070529	0.006655167510058	4.61301102845748e-120	PROJECT_CORRECTED_NATIVE_COEFFICIENT_SERIALIZATION	GSE171351_B1	GSE171351	GSE171351	NA	GSE171351_B1	Fibroblast	Mural
M06	intra	M05	-0.418755306677696	wang_style_cellcell_intra	6.92568554266707	0.408959593337412	0.434621743072465	True	PASS	-0.41596841996603	0.006655167510058	4.61301102845748e-120	PROJECT_CORRECTED_NATIVE_COEFFICIENT_SERIALIZATION	GSE171351_B1	GSE171351	GSE171351	NA	GSE171351_B1	Mast	Mural
M06	intra	M06	NA	wang_style_cellcell_intra	NA	0.408959593337412	0.434621743072465	True	PASS	NA	0.006655167510058	4.61301102845748e-120	PROJECT_CORRECTED_NATIVE_COEFFICIENT_SERIALIZATION	GSE171351_B1	GSE171351	GSE171351	NA	GSE171351_B1	Mural	Mural
M06	intra	M07	-0.496095025947083	wang_style_cellcell_intra	6.70129336724222	0.408959593337412	0.434621743072465	True	PASS	-0.492793430448498	0.006655167510058	4.61301102845748e-120	PROJECT_CORRECTED_NATIVE_COEFFICIENT_SERIALIZATION	GSE171351_B1	GSE171351	GSE171351	NA	GSE171351_B1	Myeloid	Mural
M06	intra	M08	0.200084545442533	wang_style_cellcell_intra	8.72117719907157	0.408959593337412	0.434621743072465	True	PASS	0.198752949276439	0.006655167510058	4.61301102845748e-120	PROJECT_CORRECTED_NATIVE_COEFFICIENT_SERIALIZATION	GSE171351_B1	GSE171351	GSE171351	NA	GSE171351_B1	Plasma	Mural
M06	intra	M09	-0.294626164526663	wang_style_cellcell_intra	7.28583177159082	0.408959593337412	0.434621743072465	True	PASS	-0.292665378048892	0.006655167510058	4.61301102845748e-120	PROJECT_CORRECTED_NATIVE_COEFFICIENT_SERIALIZATION	GSE171351_B1	GSE171351	GSE171351	NA	GSE171351_B1	T_NK	Mural
M07	intra	M01	0.0702333385966201	wang_style_cellcell_intra	426.244640284584	0.681820172690276	0.676787025144002	True	PASS	0.0688043195043093	0.0203467344834373	7.23672343767441e-256	PROJECT_CORRECTED_NATIVE_COEFFICIENT_SERIALIZATION	GSE171351_B1	GSE171351	GSE171351	NA	GSE171351_B1	B	Myeloid
M07	intra	M02	0.203734320562639	wang_style_cellcell_intra	470.696479590453	0.681820172690276	0.676787025144002	True	PASS	0.199588992436988	0.0203467344834373	7.23672343767441e-256	PROJECT_CORRECTED_NATIVE_COEFFICIENT_SERIALIZATION	GSE171351_B1	GSE171351	GSE171351	NA	GSE171351_B1	Endothelial	Myeloid
M07	intra	M03	-0.293188246827113	wang_style_cellcell_intra	305.236107780666	0.681820172690276	0.676787025144002	True	PASS	-0.287222823415257	0.0203467344834373	7.23672343767441e-256	PROJECT_CORRECTED_NATIVE_COEFFICIENT_SERIALIZATION	GSE171351_B1	GSE171351	GSE171351	NA	GSE171351_B1	Epithelial	Myeloid
M07	intra	M04	-0.71956929905186	wang_style_cellcell_intra	163.263953438114	0.681820172690276	0.676787025144002	True	PASS	-0.704928413581619	0.0203467344834373	7.23672343767441e-256	PROJECT_CORRECTED_NATIVE_COEFFICIENT_SERIALIZATION	GSE171351_B1	GSE171351	GSE171351	NA	GSE171351_B1	Fibroblast	Myeloid
M07	intra	M05	-0.762307067358305	wang_style_cellcell_intra	149.033553173844	0.681820172690276	0.676787025144002	True	PASS	-0.746796607863918	0.0203467344834373	7.23672343767441e-256	PROJECT_CORRECTED_NATIVE_COEFFICIENT_SERIALIZATION	GSE171351_B1	GSE171351	GSE171351	NA	GSE171351_B1	Mast	Myeloid
M07	intra	M06	-0.491600995239531	wang_style_cellcell_intra	239.170589169652	0.681820172690276	0.676787025144002	True	PASS	-0.481598520317599	0.0203467344834373	7.23672343767441e-256	PROJECT_CORRECTED_NATIVE_COEFFICIENT_SERIALIZATION	GSE171351_B1	GSE171351	GSE171351	NA	GSE171351_B1	Mural	Myeloid
M07	intra	M07	NA	wang_style_cellcell_intra	NA	0.681820172690276	0.676787025144002	True	PASS	NA	0.0203467344834373	7.23672343767441e-256	PROJECT_CORRECTED_NATIVE_COEFFICIENT_SERIALIZATION	GSE171351_B1	GSE171351	GSE171351	NA	GSE171351_B1	Myeloid	Myeloid
M07	intra	M08	-0.334367771776545	wang_style_cellcell_intra	291.524556009383	0.681820172690276	0.676787025144002	True	PASS	-0.327564479504389	0.0203467344834373	7.23672343767441e-256	PROJECT_CORRECTED_NATIVE_COEFFICIENT_SERIALIZATION	GSE171351_B1	GSE171351	GSE171351	NA	GSE171351_B1	Plasma	Myeloid
M07	intra	M09	2.3270657210941	wang_style_cellcell_intra	1177.70241182813	0.681820172690276	0.676787025144002	True	PASS	2.27971753274149	0.0203467344834373	7.23672343767441e-256	PROJECT_CORRECTED_NATIVE_COEFFICIENT_SERIALIZATION	GSE171351_B1	GSE171351	GSE171351	NA	GSE171351_B1	T_NK	Myeloid
M08	intra	M01	-0.100862853609226	wang_style_cellcell_intra	53.192568689277	0.577375213293469	0.575272904763458	True	PASS	-0.0734368066860194	0.271914247334938	1.94140143810401e-192	PROJECT_CORRECTED_NATIVE_COEFFICIENT_SERIALIZATION	GSE171351_B1	GSE171351	GSE171351	NA	GSE171351_B1	B	Plasma
M08	intra	M02	-0.905262859293193	wang_style_cellcell_intra	28.6336697082059	0.577375213293469	0.575272904763458	True	PASS	-0.659108990268211	0.271914247334938	1.94140143810401e-192	PROJECT_CORRECTED_NATIVE_COEFFICIENT_SERIALIZATION	GSE171351_B1	GSE171351	GSE171351	NA	GSE171351_B1	Endothelial	Plasma
M08	intra	M03	2.24826767174651	wang_style_cellcell_intra	124.913178905468	0.577375213293469	0.575272904763458	True	PASS	1.63693165997608	0.271914247334938	1.94140143810401e-192	PROJECT_CORRECTED_NATIVE_COEFFICIENT_SERIALIZATION	GSE171351_B1	GSE171351	GSE171351	NA	GSE171351_B1	Epithelial	Plasma
M08	intra	M04	-0.180625579716805	wang_style_cellcell_intra	50.7573564576892	0.577375213293469	0.575272904763458	True	PASS	-0.131510911158673	0.271914247334938	1.94140143810401e-192	PROJECT_CORRECTED_NATIVE_COEFFICIENT_SERIALIZATION	GSE171351_B1	GSE171351	GSE171351	NA	GSE171351_B1	Fibroblast	Plasma
M08	intra	M05	0.449067847695742	wang_style_cellcell_intra	69.9823404999505	0.577375213293469	0.575272904763458	True	PASS	0.326959901887234	0.271914247334938	1.94140143810401e-192	PROJECT_CORRECTED_NATIVE_COEFFICIENT_SERIALIZATION	GSE171351_B1	GSE171351	GSE171351	NA	GSE171351_B1	Mast	Plasma
M08	intra	M06	-0.502865632485333	wang_style_cellcell_intra	40.9191405853903	0.577375213293469	0.575272904763458	True	PASS	-0.366129302517476	0.271914247334938	1.94140143810401e-192	PROJECT_CORRECTED_NATIVE_COEFFICIENT_SERIALIZATION	GSE171351_B1	GSE171351	GSE171351	NA	GSE171351_B1	Mural	Plasma
M08	intra	M07	-0.74953037566782	wang_style_cellcell_intra	33.3882921676809	0.577375213293469	0.575272904763458	True	PASS	-0.545722387713431	0.271914247334938	1.94140143810401e-192	PROJECT_CORRECTED_NATIVE_COEFFICIENT_SERIALIZATION	GSE171351_B1	GSE171351	GSE171351	NA	GSE171351_B1	Myeloid	Plasma
M08	intra	M08	NA	wang_style_cellcell_intra	NA	0.577375213293469	0.575272904763458	True	PASS	NA	0.271914247334938	1.94140143810401e-192	PROJECT_CORRECTED_NATIVE_COEFFICIENT_SERIALIZATION	GSE171351_B1	GSE171351	GSE171351	NA	GSE171351_B1	Plasma	Plasma
M08	intra	M09	-0.258188218669872	wang_style_cellcell_intra	48.3893144371847	0.577375213293469	0.575272904763458	True	PASS	-0.187983163519506	0.271914247334938	1.94140143810401e-192	PROJECT_CORRECTED_NATIVE_COEFFICIENT_SERIALIZATION	GSE171351_B1	GSE171351	GSE171351	NA	GSE171351_B1	T_NK	Plasma
M09	intra	M01	-0.22809076508031	wang_style_cellcell_intra	81.4764798573347	0.620135236952676	0.617251599169523	True	PASS	-0.225083569694479	0.0131842049140913	6.43162714133867e-217	PROJECT_CORRECTED_NATIVE_COEFFICIENT_SERIALIZATION	GSE171351_B1	GSE171351	GSE171351	NA	GSE171351_B1	B	T_NK
M09	intra	M02	-0.479360545130291	wang_style_cellcell_intra	62.2073646308866	0.620135236952676	0.617251599169523	True	PASS	-0.473040557475563	0.0131842049140913	6.43162714133867e-217	PROJECT_CORRECTED_NATIVE_COEFFICIENT_SERIALIZATION	GSE171351_B1	GSE171351	GSE171351	NA	GSE171351_B1	Endothelial	T_NK
M09	intra	M03	-0.415001889241039	wang_style_cellcell_intra	67.1428342122371	0.620135236952676	0.617251599169523	True	PASS	-0.40953041929355	0.0131842049140913	6.43162714133867e-217	PROJECT_CORRECTED_NATIVE_COEFFICIENT_SERIALIZATION	GSE171351_B1	GSE171351	GSE171351	NA	GSE171351_B1	Epithelial	T_NK
M09	intra	M04	-0.472647327626431	wang_style_cellcell_intra	62.7221808638469	0.620135236952676	0.617251599169523	True	PASS	-0.466415848406906	0.0131842049140913	6.43162714133867e-217	PROJECT_CORRECTED_NATIVE_COEFFICIENT_SERIALIZATION	GSE171351_B1	GSE171351	GSE171351	NA	GSE171351_B1	Fibroblast	T_NK
M09	intra	M05	-0.64924528498406	wang_style_cellcell_intra	49.1794206146731	0.620135236952676	0.617251599169523	True	PASS	-0.640685502107322	0.0131842049140913	6.43162714133867e-217	PROJECT_CORRECTED_NATIVE_COEFFICIENT_SERIALIZATION	GSE171351_B1	GSE171351	GSE171351	NA	GSE171351_B1	Mast	T_NK
M09	intra	M06	-0.516352701018569	wang_style_cellcell_intra	59.3705487028264	0.620135236952676	0.617251599169523	True	PASS	-0.509545001200396	0.0131842049140913	6.43162714133867e-217	PROJECT_CORRECTED_NATIVE_COEFFICIENT_SERIALIZATION	GSE171351_B1	GSE171351	GSE171351	NA	GSE171351_B1	Mural	T_NK
M09	intra	M07	2.33525718777907	wang_style_cellcell_intra	278.051838260173	0.620135236952676	0.617251599169523	True	PASS	2.30446867848829	0.0131842049140913	6.43162714133867e-217	PROJECT_CORRECTED_NATIVE_COEFFICIENT_SERIALIZATION	GSE171351_B1	GSE171351	GSE171351	NA	GSE171351_B1	Myeloid	T_NK
M09	intra	M08	0.425441325301629	wang_style_cellcell_intra	131.593868232674	0.620135236952676	0.617251599169523	True	PASS	0.41983221968993	0.0131842049140913	6.43162714133867e-217	PROJECT_CORRECTED_NATIVE_COEFFICIENT_SERIALIZATION	GSE171351_B1	GSE171351	GSE171351	NA	GSE171351_B1	Plasma	T_NK
M09	intra	M09	NA	wang_style_cellcell_intra	NA	0.620135236952676	0.617251599169523	True	PASS	NA	0.0131842049140913	6.43162714133867e-217	PROJECT_CORRECTED_NATIVE_COEFFICIENT_SERIALIZATION	GSE171351_B1	GSE171351	GSE171351	NA	GSE171351_B1	T_NK	T_NK
M01	intra	M01	NA	wang_style_cellcell_intra	NA	0.937812195998417	0.931953164565458	True	PASS	NA	0.0134647703849256	0.0	PROJECT_CORRECTED_NATIVE_COEFFICIENT_SERIALIZATION	GSE171351_C1	GSE171351	GSE171351	NA	GSE171351_C1	B	B
M01	intra	M02	1.57203014608662	wang_style_cellcell_intra	611.590912450573	0.937812195998417	0.931953164565458	True	PASS	1.55086312113138	0.0134647703849256	0.0	PROJECT_CORRECTED_NATIVE_COEFFICIENT_SERIALIZATION	GSE171351_C1	GSE171351	GSE171351	NA	GSE171351_C1	Endothelial	B
M01	intra	M03	1.15366952011716	wang_style_cellcell_intra	523.125636405101	0.937812195998417	0.931953164565458	True	PASS	1.13813562492869	0.0134647703849256	0.0	PROJECT_CORRECTED_NATIVE_COEFFICIENT_SERIALIZATION	GSE171351_C1	GSE171351	GSE171351	NA	GSE171351_C1	Epithelial	B
M01	intra	M04	-0.789640527878359	wang_style_cellcell_intra	112.19915535903	0.937812195998417	0.931953164565458	True	PASS	-0.779008199483845	0.0134647703849256	0.0	PROJECT_CORRECTED_NATIVE_COEFFICIENT_SERIALIZATION	GSE171351_C1	GSE171351	GSE171351	NA	GSE171351_C1	Fibroblast	B
M01	intra	M05	-0.633849335029201	wang_style_cellcell_intra	145.142291078164	0.937812195998417	0.931953164565458	True	PASS	-0.625314699274395	0.0134647703849256	0.0	PROJECT_CORRECTED_NATIVE_COEFFICIENT_SERIALIZATION	GSE171351_C1	GSE171351	GSE171351	NA	GSE171351_C1	Mast	B
M01	intra	M06	-0.330591365055936	wang_style_cellcell_intra	209.268306676565	0.937812195998417	0.931953164565458	True	PASS	-0.326140028234218	0.0134647703849256	0.0	PROJECT_CORRECTED_NATIVE_COEFFICIENT_SERIALIZATION	GSE171351_C1	GSE171351	GSE171351	NA	GSE171351_C1	Mural	B
M01	intra	M07	-0.344541001314596	wang_style_cellcell_intra	206.318558670293	0.937812195998417	0.931953164565458	True	PASS	-0.339901835843703	0.0134647703849256	0.0	PROJECT_CORRECTED_NATIVE_COEFFICIENT_SERIALIZATION	GSE171351_C1	GSE171351	GSE171351	NA	GSE171351_C1	Myeloid	B
M01	intra	M08	-1.24838055192332	wang_style_cellcell_intra	15.1953735949063	0.937812195998417	0.931953164565458	True	PASS	-1.23157139443867	0.0134647703849256	0.0	PROJECT_CORRECTED_NATIVE_COEFFICIENT_SERIALIZATION	GSE171351_C1	GSE171351	GSE171351	NA	GSE171351_C1	Plasma	B
M01	intra	M09	0.621303114997633	wang_style_cellcell_intra	410.553042181877	0.937812195998417	0.931953164565458	True	PASS	0.612937411214751	0.0134647703849256	0.0	PROJECT_CORRECTED_NATIVE_COEFFICIENT_SERIALIZATION	GSE171351_C1	GSE171351	GSE171351	NA	GSE171351_C1	T_NK	B
M02	intra	M01	1.3760618801958	wang_style_cellcell_intra	1283.21015906155	0.952799667488777	0.950306003784547	True	PASS	1.37058506508017	0.0039800645555644	0.0	PROJECT_CORRECTED_NATIVE_COEFFICIENT_SERIALIZATION	GSE171351_C1	GSE171351	GSE171351	NA	GSE171351_C1	B	Endothelial
M02	intra	M02	NA	wang_style_cellcell_intra	NA	0.952799667488777	0.950306003784547	True	PASS	NA	0.0039800645555644	0.0	PROJECT_CORRECTED_NATIVE_COEFFICIENT_SERIALIZATION	GSE171351_C1	GSE171351	GSE171351	NA	GSE171351_C1	Endothelial	Endothelial
M02	intra	M03	1.49549244174547	wang_style_cellcell_intra	1341.26186489407	0.952799667488777	0.950306003784547	True	PASS	1.48954028528496	0.0039800645555644	0.0	PROJECT_CORRECTED_NATIVE_COEFFICIENT_SERIALIZATION	GSE171351_C1	GSE171351	GSE171351	NA	GSE171351_C1	Epithelial	Endothelial
M02	intra	M04	-0.654515510212845	wang_style_cellcell_intra	296.205829444141	0.952799667488777	0.950306003784547	True	PASS	-0.65191049622958	0.0039800645555644	0.0	PROJECT_CORRECTED_NATIVE_COEFFICIENT_SERIALIZATION	GSE171351_C1	GSE171351	GSE171351	NA	GSE171351_C1	Fibroblast	Endothelial
M02	intra	M05	-0.703903573095412	wang_style_cellcell_intra	272.199735351514	0.952799667488777	0.950306003784547	True	PASS	-0.7011019914336	0.0039800645555644	0.0	PROJECT_CORRECTED_NATIVE_COEFFICIENT_SERIALIZATION	GSE171351_C1	GSE171351	GSE171351	NA	GSE171351_C1	Mast	Endothelial
M02	intra	M06	-0.54804656298212	wang_style_cellcell_intra	347.957273335371	0.952799667488777	0.950306003784547	True	PASS	-0.545865302281996	0.0039800645555644	0.0	PROJECT_CORRECTED_NATIVE_COEFFICIENT_SERIALIZATION	GSE171351_C1	GSE171351	GSE171351	NA	GSE171351_C1	Mural	Endothelial
M02	intra	M07	-0.153162445245105	wang_style_cellcell_intra	539.898903210974	0.952799667488777	0.950306003784547	True	PASS	-0.152552848825541	0.0039800645555644	0.0	PROJECT_CORRECTED_NATIVE_COEFFICIENT_SERIALIZATION	GSE171351_C1	GSE171351	GSE171351	NA	GSE171351_C1	Myeloid	Endothelial
M02	intra	M08	-1.20990944226337	wang_style_cellcell_intra	26.2450694325351	0.952799667488777	0.950306003784547	True	PASS	-1.20509392457677	0.0039800645555644	0.0	PROJECT_CORRECTED_NATIVE_COEFFICIENT_SERIALIZATION	GSE171351_C1	GSE171351	GSE171351	NA	GSE171351_C1	Plasma	Endothelial
M02	intra	M09	0.397983211857575	wang_style_cellcell_intra	807.794700918394	0.952799667488777	0.950306003784547	True	PASS	0.396399212982351	0.0039800645555644	0.0	PROJECT_CORRECTED_NATIVE_COEFFICIENT_SERIALIZATION	GSE171351_C1	GSE171351	GSE171351	NA	GSE171351_C1	T_NK	Endothelial
M03	intra	M01	0.851964913022758	wang_style_cellcell_intra	14710.5074404173	0.950518255114553	0.950232818435692	True	PASS	0.849964632716344	0.0023478435271668	0.0	PROJECT_CORRECTED_NATIVE_COEFFICIENT_SERIALIZATION	GSE171351_C1	GSE171351	GSE171351	NA	GSE171351_C1	B	Epithelial
M03	intra	M02	1.70367208677936	wang_style_cellcell_intra	20502.8503454635	0.950518255114553	0.950232818435692	True	PASS	1.699672131298	0.0023478435271668	0.0	PROJECT_CORRECTED_NATIVE_COEFFICIENT_SERIALIZATION	GSE171351_C1	GSE171351	GSE171351	NA	GSE171351_C1	Endothelial	Epithelial
M03	intra	M03	NA	wang_style_cellcell_intra	NA	0.950518255114553	0.950232818435692	True	PASS	NA	0.0023478435271668	0.0	PROJECT_CORRECTED_NATIVE_COEFFICIENT_SERIALIZATION	GSE171351_C1	GSE171351	GSE171351	NA	GSE171351_C1	Epithelial	Epithelial
M03	intra	M04	-0.589347517108805	wang_style_cellcell_intra	4908.3405855761	0.950518255114553	0.950232818435692	True	PASS	-0.587963821355509	0.0023478435271668	0.0	PROJECT_CORRECTED_NATIVE_COEFFICIENT_SERIALIZATION	GSE171351_C1	GSE171351	GSE171351	NA	GSE171351_C1	Fibroblast	Epithelial
M03	intra	M05	-0.494420450509616	wang_style_cellcell_intra	5553.92646022295	0.950518255114553	0.950232818435692	True	PASS	-0.493259628655188	0.0023478435271668	0.0	PROJECT_CORRECTED_NATIVE_COEFFICIENT_SERIALIZATION	GSE171351_C1	GSE171351	GSE171351	NA	GSE171351_C1	Mast	Epithelial
M03	intra	M06	-0.998653155929236	wang_style_cellcell_intra	2124.70944324354	0.950518255114553	0.950232818435692	True	PASS	-0.996308474581203	0.0023478435271668	0.0	PROJECT_CORRECTED_NATIVE_COEFFICIENT_SERIALIZATION	GSE171351_C1	GSE171351	GSE171351	NA	GSE171351_C1	Mural	Epithelial
M03	intra	M07	0.290857236909374	wang_style_cellcell_intra	10894.4915997064	0.950518255114553	0.950232818435692	True	PASS	0.290174349628367	0.0023478435271668	0.0	PROJECT_CORRECTED_NATIVE_COEFFICIENT_SERIALIZATION	GSE171351_C1	GSE171351	GSE171351	NA	GSE171351_C1	Myeloid	Epithelial
M03	intra	M08	-1.22050695279833	wang_style_cellcell_intra	615.912399085374	0.950518255114553	0.950232818435692	True	PASS	-1.21764139344934	0.0023478435271668	0.0	PROJECT_CORRECTED_NATIVE_COEFFICIENT_SERIALIZATION	GSE171351_C1	GSE171351	GSE171351	NA	GSE171351_C1	Plasma	Epithelial
M03	intra	M09	0.456433839634499	wang_style_cellcell_intra	12020.5552159213	0.950518255114553	0.950232818435692	True	PASS	0.455362204398533	0.0023478435271668	0.0	PROJECT_CORRECTED_NATIVE_COEFFICIENT_SERIALIZATION	GSE171351_C1	GSE171351	GSE171351	NA	GSE171351_C1	T_NK	Epithelial
M04	intra	M01	0.75646693387912	wang_style_cellcell_intra	284.572467490912	0.714697786448557	0.710359369839208	True	PASS	0.533748676365065	0.294419025524313	0.0	PROJECT_CORRECTED_NATIVE_COEFFICIENT_SERIALIZATION	GSE171351_C1	GSE171351	GSE171351	NA	GSE171351_C1	B	Fibroblast
M04	intra	M02	1.2864699904118	wang_style_cellcell_intra	343.570036858436	0.714697786448557	0.710359369839208	True	PASS	0.907708749468485	0.294419025524313	0.0	PROJECT_CORRECTED_NATIVE_COEFFICIENT_SERIALIZATION	GSE171351_C1	GSE171351	GSE171351	NA	GSE171351_C1	Endothelial	Fibroblast
M04	intra	M03	0.976231173103395	wang_style_cellcell_intra	309.035639520441	0.714697786448557	0.710359369839208	True	PASS	0.688810142431836	0.294419025524313	0.0	PROJECT_CORRECTED_NATIVE_COEFFICIENT_SERIALIZATION	GSE171351_C1	GSE171351	GSE171351	NA	GSE171351_C1	Epithelial	Fibroblast
M04	intra	M04	NA	wang_style_cellcell_intra	NA	0.714697786448557	0.710359369839208	True	PASS	NA	0.294419025524313	0.0	PROJECT_CORRECTED_NATIVE_COEFFICIENT_SERIALIZATION	GSE171351_C1	GSE171351	GSE171351	NA	GSE171351_C1	Fibroblast	Fibroblast
M04	intra	M05	-1.22040357707966	wang_style_cellcell_intra	64.516085431701	0.714697786448557	0.710359369839208	True	PASS	-0.861093545169484	0.294419025524313	0.0	PROJECT_CORRECTED_NATIVE_COEFFICIENT_SERIALIZATION	GSE171351_C1	GSE171351	GSE171351	NA	GSE171351_C1	Mast	Fibroblast
M04	intra	M06	-0.731538502037024	wang_style_cellcell_intra	118.934358724074	0.714697786448557	0.710359369839208	True	PASS	-0.516159649133767	0.294419025524313	0.0	PROJECT_CORRECTED_NATIVE_COEFFICIENT_SERIALIZATION	GSE171351_C1	GSE171351	GSE171351	NA	GSE171351_C1	Mural	Fibroblast
M04	intra	M07	-0.0113886040756053	wang_style_cellcell_intra	199.098223887321	0.714697786448557	0.710359369839208	True	PASS	-0.0080355823615833	0.294419025524313	0.0	PROJECT_CORRECTED_NATIVE_COEFFICIENT_SERIALIZATION	GSE171351_C1	GSE171351	GSE171351	NA	GSE171351_C1	Myeloid	Fibroblast
M04	intra	M08	-1.31457808210075	wang_style_cellcell_intra	54.033000807658	0.714697786448557	0.710359369839208	True	PASS	-0.927541284193024	0.294419025524313	0.0	PROJECT_CORRECTED_NATIVE_COEFFICIENT_SERIALIZATION	GSE171351_C1	GSE171351	GSE171351	NA	GSE171351_C1	Plasma	Fibroblast
M04	intra	M09	0.258740667898726	wang_style_cellcell_intra	229.167806062498	0.714697786448557	0.710359369839208	True	PASS	0.182562492592473	0.294419025524313	0.0	PROJECT_CORRECTED_NATIVE_COEFFICIENT_SERIALIZATION	GSE171351_C1	GSE171351	GSE171351	NA	GSE171351_C1	T_NK	Fibroblast
M05	intra	M01	0.448615238744767	wang_style_cellcell_intra	14.8069024059744	0.727551411138133	0.722871616612195	True	PASS	0.281239040905589	0.373095212519975	0.0	PROJECT_CORRECTED_NATIVE_COEFFICIENT_SERIALIZATION	GSE171351_C1	GSE171351	GSE171351	NA	GSE171351_C1	B	Mast
M05	intra	M02	1.0258257299788	wang_style_cellcell_intra	19.1962067805498	0.727551411138133	0.722871616612195	True	PASS	0.643095061243899	0.373095212519975	0.0	PROJECT_CORRECTED_NATIVE_COEFFICIENT_SERIALIZATION	GSE171351_C1	GSE171351	GSE171351	NA	GSE171351_C1	Endothelial	Mast
M05	intra	M03	1.60633260633577	wang_style_cellcell_intra	23.6105779857878	0.727551411138133	0.722871616612195	True	PASS	1.00701760119716	0.373095212519975	0.0	PROJECT_CORRECTED_NATIVE_COEFFICIENT_SERIALIZATION	GSE171351_C1	GSE171351	GSE171351	NA	GSE171351_C1	Epithelial	Mast
M05	intra	M04	-0.923101678603646	wang_style_cellcell_intra	4.37590165766107	0.727551411138133	0.722871616612195	True	PASS	-0.578696861647473	0.373095212519975	0.0	PROJECT_CORRECTED_NATIVE_COEFFICIENT_SERIALIZATION	GSE171351_C1	GSE171351	GSE171351	NA	GSE171351_C1	Fibroblast	Mast
M05	intra	M05	NA	wang_style_cellcell_intra	NA	0.727551411138133	0.722871616612195	True	PASS	NA	0.373095212519975	0.0	PROJECT_CORRECTED_NATIVE_COEFFICIENT_SERIALIZATION	GSE171351_C1	GSE171351	GSE171351	NA	GSE171351_C1	Mast	Mast
M05	intra	M06	-0.940671640782648	wang_style_cellcell_intra	4.24229370523363	0.727551411138133	0.722871616612195	True	PASS	-0.589711555053332	0.373095212519975	0.0	PROJECT_CORRECTED_NATIVE_COEFFICIENT_SERIALIZATION	GSE171351_C1	GSE171351	GSE171351	NA	GSE171351_C1	Mural	Mast
M05	intra	M07	-0.158707981156214	wang_style_cellcell_intra	10.1886106278858	0.727551411138133	0.722871616612195	True	PASS	-0.0994947931981203	0.373095212519975	0.0	PROJECT_CORRECTED_NATIVE_COEFFICIENT_SERIALIZATION	GSE171351_C1	GSE171351	GSE171351	NA	GSE171351_C1	Myeloid	Mast
M05	intra	M08	-1.1787468453302	wang_style_cellcell_intra	2.43188909085389	0.727551411138133	0.722871616612195	True	PASS	-0.738962040564476	0.373095212519975	0.0	PROJECT_CORRECTED_NATIVE_COEFFICIENT_SERIALIZATION	GSE171351_C1	GSE171351	GSE171351	NA	GSE171351_C1	Plasma	Mast
M05	intra	M09	0.120454570813373	wang_style_cellcell_intra	12.3114573695625	0.727551411138133	0.722871616612195	True	PASS	0.0755135471167555	0.373095212519975	0.0	PROJECT_CORRECTED_NATIVE_COEFFICIENT_SERIALIZATION	GSE171351_C1	GSE171351	GSE171351	NA	GSE171351_C1	T_NK	Mast
M06	intra	M01	1.50263839113395	wang_style_cellcell_intra	113.620746096537	0.737171116946538	0.720447335329481	True	PASS	1.49501527801181	0.0050731521084002	0.0	PROJECT_CORRECTED_NATIVE_COEFFICIENT_SERIALIZATION	GSE171351_C1	GSE171351	GSE171351	NA	GSE171351_C1	B	Mural
M06	intra	M02	1.42931895205618	wang_style_cellcell_intra	110.889575303791	0.737171116946538	0.720447335329481	True	PASS	1.42206779960098	0.0050731521084002	0.0	PROJECT_CORRECTED_NATIVE_COEFFICIENT_SERIALIZATION	GSE171351_C1	GSE171351	GSE171351	NA	GSE171351_C1	Endothelial	Mural
M06	intra	M03	0.0481954567204721	wang_style_cellcell_intra	59.4423165811115	0.737171116946538	0.720447335329481	True	PASS	0.0479509538375953	0.0050731521084002	0.0	PROJECT_CORRECTED_NATIVE_COEFFICIENT_SERIALIZATION	GSE171351_C1	GSE171351	GSE171351	NA	GSE171351_C1	Epithelial	Mural
M06	intra	M04	-0.431335048244135	wang_style_cellcell_intra	41.5796634312318	0.737171116946538	0.720447335329481	True	PASS	-0.429146819934708	0.0050731521084002	0.0	PROJECT_CORRECTED_NATIVE_COEFFICIENT_SERIALIZATION	GSE171351_C1	GSE171351	GSE171351	NA	GSE171351_C1	Fibroblast	Mural
M06	intra	M05	-0.779694416157047	wang_style_cellcell_intra	28.6031739355344	0.737171116946538	0.720447335329481	True	PASS	-0.775738907785811	0.0050731521084002	0.0	PROJECT_CORRECTED_NATIVE_COEFFICIENT_SERIALIZATION	GSE171351_C1	GSE171351	GSE171351	NA	GSE171351_C1	Mast	Mural
M06	intra	M06	NA	wang_style_cellcell_intra	NA	0.737171116946538	0.720447335329481	True	PASS	NA	0.0050731521084002	0.0	PROJECT_CORRECTED_NATIVE_COEFFICIENT_SERIALIZATION	GSE171351_C1	GSE171351	GSE171351	NA	GSE171351_C1	Mural	Mural
M06	intra	M07	-0.68250109021487	wang_style_cellcell_intra	32.2236540756174	0.737171116946538	0.720447335329481	True	PASS	-0.679038658370061	0.0050731521084002	0.0	PROJECT_CORRECTED_NATIVE_COEFFICIENT_SERIALIZATION	GSE171351_C1	GSE171351	GSE171351	NA	GSE171351_C1	Myeloid	Mural
M06	intra	M08	-1.19394442957818	wang_style_cellcell_intra	13.1722384049141	0.737171116946538	0.720447335329481	True	PASS	-1.18788736787795	0.0050731521084002	0.0	PROJECT_CORRECTED_NATIVE_COEFFICIENT_SERIALIZATION	GSE171351_C1	GSE171351	GSE171351	NA	GSE171351_C1	Plasma	Mural
M06	intra	M09	0.107322184283623	wang_style_cellcell_intra	61.6448046718868	0.737171116946538	0.720447335329481	True	PASS	0.106777722518146	0.0050731521084002	0.0	PROJECT_CORRECTED_NATIVE_COEFFICIENT_SERIALIZATION	GSE171351_C1	GSE171351	GSE171351	NA	GSE171351_C1	T_NK	Mural
M07	intra	M01	0.76652279926159	wang_style_cellcell_intra	606.417083975896	0.826105049797327	0.827126545724719	True	PASS	0.0524742874412632	0.931542430972943	0.0	PROJECT_CORRECTED_NATIVE_COEFFICIENT_SERIALIZATION	GSE171351_C1	GSE171351	GSE171351	NA	GSE171351_C1	B	Myeloid
M07	intra	M02	0.930873408055716	wang_style_cellcell_intra	654.115120583599	0.826105049797327	0.827126545724719	True	PASS	0.063725330587426	0.931542430972943	0.0	PROJECT_CORRECTED_NATIVE_COEFFICIENT_SERIALIZATION	GSE171351_C1	GSE171351	GSE171351	NA	GSE171351_C1	Endothelial	Myeloid
M07	intra	M03	1.62086998973445	wang_style_cellcell_intra	854.366780456235	0.826105049797327	0.827126545724719	True	PASS	0.110960819206131	0.931542430972943	0.0	PROJECT_CORRECTED_NATIVE_COEFFICIENT_SERIALIZATION	GSE171351_C1	GSE171351	GSE171351	NA	GSE171351_C1	Epithelial	Myeloid
M07	intra	M04	-0.726396822131545	wang_style_cellcell_intra	173.140108149371	0.826105049797327	0.827126545724719	True	PASS	-0.0497273605921051	0.931542430972943	0.0	PROJECT_CORRECTED_NATIVE_COEFFICIENT_SERIALIZATION	GSE171351_C1	GSE171351	GSE171351	NA	GSE171351_C1	Fibroblast	Myeloid
M07	intra	M05	-0.482642663720425	wang_style_cellcell_intra	243.882740966371	0.826105049797327	0.827126545724719	True	PASS	-0.0330405434670437	0.931542430972943	0.0	PROJECT_CORRECTED_NATIVE_COEFFICIENT_SERIALIZATION	GSE171351_C1	GSE171351	GSE171351	NA	GSE171351_C1	Mast	Myeloid
M07	intra	M06	-0.963187833319347	wang_style_cellcell_intra	104.41832851691	0.826105049797327	0.827126545724719	True	PASS	-0.0659374975854807	0.931542430972943	0.0	PROJECT_CORRECTED_NATIVE_COEFFICIENT_SERIALIZATION	GSE171351_C1	GSE171351	GSE171351	NA	GSE171351_C1	Mural	Myeloid
M07	intra	M07	NA	wang_style_cellcell_intra	NA	0.826105049797327	0.827126545724719	True	PASS	NA	0.931542430972943	0.0	PROJECT_CORRECTED_NATIVE_COEFFICIENT_SERIALIZATION	GSE171351_C1	GSE171351	GSE171351	NA	GSE171351_C1	Myeloid	Myeloid
M07	intra	M08	-1.10858845020676	wang_style_cellcell_intra	62.219981957901	0.826105049797327	0.827126545724719	True	PASS	-0.0758912703526278	0.931542430972943	0.0	PROJECT_CORRECTED_NATIVE_COEFFICIENT_SERIALIZATION	GSE171351_C1	GSE171351	GSE171351	NA	GSE171351_C1	Plasma	Myeloid
M07	intra	M09	-0.0374504276736761	wang_style_cellcell_intra	373.086981390102	0.826105049797327	0.827126545724719	True	PASS	-0.0025637652375634	0.931542430972943	0.0	PROJECT_CORRECTED_NATIVE_COEFFICIENT_SERIALIZATION	GSE171351_C1	GSE171351	GSE171351	NA	GSE171351_C1	T_NK	Myeloid
M08	intra	M01	0.862978906569277	wang_style_cellcell_intra	3.4129352003081	0.0338736822755372	0.0545383772850214	True	PASS	0.862978835041067	8.28852361280119e-08	2.6117031901018202e-20	PROJECT_CORRECTED_NATIVE_COEFFICIENT_SERIALIZATION	GSE171351_C1	GSE171351	GSE171351	NA	GSE171351_C1	B	Plasma
M08	intra	M02	-1.43424065238245	wang_style_cellcell_intra	2.96530791218889	0.0338736822755372	0.0545383772850214	True	PASS	-1.43424053350508	8.28852361280119e-08	2.6117031901018202e-20	PROJECT_CORRECTED_NATIVE_COEFFICIENT_SERIALIZATION	GSE171351_C1	GSE171351	GSE171351	NA	GSE171351_C1	Endothelial	Plasma
M08	intra	M03	0.51721098635357	wang_style_cellcell_intra	3.34556020524433	0.0338736822755372	0.0545383772850214	True	PASS	0.517210943484415	8.28852361280119e-08	2.6117031901018202e-20	PROJECT_CORRECTED_NATIVE_COEFFICIENT_SERIALIZATION	GSE171351_C1	GSE171351	GSE171351	NA	GSE171351_C1	Epithelial	Plasma
M08	intra	M04	0.89188085736591	wang_style_cellcell_intra	3.41856692227653	0.0338736822755372	0.0545383772850214	True	PASS	0.891880783442152	8.28852361280119e-08	2.6117031901018202e-20	PROJECT_CORRECTED_NATIVE_COEFFICIENT_SERIALIZATION	GSE171351_C1	GSE171351	GSE171351	NA	GSE171351_C1	Fibroblast	Plasma
M08	intra	M05	-0.588066099867562	wang_style_cellcell_intra	3.13019020162516	0.0338736822755372	0.0545383772850214	True	PASS	-0.588066051125564	8.28852361280119e-08	2.6117031901018202e-20	PROJECT_CORRECTED_NATIVE_COEFFICIENT_SERIALIZATION	GSE171351_C1	GSE171351	GSE171351	NA	GSE171351_C1	Mast	Plasma
M08	intra	M06	-1.38496621156544	wang_style_cellcell_intra	2.97490933850035	0.0338736822755372	0.0545383772850214	True	PASS	-1.38496609677219	8.28852361280119e-08	2.6117031901018202e-20	PROJECT_CORRECTED_NATIVE_COEFFICIENT_SERIALIZATION	GSE171351_C1	GSE171351	GSE171351	NA	GSE171351_C1	Mural	Plasma
M08	intra	M07	0.904474459776122	wang_style_cellcell_intra	3.42102086276845	0.0338736822755372	0.0545383772850214	True	PASS	0.904474384808543	8.28852361280119e-08	2.6117031901018202e-20	PROJECT_CORRECTED_NATIVE_COEFFICIENT_SERIALIZATION	GSE171351_C1	GSE171351	GSE171351	NA	GSE171351_C1	Myeloid	Plasma
M08	intra	M08	NA	wang_style_cellcell_intra	NA	0.0338736822755372	0.0545383772850214	True	PASS	NA	8.28852361280119e-08	2.6117031901018202e-20	PROJECT_CORRECTED_NATIVE_COEFFICIENT_SERIALIZATION	GSE171351_C1	GSE171351	GSE171351	NA	GSE171351_C1	Plasma	Plasma
M08	intra	M09	0.230727753750574	wang_style_cellcell_intra	3.28973719433447	0.0338736822755372	0.0545383772850214	True	PASS	0.230727734626652	8.28852361280119e-08	2.6117031901018202e-20	PROJECT_CORRECTED_NATIVE_COEFFICIENT_SERIALIZATION	GSE171351_C1	GSE171351	GSE171351	NA	GSE171351_C1	T_NK	Plasma
M09	intra	M01	0.682727603496181	wang_style_cellcell_intra	368.294396522842	0.890057751239353	0.884043256505023	True	PASS	0.573674022030925	0.159732199059777	0.0	PROJECT_CORRECTED_NATIVE_COEFFICIENT_SERIALIZATION	GSE171351_C1	GSE171351	GSE171351	NA	GSE171351_C1	B	T_NK
M09	intra	M02	1.39512909976841	wang_style_cellcell_intra	496.45061648061	0.890057751239353	0.884043256505023	True	PASS	1.17228206069011	0.159732199059777	0.0	PROJECT_CORRECTED_NATIVE_COEFFICIENT_SERIALIZATION	GSE171351_C1	GSE171351	GSE171351	NA	GSE171351_C1	Endothelial	T_NK
M09	intra	M03	1.30737054874675	wang_style_cellcell_intra	480.663445585044	0.890057751239353	0.884043256505023	True	PASS	1.09854137600945	0.159732199059777	0.0	PROJECT_CORRECTED_NATIVE_COEFFICIENT_SERIALIZATION	GSE171351_C1	GSE171351	GSE171351	NA	GSE171351_C1	Epithelial	T_NK
M09	intra	M04	-0.603445573169494	wang_style_cellcell_intra	136.920524633104	0.890057751239353	0.884043256505023	True	PASS	-0.507055884754243	0.159732199059777	0.0	PROJECT_CORRECTED_NATIVE_COEFFICIENT_SERIALIZATION	GSE171351_C1	GSE171351	GSE171351	NA	GSE171351_C1	Fibroblast	T_NK
M09	intra	M05	-0.397670942812743	wang_style_cellcell_intra	173.937991507782	0.890057751239353	0.884043256505023	True	PASS	-0.334150088615089	0.159732199059777	0.0	PROJECT_CORRECTED_NATIVE_COEFFICIENT_SERIALIZATION	GSE171351_C1	GSE171351	GSE171351	NA	GSE171351_C1	Mast	T_NK
M09	intra	M06	-0.873438631706348	wang_style_cellcell_intra	88.3505960493242	0.890057751239353	0.884043256505023	True	PASS	-0.733922358320131	0.159732199059777	0.0	PROJECT_CORRECTED_NATIVE_COEFFICIENT_SERIALIZATION	GSE171351_C1	GSE171351	GSE171351	NA	GSE171351_C1	Mural	T_NK
M09	intra	M07	-0.279925083949987	wang_style_cellcell_intra	195.119676648102	0.890057751239353	0.884043256505023	True	PASS	-0.235212034718663	0.159732199059777	0.0	PROJECT_CORRECTED_NATIVE_COEFFICIENT_SERIALIZATION	GSE171351_C1	GSE171351	GSE171351	NA	GSE171351_C1	Myeloid	T_NK
M09	intra	M08	-1.23074702037277	wang_style_cellcell_intra	24.073229016406	0.890057751239353	0.884043256505023	True	PASS	-1.03415709232236	0.159732199059777	0.0	PROJECT_CORRECTED_NATIVE_COEFFICIENT_SERIALIZATION	GSE171351_C1	GSE171351	GSE171351	NA	GSE171351_C1	Plasma	T_NK
M09	intra	M09	NA	wang_style_cellcell_intra	NA	0.890057751239353	0.884043256505023	True	PASS	NA	0.159732199059777	0.0	PROJECT_CORRECTED_NATIVE_COEFFICIENT_SERIALIZATION	GSE171351_C1	GSE171351	GSE171351	NA	GSE171351_C1	T_NK	T_NK
M01	intra	M01	NA	wang_style_cellcell_intra	NA	0.660578484576332	0.657760803910388	True	PASS	NA	0.212144980228935	2.54599753032999e-197	PROJECT_CORRECTED_NATIVE_COEFFICIENT_SERIALIZATION	GSE171351_D1	GSE171351	GSE171351	NA	GSE171351_D1	B	B
M01	intra	M02	-0.102974256120783	wang_style_cellcell_intra	10.287044452247	0.660578484576332	0.657760803910388	True	PASS	-0.08112878459195	0.212144980228935	2.54599753032999e-197	PROJECT_CORRECTED_NATIVE_COEFFICIENT_SERIALIZATION	GSE171351_D1	GSE171351	GSE171351	NA	GSE171351_D1	Endothelial	B
M01	intra	M03	-0.835870857746239	wang_style_cellcell_intra	5.57578470231849	0.660578484576332	0.657760803910388	True	PASS	-0.65854505115572	0.212144980228935	2.54599753032999e-197	PROJECT_CORRECTED_NATIVE_COEFFICIENT_SERIALIZATION	GSE171351_D1	GSE171351	GSE171351	NA	GSE171351_D1	Epithelial	B
M01	intra	M04	1.31248727885727	wang_style_cellcell_intra	19.386018226343	0.660578484576332	0.657760803910388	True	PASS	1.03404969103337	0.212144980228935	2.54599753032999e-197	PROJECT_CORRECTED_NATIVE_COEFFICIENT_SERIALIZATION	GSE171351_D1	GSE171351	GSE171351	NA	GSE171351_D1	Fibroblast	B
M01	intra	M05	-0.849451357177821	wang_style_cellcell_intra	5.48848553867926	0.660578484576332	0.657760803910388	True	PASS	-0.66924451580389	0.212144980228935	2.54599753032999e-197	PROJECT_CORRECTED_NATIVE_COEFFICIENT_SERIALIZATION	GSE171351_D1	GSE171351	GSE171351	NA	GSE171351_D1	Mast	B
M01	intra	M06	1.72919525758872	wang_style_cellcell_intra	22.0647310533876	0.660578484576332	0.657760803910388	True	PASS	1.3623551638556	0.212144980228935	2.54599753032999e-197	PROJECT_CORRECTED_NATIVE_COEFFICIENT_SERIALIZATION	GSE171351_D1	GSE171351	GSE171351	NA	GSE171351_D1	Mural	B
M01	intra	M07	-0.322997535199182	wang_style_cellcell_intra	8.87267465373741	0.660578484576332	0.657760803910388	True	PASS	-0.254475229480357	0.212144980228935	2.54599753032999e-197	PROJECT_CORRECTED_NATIVE_COEFFICIENT_SERIALIZATION	GSE171351_D1	GSE171351	GSE171351	NA	GSE171351_D1	Myeloid	B
M01	intra	M08	-0.864738187089388	wang_style_cellcell_intra	5.39021761615562	0.660578484576332	0.657760803910388	True	PASS	-0.681288321486105	0.212144980228935	2.54599753032999e-197	PROJECT_CORRECTED_NATIVE_COEFFICIENT_SERIALIZATION	GSE171351_D1	GSE171351	GSE171351	NA	GSE171351_D1	Plasma	B
M01	intra	M09	-0.0656503431125872	wang_style_cellcell_intra	10.5269727704782	0.660578484576332	0.657760803910388	True	PASS	-0.0517229523709446	0.212144980228935	2.54599753032999e-197	PROJECT_CORRECTED_NATIVE_COEFFICIENT_SERIALIZATION	GSE171351_D1	GSE171351	GSE171351	NA	GSE171351_D1	T_NK	B
M02	intra	M01	-0.178939179675128	wang_style_cellcell_intra	84.2674117781144	0.477022330960253	0.493396398511881	True	PASS	-0.0692956351637231	0.612741964674633	4.5173156082375e-119	PROJECT_CORRECTED_NATIVE_COEFFICIENT_SERIALIZATION	GSE171351_D1	GSE171351	GSE171351	NA	GSE171351_D1	B	Endothelial
M02	intra	M02	NA	wang_style_cellcell_intra	NA	0.477022330960253	0.493396398511881	True	PASS	NA	0.612741964674633	4.5173156082375e-119	PROJECT_CORRECTED_NATIVE_COEFFICIENT_SERIALIZATION	GSE171351_D1	GSE171351	GSE171351	NA	GSE171351_D1	Endothelial	Endothelial
M02	intra	M03	-0.965470444815434	wang_style_cellcell_intra	57.7849277146774	0.477022330960253	0.493396398511881	True	PASS	-0.373886187623933	0.612741964674633	4.5173156082375e-119	PROJECT_CORRECTED_NATIVE_COEFFICIENT_SERIALIZATION	GSE171351_D1	GSE171351	GSE171351	NA	GSE171351_D1	Epithelial	Endothelial
M02	intra	M04	1.56651732170955	wang_style_cellcell_intra	143.036879731936	0.477022330960253	0.493396398511881	True	PASS	0.606646420308394	0.612741964674633	4.5173156082375e-119	PROJECT_CORRECTED_NATIVE_COEFFICIENT_SERIALIZATION	GSE171351_D1	GSE171351	GSE171351	NA	GSE171351_D1	Fibroblast	Endothelial
M02	intra	M05	-1.24765257340879	wang_style_cellcell_intra	48.2838639239999	0.477022330960253	0.493396398511881	True	PASS	-0.483163484346927	0.612741964674633	4.5173156082375e-119	PROJECT_CORRECTED_NATIVE_COEFFICIENT_SERIALIZATION	GSE171351_D1	GSE171351	GSE171351	NA	GSE171351_D1	Mast	Endothelial
M02	intra	M06	-0.164125972218869	wang_style_cellcell_intra	84.7661720280566	0.477022330960253	0.493396398511881	True	PASS	-0.0635591015473452	0.612741964674633	4.5173156082375e-119	PROJECT_CORRECTED_NATIVE_COEFFICIENT_SERIALIZATION	GSE171351_D1	GSE171351	GSE171351	NA	GSE171351_D1	Mural	Endothelial
M02	intra	M07	0.931791203636526	wang_style_cellcell_intra	121.665670408785	0.477022330960253	0.493396398511881	True	PASS	0.36084363085374	0.612741964674633	4.5173156082375e-119	PROJECT_CORRECTED_NATIVE_COEFFICIENT_SERIALIZATION	GSE171351_D1	GSE171351	GSE171351	NA	GSE171351_D1	Myeloid	Endothelial
M02	intra	M08	-0.722188301985783	wang_style_cellcell_intra	65.9762301535649	0.477022330960253	0.493396398511881	True	PASS	-0.279673222961977	0.612741964674633	4.5173156082375e-119	PROJECT_CORRECTED_NATIVE_COEFFICIENT_SERIALIZATION	GSE171351_D1	GSE171351	GSE171351	NA	GSE171351_D1	Plasma	Endothelial
M02	intra	M09	0.780067946757938	wang_style_cellcell_intra	116.557152908692	0.477022330960253	0.493396398511881	True	PASS	0.302087580481772	0.612741964674633	4.5173156082375e-119	PROJECT_CORRECTED_NATIVE_COEFFICIENT_SERIALIZATION	GSE171351_D1	GSE171351	GSE171351	NA	GSE171351_D1	T_NK	Endothelial
M03	intra	M01	0.40893054465923	wang_style_cellcell_intra	82.6003049593145	0.326181277742675	0.248826590215708	True	PASS	0.408891847178673	9.46309368733925e-05	6.03862731739468e-77	PROJECT_CORRECTED_NATIVE_COEFFICIENT_SERIALIZATION	GSE171351_D1	GSE171351	GSE171351	NA	GSE171351_D1	B	Epithelial
M03	intra	M02	-1.25665132225857	wang_style_cellcell_intra	32.4319874363753	0.326181277742675	0.248826590215708	True	PASS	-1.25653240416662	9.46309368733925e-05	6.03862731739468e-77	PROJECT_CORRECTED_NATIVE_COEFFICIENT_SERIALIZATION	GSE171351_D1	GSE171351	GSE171351	NA	GSE171351_D1	Endothelial	Epithelial
M03	intra	M03	NA	wang_style_cellcell_intra	NA	0.326181277742675	0.248826590215708	True	PASS	NA	9.46309368733925e-05	6.03862731739468e-77	PROJECT_CORRECTED_NATIVE_COEFFICIENT_SERIALIZATION	GSE171351_D1	GSE171351	GSE171351	NA	GSE171351_D1	Epithelial	Epithelial
M03	intra	M04	-0.0633448457221764	wang_style_cellcell_intra	68.3750890071443	0.326181277742675	0.248826590215708	True	PASS	-0.0633388513400791	9.46309368733925e-05	6.03862731739468e-77	PROJECT_CORRECTED_NATIVE_COEFFICIENT_SERIALIZATION	GSE171351_D1	GSE171351	GSE171351	NA	GSE171351_D1	Fibroblast	Epithelial
M03	intra	M05	-1.2582742019184	wang_style_cellcell_intra	32.3831053347547	0.326181277742675	0.248826590215708	True	PASS	-1.25815513025183	9.46309368733925e-05	6.03862731739468e-77	PROJECT_CORRECTED_NATIVE_COEFFICIENT_SERIALIZATION	GSE171351_D1	GSE171351	GSE171351	NA	GSE171351_D1	Mast	Epithelial
M03	intra	M06	1.59186130488718	wang_style_cellcell_intra	118.230883777147	0.326181277742675	0.248826590215708	True	PASS	1.59171066556052	9.46309368733925e-05	6.03862731739468e-77	PROJECT_CORRECTED_NATIVE_COEFFICIENT_SERIALIZATION	GSE171351_D1	GSE171351	GSE171351	NA	GSE171351_D1	Mural	Epithelial
M03	intra	M07	1.01456281631925	wang_style_cellcell_intra	100.842309576598	0.326181277742675	0.248826590215708	True	PASS	1.01446680728942	9.46309368733925e-05	6.03862731739468e-77	PROJECT_CORRECTED_NATIVE_COEFFICIENT_SERIALIZATION	GSE171351_D1	GSE171351	GSE171351	NA	GSE171351_D1	Myeloid	Epithelial
M03	intra	M08	-0.279596484735556	wang_style_cellcell_intra	61.861460883325	0.326181277742675	0.248826590215708	True	PASS	-0.279570026258259	9.46309368733925e-05	6.03862731739468e-77	PROJECT_CORRECTED_NATIVE_COEFFICIENT_SERIALIZATION	GSE171351_D1	GSE171351	GSE171351	NA	GSE171351_D1	Plasma	Epithelial
M03	intra	M09	-0.157487811230952	wang_style_cellcell_intra	65.5394468330761	0.326181277742675	0.248826590215708	True	PASS	-0.157472908011828	9.46309368733925e-05	6.03862731739468e-77	PROJECT_CORRECTED_NATIVE_COEFFICIENT_SERIALIZATION	GSE171351_D1	GSE171351	GSE171351	NA	GSE171351_D1	T_NK	Epithelial
M04	intra	M01	0.597869773979898	wang_style_cellcell_intra	748.925386445824	0.827678092339066	0.82758153412447	True	PASS	0.597207602579328	0.0011075512250136	1.1125369292536797e-308	PROJECT_CORRECTED_NATIVE_COEFFICIENT_SERIALIZATION	GSE171351_D1	GSE171351	GSE171351	NA	GSE171351_D1	B	Fibroblast
M04	intra	M02	0.656086394653832	wang_style_cellcell_intra	768.036733986425	0.827678092339066	0.82758153412447	True	PASS	0.655359745363719	0.0011075512250136	1.1125369292536797e-308	PROJECT_CORRECTED_NATIVE_COEFFICIENT_SERIALIZATION	GSE171351_D1	GSE171351	GSE171351	NA	GSE171351_D1	Endothelial	Fibroblast
M04	intra	M03	-1.19954213532107	wang_style_cellcell_intra	158.871149793	0.827678092339066	0.82758153412447	True	PASS	-1.19821358095964	0.0011075512250136	1.1125369292536797e-308	PROJECT_CORRECTED_NATIVE_COEFFICIENT_SERIALIZATION	GSE171351_D1	GSE171351	GSE171351	NA	GSE171351_D1	Epithelial	Fibroblast
M04	intra	M04	NA	wang_style_cellcell_intra	NA	0.827678092339066	0.82758153412447	True	PASS	NA	0.0011075512250136	1.1125369292536797e-308	PROJECT_CORRECTED_NATIVE_COEFFICIENT_SERIALIZATION	GSE171351_D1	GSE171351	GSE171351	NA	GSE171351_D1	Fibroblast	Fibroblast
M04	intra	M05	-1.13577259025295	wang_style_cellcell_intra	179.80541090597	0.827678092339066	0.82758153412447	True	PASS	-1.13451466392927	0.0011075512250136	1.1125369292536797e-308	PROJECT_CORRECTED_NATIVE_COEFFICIENT_SERIALIZATION	GSE171351_D1	GSE171351	GSE171351	NA	GSE171351_D1	Mast	Fibroblast
M04	intra	M06	0.16155683322145	wang_style_cellcell_intra	605.692609435295	0.827678092339066	0.82758153412447	True	PASS	0.161377900752907	0.0011075512250136	1.1125369292536797e-308	PROJECT_CORRECTED_NATIVE_COEFFICIENT_SERIALIZATION	GSE171351_D1	GSE171351	GSE171351	NA	GSE171351_D1	Mural	Fibroblast
M04	intra	M07	0.420338125508845	wang_style_cellcell_intra	690.645311200832	0.827678092339066	0.82758153412447	True	PASS	0.419872579503018	0.0011075512250136	1.1125369292536797e-308	PROJECT_CORRECTED_NATIVE_COEFFICIENT_SERIALIZATION	GSE171351_D1	GSE171351	GSE171351	NA	GSE171351_D1	Myeloid	Fibroblast
M04	intra	M08	-1.00639418419556	wang_style_cellcell_intra	222.27774361419	0.827678092339066	0.82758153412447	True	PASS	-1.00527955108401	0.0011075512250136	1.1125369292536797e-308	PROJECT_CORRECTED_NATIVE_COEFFICIENT_SERIALIZATION	GSE171351_D1	GSE171351	GSE171351	NA	GSE171351_D1	Plasma	Fibroblast
M04	intra	M09	1.50585778240555	wang_style_cellcell_intra	1046.9996166371	0.827678092339066	0.82758153412447	True	PASS	1.50418996777395	0.0011075512250136	1.1125369292536797e-308	PROJECT_CORRECTED_NATIVE_COEFFICIENT_SERIALIZATION	GSE171351_D1	GSE171351	GSE171351	NA	GSE171351_D1	T_NK	Fibroblast
M05	intra	M01	0.481681100005124	wang_style_cellcell_intra	5.22316277881958	0.160287573252072	0.141767321703282	True	PASS	0.47949190122638	0.0045449131774531	7.322983488593379e-36	PROJECT_CORRECTED_NATIVE_COEFFICIENT_SERIALIZATION	GSE171351_D1	GSE171351	GSE171351	NA	GSE171351_D1	B	Mast
M05	intra	M02	-0.653762959161792	wang_style_cellcell_intra	4.20745685039762	0.160287573252072	0.141767321703282	True	PASS	-0.650791663273767	0.0045449131774531	7.322983488593379e-36	PROJECT_CORRECTED_NATIVE_COEFFICIENT_SERIALIZATION	GSE171351_D1	GSE171351	GSE171351	NA	GSE171351_D1	Endothelial	Mast
M05	intra	M03	0.702440058997891	wang_style_cellcell_intra	5.42064162561167	0.160287573252072	0.141767321703282	True	PASS	0.699247529917381	0.0045449131774531	7.322983488593379e-36	PROJECT_CORRECTED_NATIVE_COEFFICIENT_SERIALIZATION	GSE171351_D1	GSE171351	GSE171351	NA	GSE171351_D1	Epithelial	Mast
M05	intra	M04	-0.135659260195996	wang_style_cellcell_intra	4.6709239796924	0.160287573252072	0.141767321703282	True	PASS	-0.135042700636688	0.0045449131774531	7.322983488593379e-36	PROJECT_CORRECTED_NATIVE_COEFFICIENT_SERIALIZATION	GSE171351_D1	GSE171351	GSE171351	NA	GSE171351_D1	Fibroblast	Mast
M05	intra	M05	NA	wang_style_cellcell_intra	NA	0.160287573252072	0.141767321703282	True	PASS	NA	0.0045449131774531	7.322983488593379e-36	PROJECT_CORRECTED_NATIVE_COEFFICIENT_SERIALIZATION	GSE171351_D1	GSE171351	GSE171351	NA	GSE171351_D1	Mast	Mast
M05	intra	M06	-0.255624701724665	wang_style_cellcell_intra	4.56360948085586	0.160287573252072	0.141767321703282	True	PASS	-0.254462909649314	0.0045449131774531	7.322983488593379e-36	PROJECT_CORRECTED_NATIVE_COEFFICIENT_SERIALIZATION	GSE171351_D1	GSE171351	GSE171351	NA	GSE171351_D1	Mural	Mast
M05	intra	M07	-1.21820240564179	wang_style_cellcell_intra	3.70254030484312	0.160287573252072	0.141767321703282	True	PASS	-1.21266578147558	0.0045449131774531	7.322983488593379e-36	PROJECT_CORRECTED_NATIVE_COEFFICIENT_SERIALIZATION	GSE171351_D1	GSE171351	GSE171351	NA	GSE171351_D1	Myeloid	Mast
M05	intra	M08	-0.820055706620542	wang_style_cellcell_intra	4.05870048667914	0.160287573252072	0.141767321703282	True	PASS	-0.816328624633276	0.0045449131774531	7.322983488593379e-36	PROJECT_CORRECTED_NATIVE_COEFFICIENT_SERIALIZATION	GSE171351_D1	GSE171351	GSE171351	NA	GSE171351_D1	Plasma	Mast
M05	intra	M09	1.89918387434177	wang_style_cellcell_intra	6.49118295103719	0.160287573252072	0.141767321703282	True	PASS	1.89055224852487	0.0045449131774531	7.322983488593379e-36	PROJECT_CORRECTED_NATIVE_COEFFICIENT_SERIALIZATION	GSE171351_D1	GSE171351	GSE171351	NA	GSE171351_D1	T_NK	Mast
M06	intra	M01	1.93491835876733	wang_style_cellcell_intra	1600.76184264179	0.767307837131825	0.768467702703002	True	PASS	1.93414401463236	0.0004001947324886	6.66622238597353e-268	PROJECT_CORRECTED_NATIVE_COEFFICIENT_SERIALIZATION	GSE171351_D1	GSE171351	GSE171351	NA	GSE171351_D1	B	Mural
M06	intra	M02	-0.424778288834094	wang_style_cellcell_intra	555.770382218523	0.767307837131825	0.768467702703002	True	PASS	-0.424608294800427	0.0004001947324886	6.66622238597353e-268	PROJECT_CORRECTED_NATIVE_COEFFICIENT_SERIALIZATION	GSE171351_D1	GSE171351	GSE171351	NA	GSE171351_D1	Endothelial	Mural
M06	intra	M03	-0.176813441099343	wang_style_cellcell_intra	665.58159402465	0.767307837131825	0.768467702703002	True	PASS	-0.176742681291582	0.0004001947324886	6.66622238597353e-268	PROJECT_CORRECTED_NATIVE_COEFFICIENT_SERIALIZATION	GSE171351_D1	GSE171351	GSE171351	NA	GSE171351_D1	Epithelial	Mural
M06	intra	M04	1.13847961799688	wang_style_cellcell_intra	1248.05901378395	0.767307837131825	0.768467702703002	True	PASS	1.13802400445072	0.0004001947324886	6.66622238597353e-268	PROJECT_CORRECTED_NATIVE_COEFFICIENT_SERIALIZATION	GSE171351_D1	GSE171351	GSE171351	NA	GSE171351_D1	Fibroblast	Mural
M06	intra	M05	-1.00508993830996	wang_style_cellcell_intra	298.779417425302	0.767307837131825	0.768467702703002	True	PASS	-1.00468770661097	0.0004001947324886	6.66622238597353e-268	PROJECT_CORRECTED_NATIVE_COEFFICIENT_SERIALIZATION	GSE171351_D1	GSE171351	GSE171351	NA	GSE171351_D1	Mast	Mural
M06	intra	M06	NA	wang_style_cellcell_intra	NA	0.767307837131825	0.768467702703002	True	PASS	NA	0.0004001947324886	6.66622238597353e-268	PROJECT_CORRECTED_NATIVE_COEFFICIENT_SERIALIZATION	GSE171351_D1	GSE171351	GSE171351	NA	GSE171351_D1	Mural	Mural
M06	intra	M07	-0.438955881465516	wang_style_cellcell_intra	549.491836523145	0.767307837131825	0.768467702703002	True	PASS	-0.438780213633958	0.0004001947324886	6.66622238597353e-268	PROJECT_CORRECTED_NATIVE_COEFFICIENT_SERIALIZATION	GSE171351_D1	GSE171351	GSE171351	NA	GSE171351_D1	Myeloid	Mural
M06	intra	M08	-0.421085496498505	wang_style_cellcell_intra	557.405734991402	0.767307837131825	0.768467702703002	True	PASS	-0.420916980300879	0.0004001947324886	6.66622238597353e-268	PROJECT_CORRECTED_NATIVE_COEFFICIENT_SERIALIZATION	GSE171351_D1	GSE171351	GSE171351	NA	GSE171351_D1	Plasma	Mural
M06	intra	M09	-0.6066749305568	wang_style_cellcell_intra	475.217469846033	0.767307837131825	0.768467702703002	True	PASS	-0.606432142445258	0.0004001947324886	6.66622238597353e-268	PROJECT_CORRECTED_NATIVE_COEFFICIENT_SERIALIZATION	GSE171351_D1	GSE171351	GSE171351	NA	GSE171351_D1	T_NK	Mural
M07	intra	M01	-0.145259356683053	wang_style_cellcell_intra	38.130976412829	0.590973467046286	0.58621461096167	True	PASS	-0.0362964044649063	0.750126908904721	2.57244164241272e-163	PROJECT_CORRECTED_NATIVE_COEFFICIENT_SERIALIZATION	GSE171351_D1	GSE171351	GSE171351	NA	GSE171351_D1	B	Myeloid
M07	intra	M02	0.127701658095667	wang_style_cellcell_intra	44.401082348199	0.590973467046286	0.58621461096167	True	PASS	0.0319092080463567	0.750126908904721	2.57244164241272e-163	PROJECT_CORRECTED_NATIVE_COEFFICIENT_SERIALIZATION	GSE171351_D1	GSE171351	GSE171351	NA	GSE171351_D1	Endothelial	Myeloid
M07	intra	M03	-0.726719811480459	wang_style_cellcell_intra	24.7744219914451	0.590973467046286	0.58621461096167	True	PASS	-0.181587725654801	0.750126908904721	2.57244164241272e-163	PROJECT_CORRECTED_NATIVE_COEFFICIENT_SERIALIZATION	GSE171351_D1	GSE171351	GSE171351	NA	GSE171351_D1	Epithelial	Myeloid
M07	intra	M04	1.73959227212309	wang_style_cellcell_intra	81.4273401615124	0.590973467046286	0.58621461096167	True	PASS	0.434677298280856	0.750126908904721	2.57244164241272e-163	PROJECT_CORRECTED_NATIVE_COEFFICIENT_SERIALIZATION	GSE171351_D1	GSE171351	GSE171351	NA	GSE171351_D1	Fibroblast	Myeloid
M07	intra	M05	-0.921081747554695	wang_style_cellcell_intra	20.3097920149739	0.590973467046286	0.58621461096167	True	PASS	-0.230153543412933	0.750126908904721	2.57244164241272e-163	PROJECT_CORRECTED_NATIVE_COEFFICIENT_SERIALIZATION	GSE171351_D1	GSE171351	GSE171351	NA	GSE171351_D1	Mast	Myeloid
M07	intra	M06	-0.282057887425395	wang_style_cellcell_intra	34.9886182256981	0.590973467046286	0.58621461096167	True	PASS	-0.0704786761987876	0.750126908904721	2.57244164241272e-163	PROJECT_CORRECTED_NATIVE_COEFFICIENT_SERIALIZATION	GSE171351_D1	GSE171351	GSE171351	NA	GSE171351_D1	Mural	Myeloid
M07	intra	M07	NA	wang_style_cellcell_intra	NA	0.590973467046286	0.58621461096167	True	PASS	NA	0.750126908904721	2.57244164241272e-163	PROJECT_CORRECTED_NATIVE_COEFFICIENT_SERIALIZATION	GSE171351_D1	GSE171351	GSE171351	NA	GSE171351_D1	Myeloid	Myeloid
M07	intra	M08	-1.00485832923865	wang_style_cellcell_intra	18.3853851816852	0.590973467046286	0.58621461096167	True	PASS	-0.251087056839698	0.750126908904721	2.57244164241272e-163	PROJECT_CORRECTED_NATIVE_COEFFICIENT_SERIALIZATION	GSE171351_D1	GSE171351	GSE171351	NA	GSE171351_D1	Plasma	Myeloid
M07	intra	M09	1.21268320216349	wang_style_cellcell_intra	69.323869306408	0.590973467046286	0.58621461096167	True	PASS	0.303016900243913	0.750126908904721	2.57244164241272e-163	PROJECT_CORRECTED_NATIVE_COEFFICIENT_SERIALIZATION	GSE171351_D1	GSE171351	GSE171351	NA	GSE171351_D1	T_NK	Myeloid
M08	intra	M01	1.77391860932313	wang_style_cellcell_intra	10.9431922019204	0.101559738448926	0.182845775307348	True	PASS	1.72135634132022	0.029630597326543	1.3341501736390398e-22	PROJECT_CORRECTED_NATIVE_COEFFICIENT_SERIALIZATION	GSE171351_D1	GSE171351	GSE171351	NA	GSE171351_D1	B	Plasma
M08	intra	M02	0.079993342774326	wang_style_cellcell_intra	7.05897884466514	0.101559738448926	0.182845775307348	True	PASS	0.0776230922457758	0.029630597326543	1.3341501736390398e-22	PROJECT_CORRECTED_NATIVE_COEFFICIENT_SERIALIZATION	GSE171351_D1	GSE171351	GSE171351	NA	GSE171351_D1	Endothelial	Plasma
M08	intra	M03	0.153307566032544	wang_style_cellcell_intra	7.22709020759235	0.101559738448926	0.182845775307348	True	PASS	0.148764971276321	0.029630597326543	1.3341501736390398e-22	PROJECT_CORRECTED_NATIVE_COEFFICIENT_SERIALIZATION	GSE171351_D1	GSE171351	GSE171351	NA	GSE171351_D1	Epithelial	Plasma
M08	intra	M04	0.626152746622518	wang_style_cellcell_intra	8.31133613191422	0.101559738448926	0.182845775307348	True	PASS	0.607599466722437	0.029630597326543	1.3341501736390398e-22	PROJECT_CORRECTED_NATIVE_COEFFICIENT_SERIALIZATION	GSE171351_D1	GSE171351	GSE171351	NA	GSE171351_D1	Fibroblast	Plasma
M08	intra	M05	-1.7464292294123	wang_style_cellcell_intra	2.87094582397964	0.101559738448926	0.182845775307348	True	PASS	-1.69468148815628	0.029630597326543	1.3341501736390398e-22	PROJECT_CORRECTED_NATIVE_COEFFICIENT_SERIALIZATION	GSE171351_D1	GSE171351	GSE171351	NA	GSE171351_D1	Mast	Plasma
M08	intra	M06	-0.557521453167652	wang_style_cellcell_intra	5.59714133934779	0.101559738448926	0.182845775307348	True	PASS	-0.541001759487933	0.029630597326543	1.3341501736390398e-22	PROJECT_CORRECTED_NATIVE_COEFFICIENT_SERIALIZATION	GSE171351_D1	GSE171351	GSE171351	NA	GSE171351_D1	Mural	Plasma
M08	intra	M07	-0.0748808205452985	wang_style_cellcell_intra	6.70384848222273	0.101559738448926	0.182845775307348	True	PASS	-0.0726620571042396	0.029630597326543	1.3341501736390398e-22	PROJECT_CORRECTED_NATIVE_COEFFICIENT_SERIALIZATION	GSE171351_D1	GSE171351	GSE171351	NA	GSE171351_D1	Myeloid	Plasma
M08	intra	M08	NA	wang_style_cellcell_intra	NA	0.101559738448926	0.182845775307348	True	PASS	NA	0.029630597326543	1.3341501736390398e-22	PROJECT_CORRECTED_NATIVE_COEFFICIENT_SERIALIZATION	GSE171351_D1	GSE171351	GSE171351	NA	GSE171351_D1	Plasma	Plasma
M08	intra	M09	-0.254540761627271	wang_style_cellcell_intra	6.29188370627009	0.101559738448926	0.182845775307348	True	PASS	-0.246998566816302	0.029630597326543	1.3341501736390398e-22	PROJECT_CORRECTED_NATIVE_COEFFICIENT_SERIALIZATION	GSE171351_D1	GSE171351	GSE171351	NA	GSE171351_D1	T_NK	Plasma
M09	intra	M01	0.277246209199754	wang_style_cellcell_intra	36.5529720441063	0.63618023488472	0.637822419025428	True	PASS	0.136437858672571	0.50788196864301	1.3750660285955499e-184	PROJECT_CORRECTED_NATIVE_COEFFICIENT_SERIALIZATION	GSE171351_D1	GSE171351	GSE171351	NA	GSE171351_D1	B	T_NK
M09	intra	M02	0.143482523796639	wang_style_cellcell_intra	33.8534302015644	0.63618023488472	0.637822419025428	True	PASS	0.0706103371449345	0.50788196864301	1.3750660285955499e-184	PROJECT_CORRECTED_NATIVE_COEFFICIENT_SERIALIZATION	GSE171351_D1	GSE171351	GSE171351	NA	GSE171351_D1	Endothelial	T_NK
M09	intra	M03	-0.825318045974384	wang_style_cellcell_intra	14.3016537437484	0.63618023488472	0.637822419025428	True	PASS	-0.406153892028312	0.50788196864301	1.3750660285955499e-184	PROJECT_CORRECTED_NATIVE_COEFFICIENT_SERIALIZATION	GSE171351_D1	GSE171351	GSE171351	NA	GSE171351_D1	Epithelial	T_NK
M09	intra	M04	1.86053858006165	wang_style_cellcell_intra	68.5060689645323	0.63618023488472	0.637822419025428	True	PASS	0.91560458328367	0.50788196864301	1.3750660285955499e-184	PROJECT_CORRECTED_NATIVE_COEFFICIENT_SERIALIZATION	GSE171351_D1	GSE171351	GSE171351	NA	GSE171351_D1	Fibroblast	T_NK
M09	intra	M05	-0.822150444035329	wang_style_cellcell_intra	14.3655804660814	0.63618023488472	0.637822419025428	True	PASS	-0.404595057997941	0.50788196864301	1.3750660285955499e-184	PROJECT_CORRECTED_NATIVE_COEFFICIENT_SERIALIZATION	GSE171351_D1	GSE171351	GSE171351	NA	GSE171351_D1	Mast	T_NK
M09	intra	M06	-0.596092862648018	wang_style_cellcell_intra	18.927744688305	0.63618023488472	0.637822419025428	True	PASS	-0.293348046072295	0.50788196864301	1.3750660285955499e-184	PROJECT_CORRECTED_NATIVE_COEFFICIENT_SERIALIZATION	GSE171351_D1	GSE171351	GSE171351	NA	GSE171351_D1	Mural	T_NK
M09	intra	M07	0.910615872609944	wang_style_cellcell_intra	49.3352746774389	0.63618023488472	0.637822419025428	True	PASS	0.448130490551233	0.50788196864301	1.3750660285955499e-184	PROJECT_CORRECTED_NATIVE_COEFFICIENT_SERIALIZATION	GSE171351_D1	GSE171351	GSE171351	NA	GSE171351_D1	Myeloid	T_NK
M09	intra	M08	-0.948321833010259	wang_style_cellcell_intra	11.8192619877664	0.63618023488472	0.637822419025428	True	PASS	-0.466686273553861	0.50788196864301	1.3750660285955499e-184	PROJECT_CORRECTED_NATIVE_COEFFICIENT_SERIALIZATION	GSE171351_D1	GSE171351	GSE171351	NA	GSE171351_D1	Plasma	T_NK
M09	intra	M09	NA	wang_style_cellcell_intra	NA	0.63618023488472	0.637822419025428	True	PASS	NA	0.50788196864301	1.3750660285955499e-184	PROJECT_CORRECTED_NATIVE_COEFFICIENT_SERIALIZATION	GSE171351_D1	GSE171351	GSE171351	NA	GSE171351_D1	T_NK	T_NK
