Target	view	Predictor	standardized_importance	model	raw_importance	oob_r2	internal_meta_r2	importance_interpretable	status	native_standardized_importance	native_p_intra_field	calibration_slope_p	standardization_status
"M01"	"intra"	"M01"	NA	"wang_style_cellcell_intra"	NA	0.904426562346429	0.904905097099543	TRUE	"PASS"	NA	1.68430289863759e-05	0	"PROJECT_CORRECTED_NATIVE_COEFFICIENT_SERIALIZATION"
"M01"	"intra"	"M02"	0.847859202891962	"wang_style_cellcell_intra"	275.277044426676	0.904426562346429	0.904905097099543	TRUE	"PASS"	0.847844922374831	1.68430289863759e-05	0	"PROJECT_CORRECTED_NATIVE_COEFFICIENT_SERIALIZATION"
"M01"	"intra"	"M03"	2.03740464844748	"wang_style_cellcell_intra"	454.825500810816	0.904426562346429	0.904905097099543	TRUE	"PASS"	2.03737033238193	1.68430289863759e-05	0	"PROJECT_CORRECTED_NATIVE_COEFFICIENT_SERIALIZATION"
"M01"	"intra"	"M04"	-0.807277521460818	"wang_style_cellcell_intra"	25.4528405069505	0.904426562346429	0.904905097099543	TRUE	"PASS"	-0.807263924462123	1.68430289863759e-05	0	"PROJECT_CORRECTED_NATIVE_COEFFICIENT_SERIALIZATION"
"M01"	"intra"	"M05"	0.117616086027633	"wang_style_cellcell_intra"	165.055089554744	0.904426562346429	0.904905097099543	TRUE	"PASS"	0.117614105016486	1.68430289863759e-05	0	"PROJECT_CORRECTED_NATIVE_COEFFICIENT_SERIALIZATION"
"M01"	"intra"	"M06"	-0.779760431596318	"wang_style_cellcell_intra"	29.6062345851796	0.904426562346429	0.904905097099543	TRUE	"PASS"	-0.779747298068766	1.68430289863759e-05	0	"PROJECT_CORRECTED_NATIVE_COEFFICIENT_SERIALIZATION"
"M01"	"intra"	"M07"	-0.128520332099699	"wang_style_cellcell_intra"	127.903575840154	0.904426562346429	0.904905097099543	TRUE	"PASS"	-0.12851816742802	1.68430289863759e-05	0	"PROJECT_CORRECTED_NATIVE_COEFFICIENT_SERIALIZATION"
"M01"	"intra"	"M08"	-0.568016243891119	"wang_style_cellcell_intra"	61.5666293669253	0.904426562346429	0.904905097099543	TRUE	"PASS"	-0.568006676777058	1.68430289863759e-05	0	"PROJECT_CORRECTED_NATIVE_COEFFICIENT_SERIALIZATION"
"M01"	"intra"	"M09"	-0.719305408319126	"wang_style_cellcell_intra"	38.7312378800456	0.904426562346429	0.904905097099543	TRUE	"PASS"	-0.719293293037283	1.68430289863759e-05	0	"PROJECT_CORRECTED_NATIVE_COEFFICIENT_SERIALIZATION"
"M02"	"intra"	"M01"	1.63420894930901	"wang_style_cellcell_intra"	231.751363529501	0.725096823052639	0.728716244130148	TRUE	"PASS"	1.49523504476643	0.0850404745374458	1.27384112697054e-287	"PROJECT_CORRECTED_NATIVE_COEFFICIENT_SERIALIZATION"
"M02"	"intra"	"M02"	NA	"wang_style_cellcell_intra"	NA	0.725096823052639	0.728716244130148	TRUE	"PASS"	NA	0.0850404745374458	1.27384112697054e-287	"PROJECT_CORRECTED_NATIVE_COEFFICIENT_SERIALIZATION"
"M02"	"intra"	"M03"	1.17165578969225	"wang_style_cellcell_intra"	197.27480070672	0.725096823052639	0.728716244130148	TRUE	"PASS"	1.07201762534228	0.0850404745374458	1.27384112697054e-287	"PROJECT_CORRECTED_NATIVE_COEFFICIENT_SERIALIZATION"
"M02"	"intra"	"M04"	-0.871927900972516	"wang_style_cellcell_intra"	44.9555698680685	0.725096823052639	0.728716244130148	TRUE	"PASS"	-0.797778738511374	0.0850404745374458	1.27384112697054e-287	"PROJECT_CORRECTED_NATIVE_COEFFICIENT_SERIALIZATION"
"M02"	"intra"	"M05"	-0.461657049865075	"wang_style_cellcell_intra"	75.5352523942468	0.725096823052639	0.728716244130148	TRUE	"PASS"	-0.422397515270992	0.0850404745374458	1.27384112697054e-287	"PROJECT_CORRECTED_NATIVE_COEFFICIENT_SERIALIZATION"
"M02"	"intra"	"M06"	0.270836497858207	"wang_style_cellcell_intra"	130.131917210647	0.725096823052639	0.728716244130148	TRUE	"PASS"	0.247804433558285	0.0850404745374458	1.27384112697054e-287	"PROJECT_CORRECTED_NATIVE_COEFFICIENT_SERIALIZATION"
"M02"	"intra"	"M07"	0.192167097899842	"wang_style_cellcell_intra"	124.268265750256	0.725096823052639	0.728716244130148	TRUE	"PASS"	0.175825116703955	0.0850404745374458	1.27384112697054e-287	"PROJECT_CORRECTED_NATIVE_COEFFICIENT_SERIALIZATION"
"M02"	"intra"	"M08"	-0.978973818094043	"wang_style_cellcell_intra"	36.9768646969262	0.725096823052639	0.728716244130148	TRUE	"PASS"	-0.89572142004359	0.0850404745374458	1.27384112697054e-287	"PROJECT_CORRECTED_NATIVE_COEFFICIENT_SERIALIZATION"
"M02"	"intra"	"M09"	-0.956309565827679	"wang_style_cellcell_intra"	38.6661527297655	0.725096823052639	0.728716244130148	TRUE	"PASS"	-0.874984546544994	0.0850404745374458	1.27384112697054e-287	"PROJECT_CORRECTED_NATIVE_COEFFICIENT_SERIALIZATION"
"M03"	"intra"	"M01"	1.90932419439278	"wang_style_cellcell_intra"	6803.51046169645	0.937531186979034	0.939278044572644	TRUE	"PASS"	1.90932419382085	2.99548128618044e-10	0	"PROJECT_CORRECTED_NATIVE_COEFFICIENT_SERIALIZATION"
"M03"	"intra"	"M02"	0.400032355885374	"wang_style_cellcell_intra"	3420.01545403882	0.937531186979034	0.939278044572644	TRUE	"PASS"	0.400032355765545	2.99548128618044e-10	0	"PROJECT_CORRECTED_NATIVE_COEFFICIENT_SERIALIZATION"
"M03"	"intra"	"M03"	NA	"wang_style_cellcell_intra"	NA	0.937531186979034	0.939278044572644	TRUE	"PASS"	NA	2.99548128618044e-10	0	"PROJECT_CORRECTED_NATIVE_COEFFICIENT_SERIALIZATION"
"M03"	"intra"	"M04"	-0.917461014758255	"wang_style_cellcell_intra"	466.4897484979	0.937531186979034	0.939278044572644	TRUE	"PASS"	-0.917461014483431	2.99548128618044e-10	0	"PROJECT_CORRECTED_NATIVE_COEFFICIENT_SERIALIZATION"
"M03"	"intra"	"M05"	0.789950544986513	"wang_style_cellcell_intra"	4294.12489567159	0.937531186979034	0.939278044572644	TRUE	"PASS"	0.789950544749885	2.99548128618044e-10	0	"PROJECT_CORRECTED_NATIVE_COEFFICIENT_SERIALIZATION"
"M03"	"intra"	"M06"	-0.849102056241613	"wang_style_cellcell_intra"	619.735256734706	0.937531186979034	0.939278044572644	TRUE	"PASS"	-0.849102055987266	2.99548128618044e-10	0	"PROJECT_CORRECTED_NATIVE_COEFFICIENT_SERIALIZATION"
"M03"	"intra"	"M07"	-0.451324565082362	"wang_style_cellcell_intra"	1511.46349719673	0.937531186979034	0.939278044572644	TRUE	"PASS"	-0.451324564947169	2.99548128618044e-10	0	"PROJECT_CORRECTED_NATIVE_COEFFICIENT_SERIALIZATION"
"M03"	"intra"	"M08"	0.0151303527579314	"wang_style_cellcell_intra"	2557.15118034936	0.937531186979034	0.939278044572644	TRUE	"PASS"	0.0151303527533991	2.99548128618044e-10	0	"PROJECT_CORRECTED_NATIVE_COEFFICIENT_SERIALIZATION"
"M03"	"intra"	"M09"	-0.896549811940371	"wang_style_cellcell_intra"	513.367992011359	0.937531186979034	0.939278044572644	TRUE	"PASS"	-0.896549811671811	2.99548128618044e-10	0	"PROJECT_CORRECTED_NATIVE_COEFFICIENT_SERIALIZATION"
"M04"	"intra"	"M01"	-1.10666062972643	"wang_style_cellcell_intra"	18.5248818776326	0.318528913869339	0.319447259163062	TRUE	"PASS"	-0.151270727206003	0.863308838190622	1.28465491473826e-86	"PROJECT_CORRECTED_NATIVE_COEFFICIENT_SERIALIZATION"
"M04"	"intra"	"M02"	-0.425687930332424	"wang_style_cellcell_intra"	21.6732447705512	0.318528913869339	0.319447259163062	TRUE	"PASS"	-0.0581877777653687	0.863308838190622	1.28465491473826e-86	"PROJECT_CORRECTED_NATIVE_COEFFICIENT_SERIALIZATION"
"M04"	"intra"	"M03"	-0.179629417740949	"wang_style_cellcell_intra"	22.8108549731616	0.318528913869339	0.319447259163062	TRUE	"PASS"	-0.0245537538061524	0.863308838190622	1.28465491473826e-86	"PROJECT_CORRECTED_NATIVE_COEFFICIENT_SERIALIZATION"
"M04"	"intra"	"M04"	NA	"wang_style_cellcell_intra"	NA	0.318528913869339	0.319447259163062	TRUE	"PASS"	NA	0.863308838190622	1.28465491473826e-86	"PROJECT_CORRECTED_NATIVE_COEFFICIENT_SERIALIZATION"
"M04"	"intra"	"M05"	-1.17587116342424	"wang_style_cellcell_intra"	18.2048986003482	0.318528913869339	0.319447259163062	TRUE	"PASS"	-0.160731195466605	0.863308838190622	1.28465491473826e-86	"PROJECT_CORRECTED_NATIVE_COEFFICIENT_SERIALIZATION"
"M04"	"intra"	"M06"	0.328726962810272	"wang_style_cellcell_intra"	25.1611553102091	0.318528913869339	0.319447259163062	TRUE	"PASS"	0.0449340704646044	0.863308838190622	1.28465491473826e-86	"PROJECT_CORRECTED_NATIVE_COEFFICIENT_SERIALIZATION"
"M04"	"intra"	"M07"	-0.254674136868784	"wang_style_cellcell_intra"	22.4638983195075	0.318528913869339	0.319447259163062	TRUE	"PASS"	-0.0348117036513947	0.863308838190622	1.28465491473826e-86	"PROJECT_CORRECTED_NATIVE_COEFFICIENT_SERIALIZATION"
"M04"	"intra"	"M08"	1.25277623857232	"wang_style_cellcell_intra"	29.4333419244838	0.318528913869339	0.319447259163062	TRUE	"PASS"	0.171243439537633	0.863308838190622	1.28465491473826e-86	"PROJECT_CORRECTED_NATIVE_COEFFICIENT_SERIALIZATION"
"M04"	"intra"	"M09"	1.56102007671023	"wang_style_cellcell_intra"	30.8584555345123	0.318528913869339	0.319447259163062	TRUE	"PASS"	0.213377647893286	0.863308838190622	1.28465491473826e-86	"PROJECT_CORRECTED_NATIVE_COEFFICIENT_SERIALIZATION"
"M05"	"intra"	"M01"	0.823394468754395	"wang_style_cellcell_intra"	13.1027160628597	0.605428375248758	0.604118346650672	TRUE	"PASS"	0.184144594936382	0.776359203365854	2.78147996563906e-207	"PROJECT_CORRECTED_NATIVE_COEFFICIENT_SERIALIZATION"
"M05"	"intra"	"M02"	-0.0247872991394665	"wang_style_cellcell_intra"	7.95174400197221	0.605428375248758	0.604118346650672	TRUE	"PASS"	-0.00554345132595917	0.776359203365854	2.78147996563906e-207	"PROJECT_CORRECTED_NATIVE_COEFFICIENT_SERIALIZATION"
"M05"	"intra"	"M03"	2.07203350208422	"wang_style_cellcell_intra"	20.6856481869327	0.605428375248758	0.604118346650672	TRUE	"PASS"	0.463391223058753	0.776359203365854	2.78147996563906e-207	"PROJECT_CORRECTED_NATIVE_COEFFICIENT_SERIALIZATION"
"M05"	"intra"	"M04"	-0.840808037318672	"wang_style_cellcell_intra"	2.9960845165023	0.605428375248758	0.604118346650672	TRUE	"PASS"	-0.188038979282341	0.776359203365854	2.78147996563906e-207	"PROJECT_CORRECTED_NATIVE_COEFFICIENT_SERIALIZATION"
"M05"	"intra"	"M05"	NA	"wang_style_cellcell_intra"	NA	0.605428375248758	0.604118346650672	TRUE	"PASS"	NA	0.776359203365854	2.78147996563906e-207	"PROJECT_CORRECTED_NATIVE_COEFFICIENT_SERIALIZATION"
"M05"	"intra"	"M06"	-0.75418187098559	"wang_style_cellcell_intra"	3.5221615667453	0.605428375248758	0.604118346650672	TRUE	"PASS"	-0.168665834434248	0.776359203365854	2.78147996563906e-207	"PROJECT_CORRECTED_NATIVE_COEFFICIENT_SERIALIZATION"
"M05"	"intra"	"M07"	-0.51660030381952	"wang_style_cellcell_intra"	4.96498439196715	0.605428375248758	0.604118346650672	TRUE	"PASS"	-0.115532903487639	0.776359203365854	2.78147996563906e-207	"PROJECT_CORRECTED_NATIVE_COEFFICIENT_SERIALIZATION"
"M05"	"intra"	"M08"	-0.0653746442984489	"wang_style_cellcell_intra"	7.70525876867293	0.605428375248758	0.604118346650672	TRUE	"PASS"	-0.014620437530579	0.776359203365854	2.78147996563906e-207	"PROJECT_CORRECTED_NATIVE_COEFFICIENT_SERIALIZATION"
"M05"	"intra"	"M09"	-0.693675815276912	"wang_style_cellcell_intra"	3.88961228812051	0.605428375248758	0.604118346650672	TRUE	"PASS"	-0.155134211934369	0.776359203365854	2.78147996563906e-207	"PROJECT_CORRECTED_NATIVE_COEFFICIENT_SERIALIZATION"
"M06"	"intra"	"M01"	-0.769000278839521	"wang_style_cellcell_intra"	5.90949060457507	0.408959593337412	0.434621743072465	TRUE	"PASS"	-0.763882453168563	0.00665516751005804	4.61301102845748e-120	"PROJECT_CORRECTED_NATIVE_COEFFICIENT_SERIALIZATION"
"M06"	"intra"	"M02"	2.30423738033703	"wang_style_cellcell_intra"	14.8261312447896	0.408959593337412	0.434621743072465	TRUE	"PASS"	2.28890229458795	0.00665516751005804	4.61301102845748e-120	"PROJECT_CORRECTED_NATIVE_COEFFICIENT_SERIALIZATION"
"M06"	"intra"	"M03"	0.19126209109267	"wang_style_cellcell_intra"	8.69557987672733	0.408959593337412	0.434621743072465	TRUE	"PASS"	0.189989209838124	0.00665516751005804	4.61301102845748e-120	"PROJECT_CORRECTED_NATIVE_COEFFICIENT_SERIALIZATION"
"M06"	"intra"	"M04"	-0.717107240881269	"wang_style_cellcell_intra"	6.06005220199045	0.408959593337412	0.434621743072465	TRUE	"PASS"	-0.712334772070529	0.00665516751005804	4.61301102845748e-120	"PROJECT_CORRECTED_NATIVE_COEFFICIENT_SERIALIZATION"
"M06"	"intra"	"M05"	-0.418755306677696	"wang_style_cellcell_intra"	6.92568554266707	0.408959593337412	0.434621743072465	TRUE	"PASS"	-0.41596841996603	0.00665516751005804	4.61301102845748e-120	"PROJECT_CORRECTED_NATIVE_COEFFICIENT_SERIALIZATION"
"M06"	"intra"	"M06"	NA	"wang_style_cellcell_intra"	NA	0.408959593337412	0.434621743072465	TRUE	"PASS"	NA	0.00665516751005804	4.61301102845748e-120	"PROJECT_CORRECTED_NATIVE_COEFFICIENT_SERIALIZATION"
"M06"	"intra"	"M07"	-0.496095025947083	"wang_style_cellcell_intra"	6.70129336724222	0.408959593337412	0.434621743072465	TRUE	"PASS"	-0.492793430448498	0.00665516751005804	4.61301102845748e-120	"PROJECT_CORRECTED_NATIVE_COEFFICIENT_SERIALIZATION"
"M06"	"intra"	"M08"	0.200084545442533	"wang_style_cellcell_intra"	8.72117719907157	0.408959593337412	0.434621743072465	TRUE	"PASS"	0.198752949276439	0.00665516751005804	4.61301102845748e-120	"PROJECT_CORRECTED_NATIVE_COEFFICIENT_SERIALIZATION"
"M06"	"intra"	"M09"	-0.294626164526663	"wang_style_cellcell_intra"	7.28583177159082	0.408959593337412	0.434621743072465	TRUE	"PASS"	-0.292665378048892	0.00665516751005804	4.61301102845748e-120	"PROJECT_CORRECTED_NATIVE_COEFFICIENT_SERIALIZATION"
"M07"	"intra"	"M01"	0.0702333385966201	"wang_style_cellcell_intra"	426.244640284584	0.681820172690276	0.676787025144002	TRUE	"PASS"	0.0688043195043093	0.0203467344834373	7.23672343767441e-256	"PROJECT_CORRECTED_NATIVE_COEFFICIENT_SERIALIZATION"
"M07"	"intra"	"M02"	0.203734320562639	"wang_style_cellcell_intra"	470.696479590453	0.681820172690276	0.676787025144002	TRUE	"PASS"	0.199588992436988	0.0203467344834373	7.23672343767441e-256	"PROJECT_CORRECTED_NATIVE_COEFFICIENT_SERIALIZATION"
"M07"	"intra"	"M03"	-0.293188246827113	"wang_style_cellcell_intra"	305.236107780666	0.681820172690276	0.676787025144002	TRUE	"PASS"	-0.287222823415257	0.0203467344834373	7.23672343767441e-256	"PROJECT_CORRECTED_NATIVE_COEFFICIENT_SERIALIZATION"
"M07"	"intra"	"M04"	-0.71956929905186	"wang_style_cellcell_intra"	163.263953438114	0.681820172690276	0.676787025144002	TRUE	"PASS"	-0.704928413581619	0.0203467344834373	7.23672343767441e-256	"PROJECT_CORRECTED_NATIVE_COEFFICIENT_SERIALIZATION"
"M07"	"intra"	"M05"	-0.762307067358305	"wang_style_cellcell_intra"	149.033553173844	0.681820172690276	0.676787025144002	TRUE	"PASS"	-0.746796607863918	0.0203467344834373	7.23672343767441e-256	"PROJECT_CORRECTED_NATIVE_COEFFICIENT_SERIALIZATION"
"M07"	"intra"	"M06"	-0.491600995239531	"wang_style_cellcell_intra"	239.170589169652	0.681820172690276	0.676787025144002	TRUE	"PASS"	-0.481598520317599	0.0203467344834373	7.23672343767441e-256	"PROJECT_CORRECTED_NATIVE_COEFFICIENT_SERIALIZATION"
"M07"	"intra"	"M07"	NA	"wang_style_cellcell_intra"	NA	0.681820172690276	0.676787025144002	TRUE	"PASS"	NA	0.0203467344834373	7.23672343767441e-256	"PROJECT_CORRECTED_NATIVE_COEFFICIENT_SERIALIZATION"
"M07"	"intra"	"M08"	-0.334367771776545	"wang_style_cellcell_intra"	291.524556009383	0.681820172690276	0.676787025144002	TRUE	"PASS"	-0.327564479504389	0.0203467344834373	7.23672343767441e-256	"PROJECT_CORRECTED_NATIVE_COEFFICIENT_SERIALIZATION"
"M07"	"intra"	"M09"	2.3270657210941	"wang_style_cellcell_intra"	1177.70241182813	0.681820172690276	0.676787025144002	TRUE	"PASS"	2.27971753274149	0.0203467344834373	7.23672343767441e-256	"PROJECT_CORRECTED_NATIVE_COEFFICIENT_SERIALIZATION"
"M08"	"intra"	"M01"	-0.100862853609226	"wang_style_cellcell_intra"	53.192568689277	0.577375213293469	0.575272904763458	TRUE	"PASS"	-0.0734368066860194	0.271914247334938	1.94140143810401e-192	"PROJECT_CORRECTED_NATIVE_COEFFICIENT_SERIALIZATION"
"M08"	"intra"	"M02"	-0.905262859293193	"wang_style_cellcell_intra"	28.6336697082059	0.577375213293469	0.575272904763458	TRUE	"PASS"	-0.659108990268211	0.271914247334938	1.94140143810401e-192	"PROJECT_CORRECTED_NATIVE_COEFFICIENT_SERIALIZATION"
"M08"	"intra"	"M03"	2.24826767174651	"wang_style_cellcell_intra"	124.913178905468	0.577375213293469	0.575272904763458	TRUE	"PASS"	1.63693165997608	0.271914247334938	1.94140143810401e-192	"PROJECT_CORRECTED_NATIVE_COEFFICIENT_SERIALIZATION"
"M08"	"intra"	"M04"	-0.180625579716805	"wang_style_cellcell_intra"	50.7573564576892	0.577375213293469	0.575272904763458	TRUE	"PASS"	-0.131510911158673	0.271914247334938	1.94140143810401e-192	"PROJECT_CORRECTED_NATIVE_COEFFICIENT_SERIALIZATION"
"M08"	"intra"	"M05"	0.449067847695742	"wang_style_cellcell_intra"	69.9823404999505	0.577375213293469	0.575272904763458	TRUE	"PASS"	0.326959901887234	0.271914247334938	1.94140143810401e-192	"PROJECT_CORRECTED_NATIVE_COEFFICIENT_SERIALIZATION"
"M08"	"intra"	"M06"	-0.502865632485333	"wang_style_cellcell_intra"	40.9191405853903	0.577375213293469	0.575272904763458	TRUE	"PASS"	-0.366129302517476	0.271914247334938	1.94140143810401e-192	"PROJECT_CORRECTED_NATIVE_COEFFICIENT_SERIALIZATION"
"M08"	"intra"	"M07"	-0.74953037566782	"wang_style_cellcell_intra"	33.3882921676809	0.577375213293469	0.575272904763458	TRUE	"PASS"	-0.545722387713431	0.271914247334938	1.94140143810401e-192	"PROJECT_CORRECTED_NATIVE_COEFFICIENT_SERIALIZATION"
"M08"	"intra"	"M08"	NA	"wang_style_cellcell_intra"	NA	0.577375213293469	0.575272904763458	TRUE	"PASS"	NA	0.271914247334938	1.94140143810401e-192	"PROJECT_CORRECTED_NATIVE_COEFFICIENT_SERIALIZATION"
"M08"	"intra"	"M09"	-0.258188218669872	"wang_style_cellcell_intra"	48.3893144371847	0.577375213293469	0.575272904763458	TRUE	"PASS"	-0.187983163519506	0.271914247334938	1.94140143810401e-192	"PROJECT_CORRECTED_NATIVE_COEFFICIENT_SERIALIZATION"
"M09"	"intra"	"M01"	-0.22809076508031	"wang_style_cellcell_intra"	81.4764798573347	0.620135236952676	0.617251599169523	TRUE	"PASS"	-0.225083569694479	0.0131842049140913	6.43162714133867e-217	"PROJECT_CORRECTED_NATIVE_COEFFICIENT_SERIALIZATION"
"M09"	"intra"	"M02"	-0.479360545130291	"wang_style_cellcell_intra"	62.2073646308866	0.620135236952676	0.617251599169523	TRUE	"PASS"	-0.473040557475563	0.0131842049140913	6.43162714133867e-217	"PROJECT_CORRECTED_NATIVE_COEFFICIENT_SERIALIZATION"
"M09"	"intra"	"M03"	-0.415001889241039	"wang_style_cellcell_intra"	67.1428342122371	0.620135236952676	0.617251599169523	TRUE	"PASS"	-0.40953041929355	0.0131842049140913	6.43162714133867e-217	"PROJECT_CORRECTED_NATIVE_COEFFICIENT_SERIALIZATION"
"M09"	"intra"	"M04"	-0.472647327626431	"wang_style_cellcell_intra"	62.7221808638469	0.620135236952676	0.617251599169523	TRUE	"PASS"	-0.466415848406906	0.0131842049140913	6.43162714133867e-217	"PROJECT_CORRECTED_NATIVE_COEFFICIENT_SERIALIZATION"
"M09"	"intra"	"M05"	-0.64924528498406	"wang_style_cellcell_intra"	49.1794206146731	0.620135236952676	0.617251599169523	TRUE	"PASS"	-0.640685502107322	0.0131842049140913	6.43162714133867e-217	"PROJECT_CORRECTED_NATIVE_COEFFICIENT_SERIALIZATION"
"M09"	"intra"	"M06"	-0.516352701018569	"wang_style_cellcell_intra"	59.3705487028264	0.620135236952676	0.617251599169523	TRUE	"PASS"	-0.509545001200396	0.0131842049140913	6.43162714133867e-217	"PROJECT_CORRECTED_NATIVE_COEFFICIENT_SERIALIZATION"
"M09"	"intra"	"M07"	2.33525718777907	"wang_style_cellcell_intra"	278.051838260173	0.620135236952676	0.617251599169523	TRUE	"PASS"	2.30446867848829	0.0131842049140913	6.43162714133867e-217	"PROJECT_CORRECTED_NATIVE_COEFFICIENT_SERIALIZATION"
"M09"	"intra"	"M08"	0.425441325301629	"wang_style_cellcell_intra"	131.593868232674	0.620135236952676	0.617251599169523	TRUE	"PASS"	0.41983221968993	0.0131842049140913	6.43162714133867e-217	"PROJECT_CORRECTED_NATIVE_COEFFICIENT_SERIALIZATION"
"M09"	"intra"	"M09"	NA	"wang_style_cellcell_intra"	NA	0.620135236952676	0.617251599169523	TRUE	"PASS"	NA	0.0131842049140913	6.43162714133867e-217	"PROJECT_CORRECTED_NATIVE_COEFFICIENT_SERIALIZATION"
