epoch	abundance	median_relative_change	q95_relative_change	stable
5000	Epi_K32	0.24125778675079346	0.5351250141859053	False
5000	Epi_other	0.3322238624095917	0.6353981286287307	False
5000	total_epithelial	0.2895500361919403	0.48268061578273774	False
7000	Epi_K32	0.100293830037117	0.23487317264080046	False
7000	Epi_other	0.12220168858766556	0.21854951307177542	False
7000	total_epithelial	0.1016484797000885	0.18413637056946752	False
9000	Epi_K32	0.0766478180885315	0.1908624030649662	False
9000	Epi_other	0.046892888844013214	0.1446057580411434	True
9000	total_epithelial	0.044377416372299194	0.15871277078986168	True
11000	Epi_K32	0.06404778361320496	0.14761684909462924	False
11000	Epi_other	0.03910622000694275	0.1214441455900669	True
11000	total_epithelial	0.03686270862817764	0.13358281403779976	True
13000	Epi_K32	0.043246857821941376	0.10196514949202537	True
13000	Epi_other	0.032327961176633835	0.09401877820491791	True
13000	total_epithelial	0.02946391887962818	0.09593991935253142	True
