dataset	n	min	q05	median	q95	max	fraction_below_1500	unit	sample
"CNP0000460"	49327	505	757	2406	5099.7	5998	0.266446368114826	"dataset"	NA
"GSE326225"	6288	596	813	3424.5	5661	5999	0.194020356234097	"dataset"	NA
"HRA003620"	19435	525	2087	4282	5795	5999	0.0193979933110368	"dataset"	NA
"InhouseData"	13460	527	982	2503	4365	4916	0.176820208023774	"dataset"	NA
"PRJNA662018"	35189	324	1268.4	3409	6311	12080	0.0701639716957004	"dataset"	NA
NA	8618	538	688	2356	4227	5983	0.32791831051288	"sample"	"CNP0000460|CNP0000460_P01N"
NA	95	1035	1465	4141	5129.6	5227	0.0526315789473684	"sample"	"CNP0000460|CNP0000460_P02N"
NA	2533	519	974.6	2942	5167.4	5987	0.11251480457955	"sample"	"CNP0000460|CNP0000460_P03N"
NA	2661	579	685	1161	3205	4567	0.658023299511462	"sample"	"CNP0000460|CNP0000460_P05N"
NA	2014	579	1008.65	2794	5241.5	5996	0.111221449851043	"sample"	"CNP0000460|CNP0000460_P07N"
NA	8703	569	994.1	3463	5515.9	5998	0.127312421004251	"sample"	"CNP0000460|CNP0000460_P01T"
NA	2	2118	2305.4	3992	5678.6	5866	0	"sample"	"CNP0000460|CNP0000460_P02T"
NA	1652	546	1189.55	3416.5	5686	5992	0.0786924939467312	"sample"	"CNP0000460|CNP0000460_P03T"
NA	7910	552	738	2072.5	4589.2	5989	0.348798988621998	"sample"	"CNP0000460|CNP0000460_P04T"
NA	7832	539	876	2337.5	5071	5995	0.237104187946885	"sample"	"CNP0000460|CNP0000460_P05T"
NA	4395	505	730.7	1656	2946	5285	0.410466439135381	"sample"	"CNP0000460|CNP0000460_P06T"
NA	2912	564	1069	2760.5	5457.45	5996	0.135302197802198	"sample"	"CNP0000460|CNP0000460_P07T"
NA	220	611	731.55	938.5	1758.15	2054	0.836363636363636	"sample"	"GSE326225|GSE326225_BC1"
NA	1747	1016	1506.6	4040	5756.5	5996	0.048654836863194	"sample"	"GSE326225|GSE326225_BC2"
NA	3513	596	779	3298	5602	5997	0.197267292912041	"sample"	"GSE326225|GSE326225_BC3"
NA	540	667	955.1	3777	5803.2	5999	0.174074074074074	"sample"	"GSE326225|GSE326225_BC4"
NA	21	611	644	1030	1278	1387	1	"sample"	"GSE326225|GSE326225_BC5"
NA	110	690	813	1788.5	5612.3	5875	0.427272727272727	"sample"	"GSE326225|GSE326225_BC6"
NA	9	636	684.4	2017	2386.4	2418	0.222222222222222	"sample"	"GSE326225|GSE326225_BC7"
NA	128	693	800.75	998.5	2976.7	3485	0.734375	"sample"	"GSE326225|GSE326225_BC8"
NA	120	847	1295.15	4212.5	5549.55	5992	0.0833333333333333	"sample"	"HRA003620|HRA003620_BC-01"
NA	2280	1521	3104.55	5069	5897.05	5999	0	"sample"	"HRA003620|HRA003620_BC-04"
NA	3731	708	2270.5	4533	5809.5	5999	0.0166175288126508	"sample"	"HRA003620|HRA003620_BC-05"
NA	118	741	884.25	2707.5	4425.85	4785	0.23728813559322	"sample"	"HRA003620|HRA003620_BC-11"
NA	3766	688	1896.25	3792.5	5502.75	5999	0.024429102496017	"sample"	"HRA003620|HRA003620_BC-24"
NA	1755	797	2499.6	4810	5868.5	5999	0.0056980056980057	"sample"	"HRA003620|HRA003620_BC-27"
NA	2331	811	1913	3889	5621	5998	0.0214500214500215	"sample"	"HRA003620|HRA003620_BC-30"
NA	14	1902	1993.65	4606	5617.4	5659	0	"sample"	"HRA003620|HRA003620_NC-01"
NA	308	1050	1503.05	4719.5	5928.55	5998	0.0487012987012987	"sample"	"HRA003620|HRA003620_NC-04"
NA	634	720	2219.85	4648	5904	5999	0.0315457413249211	"sample"	"HRA003620|HRA003620_NC-05"
NA	255	846	1171.4	2786	4389.8	4965	0.0941176470588235	"sample"	"HRA003620|HRA003620_NC-11"
NA	1466	651	2367.5	4453.5	5847.75	5998	0.0272851296043656	"sample"	"HRA003620|HRA003620_NC-24"
NA	2653	525	2206	3859	5631.8	5998	0.00980022615906521	"sample"	"HRA003620|HRA003620_NC-27"
NA	4	1840	1955.2	2763.5	3146.8	3187	0	"sample"	"HRA003620|HRA003620_NC-30"
NA	372	779	1195.3	4053.5	4828.9	4916	0.0967741935483871	"sample"	"InhouseData|T4380845"
NA	763	670	1153.5	2756	4679.8	4900	0.115334207077326	"sample"	"InhouseData|T4091568"
NA	547	782	835	1676	3176.6	4091	0.393053016453382	"sample"	"InhouseData|T4295396"
NA	17	892	1143.2	2058	3433.4	3551	0.411764705882353	"sample"	"InhouseData|T4398343"
NA	239	811	877.4	2438	4638	4842	0.271966527196653	"sample"	"InhouseData|T4463209a"
NA	311	707	912	2857	4231	4844	0.192926045016077	"sample"	"InhouseData|T4463209b"
NA	9	846	846.4	1555	3124.8	3574	0.444444444444444	"sample"	"InhouseData|T4466585"
NA	326	527	710.75	1259.5	3661.25	4836	0.634969325153374	"sample"	"InhouseData|T4469479"
NA	343	671	1149.8	3006	4354.9	4892	0.104956268221574	"sample"	"InhouseData|T4471438"
NA	710	663	982.9	3205	4715.55	4896	0.154929577464789	"sample"	"InhouseData|T8009218"
NA	527	832	1004.6	2585	4526.4	4891	0.195445920303605	"sample"	"InhouseData|T4465935"
NA	9296	706	1035	2483	4116.25	4903	0.155873493975904	"sample"	"InhouseData|T4465219"
NA	354	338	365.6	474	1554.35	7412	0.946327683615819	"sample"	"PRJNA662018|PRJNA662018_PRJNA662018_P1N1"
NA	495	395	1175.4	5396	8350.9	10730	0.0747474747474747	"sample"	"PRJNA662018|PRJNA662018_PRJNA662018_P1T1"
NA	1652	324	410.55	4165.5	7816.6	12080	0.196125907990315	"sample"	"PRJNA662018|PRJNA662018_PRJNA662018_P2T2"
NA	135	346	378.2	487	1796.9	7108	0.925925925925926	"sample"	"PRJNA662018|PRJNA662018_PRJNA662018_P3N3"
NA	669	367	923.6	5216	7575.4	9940	0.0762331838565022	"sample"	"PRJNA662018|PRJNA662018_PRJNA662018_P3T3"
NA	7	584	635.6	1418	3847.2	4242	0.571428571428571	"sample"	"PRJNA662018|PRJNA662018_PRJNA662018_P4T4"
NA	4512	461	1896.55	4772	7190.9	11693	0.0246010638297872	"sample"	"PRJNA662018|PRJNA662018_PRJNA662018_P5T5"
NA	692	350	587.55	5639.5	8436.6	10392	0.106936416184971	"sample"	"PRJNA662018|PRJNA662018_PRJNA662018_P6N2"
NA	9997	1183	1873	3178	4954.4	7055	0.016705011503451	"sample"	"PRJNA662018|PRJNA662018_PRJNA662018_P6T6"
NA	8386	448	1036	2319	4128.5	6562	0.145480562842833	"sample"	"PRJNA662018|PRJNA662018_PRJNA662018_P7T7"
NA	8290	1372	2411.9	4260	6209.55	9089	0.00253317249698432	"sample"	"PRJNA662018|PRJNA662018_PRJNA662018_P8T8"
