view	Predictor	Target	standardized_importance	model	raw_importance	importance_interpretable	spatial_full_r2	delta_spatial_r2	status	native_standardized_importance	native_p_intra_field	calibration_slope_p	standardization_status
"intra"	"F01"	"MP10"	0.113154904203155	"mp10_target_extension"	0.0506584918271196	TRUE	0.0296252608903942	0.00890464988783024	"PASS"	0.11315489935266	4.28659777696851e-08	2.20122434925435e-42	"PROJECT_CORRECTED_NATIVE_COEFFICIENT_SERIALIZATION"
"intra"	"F02"	"MP10"	-0.192117137658955	"mp10_target_extension"	0.0465573033869006	TRUE	0.0296252608903942	0.00890464988783024	"PASS"	-0.192117129423665	4.28659777696851e-08	2.20122434925435e-42	"PROJECT_CORRECTED_NATIVE_COEFFICIENT_SERIALIZATION"
"intra"	"F03"	"MP10"	-0.785892888174916	"mp10_target_extension"	0.038580201293816	TRUE	0.0296252608903942	0.00890464988783024	"PASS"	-0.785892854486848	4.28659777696851e-08	2.20122434925435e-42	"PROJECT_CORRECTED_NATIVE_COEFFICIENT_SERIALIZATION"
"intra"	"F04"	"MP10"	-0.7171720610841	"mp10_target_extension"	0.039503433765247	TRUE	0.0296252608903942	0.00890464988783024	"PASS"	-0.717172030341818	4.28659777696851e-08	2.20122434925435e-42	"PROJECT_CORRECTED_NATIVE_COEFFICIENT_SERIALIZATION"
"intra"	"F05"	"MP10"	-0.709841119800462	"mp10_target_extension"	0.0396019215647356	TRUE	0.0296252608903942	0.00890464988783024	"PASS"	-0.709841089372428	4.28659777696851e-08	2.20122434925435e-42	"PROJECT_CORRECTED_NATIVE_COEFFICIENT_SERIALIZATION"
"intra"	"F06"	"MP10"	-0.571210048354462	"mp10_target_extension"	0.0414643657774497	TRUE	0.0296252608903942	0.00890464988783024	"PASS"	-0.571210023868984	4.28659777696851e-08	2.20122434925435e-42	"PROJECT_CORRECTED_NATIVE_COEFFICIENT_SERIALIZATION"
"intra"	"F07"	"MP10"	0.242371425578811	"mp10_target_extension"	0.0523944559216977	TRUE	0.0296252608903942	0.00890464988783024	"PASS"	0.242371415189323	4.28659777696851e-08	2.20122434925435e-42	"PROJECT_CORRECTED_NATIVE_COEFFICIENT_SERIALIZATION"
"intra"	"F08"	"MP10"	0.163428025869227	"mp10_target_extension"	0.0513338879235749	TRUE	0.0296252608903942	0.00890464988783024	"PASS"	0.163428018863725	4.28659777696851e-08	2.20122434925435e-42	"PROJECT_CORRECTED_NATIVE_COEFFICIENT_SERIALIZATION"
"intra"	"F10"	"MP10"	-0.164439126227389	"mp10_target_extension"	0.046929144646385	TRUE	0.0296252608903942	0.00890464988783024	"PASS"	-0.164439119178545	4.28659777696851e-08	2.20122434925435e-42	"PROJECT_CORRECTED_NATIVE_COEFFICIENT_SERIALIZATION"
"intra"	"F11"	"MP10"	-0.506543522649603	"mp10_target_extension"	0.0423331305882465	TRUE	0.0296252608903942	0.00890464988783024	"PASS"	-0.506543500936119	4.28659777696851e-08	2.20122434925435e-42	"PROJECT_CORRECTED_NATIVE_COEFFICIENT_SERIALIZATION"
"intra"	"F12"	"MP10"	-0.0197184896823363	"mp10_target_extension"	0.0488733993447167	TRUE	0.0296252608903942	0.00890464988783024	"PASS"	-0.0197184888370835	4.28659777696851e-08	2.20122434925435e-42	"PROJECT_CORRECTED_NATIVE_COEFFICIENT_SERIALIZATION"
"intra"	"F13"	"MP10"	-0.00204479758426105	"mp10_target_extension"	0.0491108372092734	TRUE	0.0296252608903942	0.00890464988783024	"PASS"	-0.00204479749660828	4.28659777696851e-08	2.20122434925435e-42	"PROJECT_CORRECTED_NATIVE_COEFFICIENT_SERIALIZATION"
"intra"	"F14"	"MP10"	-0.00557010309476413	"mp10_target_extension"	0.0490634763631254	TRUE	0.0296252608903942	0.00890464988783024	"PASS"	-0.0055701028559957	4.28659777696851e-08	2.20122434925435e-42	"PROJECT_CORRECTED_NATIVE_COEFFICIENT_SERIALIZATION"
"intra"	"F15"	"MP10"	-0.410598789234928	"mp10_target_extension"	0.0436221036274412	TRUE	0.0296252608903942	0.00890464988783024	"PASS"	-0.41059877163421	4.28659777696851e-08	2.20122434925435e-42	"PROJECT_CORRECTED_NATIVE_COEFFICIENT_SERIALIZATION"
"intra"	"F16"	"MP10"	-0.584444085811671	"mp10_target_extension"	0.0412865726159605	TRUE	0.0296252608903942	0.00890464988783024	"PASS"	-0.584444060758904	4.28659777696851e-08	2.20122434925435e-42	"PROJECT_CORRECTED_NATIVE_COEFFICIENT_SERIALIZATION"
"intra"	"F17"	"MP10"	0.132362499760038	"mp10_target_extension"	0.0509165369739394	TRUE	0.0296252608903942	0.00890464988783024	"PASS"	0.13236249408619	4.28659777696851e-08	2.20122434925435e-42	"PROJECT_CORRECTED_NATIVE_COEFFICIENT_SERIALIZATION"
"intra"	"F18"	"MP10"	-0.151101415813523	"mp10_target_extension"	0.0471083306060119	TRUE	0.0296252608903942	0.00890464988783024	"PASS"	-0.151101409336413	4.28659777696851e-08	2.20122434925435e-42	"PROJECT_CORRECTED_NATIVE_COEFFICIENT_SERIALIZATION"
"intra"	"F19"	"MP10"	-0.343482128425878	"mp10_target_extension"	0.0445237848681377	TRUE	0.0296252608903942	0.00890464988783024	"PASS"	-0.34348211370218	4.28659777696851e-08	2.20122434925435e-42	"PROJECT_CORRECTED_NATIVE_COEFFICIENT_SERIALIZATION"
"intra"	"F20"	"MP10"	-0.0349547079676848	"mp10_target_extension"	0.0486687078114751	TRUE	0.0296252608903942	0.00890464988783024	"PASS"	-0.0349547064693165	4.28659777696851e-08	2.20122434925435e-42	"PROJECT_CORRECTED_NATIVE_COEFFICIENT_SERIALIZATION"
"intra"	"F21"	"MP10"	-0.171086257509806	"mp10_target_extension"	0.046839843517432	TRUE	0.0296252608903942	0.00890464988783024	"PASS"	-0.171086250176026	4.28659777696851e-08	2.20122434925435e-42	"PROJECT_CORRECTED_NATIVE_COEFFICIENT_SERIALIZATION"
"intra"	"F22"	"MP10"	-0.569203749604209	"mp10_target_extension"	0.0414913194715776	TRUE	0.0296252608903942	0.00890464988783024	"PASS"	-0.569203725204733	4.28659777696851e-08	2.20122434925435e-42	"PROJECT_CORRECTED_NATIVE_COEFFICIENT_SERIALIZATION"
"intra"	"F23"	"MP10"	-0.739422735230358	"mp10_target_extension"	0.0392045062675336	TRUE	0.0296252608903942	0.00890464988783024	"PASS"	-0.739422703534279	4.28659777696851e-08	2.20122434925435e-42	"PROJECT_CORRECTED_NATIVE_COEFFICIENT_SERIALIZATION"
"intra"	"F24"	"MP10"	-0.39148176763549	"mp10_target_extension"	0.0438789319551085	TRUE	0.0296252608903942	0.00890464988783024	"PASS"	-0.391481750854241	4.28659777696851e-08	2.20122434925435e-42	"PROJECT_CORRECTED_NATIVE_COEFFICIENT_SERIALIZATION"
"intra"	"F25"	"MP10"	-0.100715591257949	"mp10_target_extension"	0.0477852408135689	TRUE	0.0296252608903942	0.00890464988783024	"PASS"	-0.100715586940676	4.28659777696851e-08	2.20122434925435e-42	"PROJECT_CORRECTED_NATIVE_COEFFICIENT_SERIALIZATION"
"intra"	"F26"	"MP10"	-0.143188416522621	"mp10_target_extension"	0.0472146380851422	TRUE	0.0296252608903942	0.00890464988783024	"PASS"	-0.143188410384709	4.28659777696851e-08	2.20122434925435e-42	"PROJECT_CORRECTED_NATIVE_COEFFICIENT_SERIALIZATION"
"intra"	"F27"	"MP10"	0.116129640391409	"mp10_target_extension"	0.0506984560295194	TRUE	0.0296252608903942	0.00890464988783024	"PASS"	0.116129635413399	4.28659777696851e-08	2.20122434925435e-42	"PROJECT_CORRECTED_NATIVE_COEFFICIENT_SERIALIZATION"
"intra"	"F28"	"MP10"	-0.143172206532639	"mp10_target_extension"	0.047214855858847	TRUE	0.0296252608903942	0.00890464988783024	"PASS"	-0.143172200395422	4.28659777696851e-08	2.20122434925435e-42	"PROJECT_CORRECTED_NATIVE_COEFFICIENT_SERIALIZATION"
"intra"	"F29"	"MP10"	0.303226967847838	"mp10_target_extension"	0.0532120219357833	TRUE	0.0296252608903942	0.00890464988783024	"PASS"	0.303226954849717	4.28659777696851e-08	2.20122434925435e-42	"PROJECT_CORRECTED_NATIVE_COEFFICIENT_SERIALIZATION"
"intra"	"F30"	"MP10"	0.17801314609049	"mp10_target_extension"	0.0515298322559998	TRUE	0.0296252608903942	0.00890464988783024	"PASS"	0.178013138459783	4.28659777696851e-08	2.20122434925435e-42	"PROJECT_CORRECTED_NATIVE_COEFFICIENT_SERIALIZATION"
"intra"	"epi_fraction_gate"	"MP10"	1.31084899875211	"mp10_target_extension"	0.0667489570578056	TRUE	0.0296252608903942	0.00890464988783024	"PASS"	1.31084894256129	4.28659777696851e-08	2.20122434925435e-42	"PROJECT_CORRECTED_NATIVE_COEFFICIENT_SERIALIZATION"
"intra"	"log1p_nCount"	"MP10"	4.89786553736492	"mp10_target_extension"	0.114938862275782	TRUE	0.0296252608903942	0.00890464988783024	"PASS"	4.89786532741313	4.28659777696851e-08	2.20122434925435e-42	"PROJECT_CORRECTED_NATIVE_COEFFICIENT_SERIALIZATION"
