section_id	dataset	target	target_label	n_tissue	n_legacy_eligible	n_complete	target_variance	n_target_zero	n_unique_target	status	reason
GSE285715_N2	GSE285715	M01	B	1722	72	1722	11.418272628931387	0	1722	PASS	estimable target and sample size
GSE285715_N2	GSE285715	M02	Endothelial	1722	72	1722	16.335969621886697	0	1722	PASS	estimable target and sample size
GSE285715_N2	GSE285715	M03	Epithelial	1722	72	1722	0.10771773396596813	0	1722	PASS	estimable target and sample size
GSE285715_N2	GSE285715	M04	Fibroblast	1722	72	1722	53.84283831034385	0	1722	PASS	estimable target and sample size
GSE285715_N2	GSE285715	M05	Mast	1722	72	1722	0.07227080030124454	0	1722	PASS	estimable target and sample size
GSE285715_N2	GSE285715	M06	Mural	1722	72	1722	1340.624751169482	0	1722	PASS	estimable target and sample size
GSE285715_N2	GSE285715	M07	Myeloid	1722	72	1722	1.757509228878704	0	1722	PASS	estimable target and sample size
GSE285715_N2	GSE285715	M08	Plasma	1722	72	1722	0.03783126003870209	0	1722	PASS	estimable target and sample size
GSE285715_N2	GSE285715	M09	T_NK	1722	72	1722	53.104680681985755	0	1722	PASS	estimable target and sample size
GSE285715_N2	GSE285715	MP10	EpiMP10 raw Top20 AUCell	1722	72	72	0.0006626430730949041	10	59	SKIPPED_NOT_ESTIMABLE	n_complete_cases=72 below 100
