A	B	overlap	size_A	size_B	fraction_A	fraction_B	Jaccard
"C1"	"C1"	4738	5660	7464	0.837102473498233	0.634780278670954	0.564989267827331
"C10"	"C1"	7	4131	7464	0.00169450496247882	0.000937834941050375	0.000604073179150846
"C11"	"C1"	15	701	7464	0.021398002853067	0.0020096463022508	0.00184049079754601
"C12"	"C1"	2	700	7464	0.00285714285714286	0.000267952840300107	0.000245037980887038
"C2"	"C1"	216	6198	7464	0.0348499515972895	0.0289389067524116	0.0160642570281124
"C3"	"C1"	74	3477	7464	0.0212827149841818	0.00991425509110396	0.00680960706726788
"C4"	"C1"	19	4238	7464	0.00448324681453516	0.00254555198285102	0.00162629461610888
"C5"	"C1"	121	1383	7464	0.0874909616775127	0.0162111468381565	0.0138666055466422
"C6"	"C1"	104	2209	7464	0.0470801267541874	0.0139335476956056	0.0108684293029575
"C7"	"C1"	1818	2045	7464	0.888997555012225	0.243569131832797	0.236380184631387
"C8"	"C1"	17	1385	7464	0.0122743682310469	0.00227759914255091	0.00192481884057971
"C9"	"C1"	333	1967	7464	0.169293340111845	0.0446141479099678	0.0366014508683227
"C1"	"C2"	385	5660	6189	0.0680212014134276	0.0622071417030215	0.0335833914863922
"C10"	"C2"	37	4131	6189	0.00895666908738804	0.00597834868314752	0.00359817173976466
"C11"	"C2"	668	701	6189	0.952924393723253	0.107933430279528	0.107360977177756
"C12"	"C2"	0	700	6189	0	0	0
"C2"	"C2"	2658	6198	6189	0.428848015488867	0.429471643238003	0.273203823620105
"C3"	"C2"	66	3477	6189	0.0189818809318378	0.0106640814348037	0.006875
"C4"	"C2"	859	4238	6189	0.202689948088721	0.138794635643884	0.0897784280936455
"C5"	"C2"	23	1383	6189	0.0166305133767173	0.00371627080303765	0.0030467611604186
"C6"	"C2"	1433	2209	6189	0.648709823449525	0.231539828728389	0.205743000717875
"C7"	"C2"	45	2045	6189	0.0220048899755501	0.00727096461463888	0.00549517645622176
"C8"	"C2"	11	1385	6189	0.00794223826714802	0.00177734690580061	0.00145444929260875
"C9"	"C2"	4	1967	6189	0.00203355363497712	0.000646307965745678	0.000490677134445535
"C1"	"C3"	70	5660	5017	0.0123674911660777	0.0139525612916085	0.00659941548034317
"C10"	"C3"	25	4131	5017	0.00605180343742435	0.0049830576041459	0.00274032664693632
"C11"	"C3"	4	701	5017	0.00570613409415121	0.000797289216663345	0.000700035001750088
"C12"	"C3"	2	700	5017	0.00285714285714286	0.000398644608331672	0.000349956255468066
"C2"	"C3"	0	6198	5017	0	0	0
"C3"	"C3"	1305	3477	5017	0.375323554788611	0.260115606936416	0.181527333426068
"C4"	"C3"	1900	4238	5017	0.448324681453516	0.378712377915089	0.258327668252889
"C5"	"C3"	73	1383	5017	0.0527838033261027	0.014550528204106	0.0115378536431168
"C6"	"C3"	205	2209	5017	0.0928021729289271	0.0408610723539964	0.0291981199259365
"C7"	"C3"	46	2045	5017	0.0224938875305623	0.00916882599162846	0.00655644241733181
"C8"	"C3"	1135	1385	5017	0.819494584837545	0.226230815228224	0.215492690336055
"C9"	"C3"	252	1967	5017	0.128113879003559	0.0502292206497907	0.0374331550802139
"C1"	"C4"	189	5660	4172	0.0333922261484099	0.0453020134228188	0.0195997096339313
"C10"	"C4"	552	4131	4172	0.13362381989833	0.132310642377756	0.0712166172106825
"C11"	"C4"	4	701	4172	0.00570613409415121	0.000958772770853308	0.000821523926884371
"C12"	"C4"	0	700	4172	0	0	0
"C2"	"C4"	3241	6198	4172	0.522910616327848	0.776845637583893	0.454621966615234
"C3"	"C4"	130	3477	4172	0.0373885533505896	0.0311601150527325	0.0172895331826041
"C4"	"C4"	0	4238	4172	0	0	0
"C5"	"C4"	0	1383	4172	0	0	0
"C6"	"C4"	2	2209	4172	0.000905387052965143	0.000479386385426654	0.000313528766264305
"C7"	"C4"	1	2045	4172	0.000488997555012225	0.000239693192713327	0.000160875160875161
"C8"	"C4"	0	1385	4172	0	0	0
"C9"	"C4"	53	1967	4172	0.0269445856634469	0.0127037392138063	0.00870851133749589
"C1"	"C5"	210	5660	4085	0.0371024734982332	0.0514075887392901	0.022024121657053
"C10"	"C5"	0	4131	4085	0	0	0
"C11"	"C5"	1	701	4085	0.0014265335235378	0.000244798041615667	0.000208986415882968
"C12"	"C5"	696	700	4085	0.994285714285714	0.170379436964504	0.170212765957447
"C2"	"C5"	0	6198	4085	0	0	0
"C3"	"C5"	4	3477	4085	0.00115041702617199	0.000979192166462668	0.000529240539825351
"C4"	"C5"	1451	4238	4085	0.34237848041529	0.355201958384333	0.211146682188591
"C5"	"C5"	1166	1383	4085	0.843094721619668	0.285434516523868	0.271036727103673
"C6"	"C5"	452	2209	4085	0.204617473970122	0.110648714810282	0.0773707634371791
"C7"	"C5"	81	2045	4085	0.0396088019559902	0.019828641370869	0.0133906430815011
"C8"	"C5"	20	1385	4085	0.0144404332129964	0.00489596083231334	0.0036697247706422
"C9"	"C5"	4	1967	4085	0.00203355363497712	0.000979192166462668	0.000661375661375661
"C1"	"C6"	19	5660	2858	0.00335689045936396	0.0066480055983205	0.00223555712436757
"C10"	"C6"	2527	4131	2858	0.611716291454854	0.884184744576627	0.5663379650381
"C11"	"C6"	5	701	2858	0.00713266761768902	0.00174947515745276	0.00140686550365785
"C12"	"C6"	0	700	2858	0	0	0
"C2"	"C6"	46	6198	2858	0.00742174895127461	0.0160951714485654	0.00510543840177581
"C3"	"C6"	48	3477	2858	0.0138050043140639	0.0167949615115465	0.00763480197232384
"C4"	"C6"	8	4238	2858	0.00188768286927796	0.00279916025192442	0.00112866817155756
"C5"	"C6"	0	1383	2858	0	0	0
"C6"	"C6"	6	2209	2858	0.00271616115889543	0.00209937018894332	0.001185536455246
"C7"	"C6"	5	2045	2858	0.00244498777506113	0.00174947515745276	0.00102082482645978
"C8"	"C6"	145	1385	2858	0.104693140794224	0.0507347795661302	0.0353831137140068
"C9"	"C6"	49	1967	2858	0.0249110320284698	0.0171448565430371	0.0102596314907873
"C1"	"C7"	35	5660	2192	0.00618374558303887	0.0159671532846715	0.00447742100550083
"C10"	"C7"	256	4131	2192	0.0619704671992254	0.116788321167883	0.0421954837646283
"C11"	"C7"	4	701	2192	0.00570613409415121	0.00182481751824818	0.00138456213222568
"C12"	"C7"	0	700	2192	0	0	0
"C2"	"C7"	18	6198	2192	0.00290416263310745	0.00821167883211679	0.00215002388915432
"C3"	"C7"	1801	3477	2192	0.517975266033937	0.821624087591241	0.465615305067218
"C4"	"C7"	0	4238	2192	0	0	0
"C5"	"C7"	0	1383	2192	0	0	0
"C6"	"C7"	5	2209	2192	0.00226346763241286	0.00228102189781022	0.00113739763421292
"C7"	"C7"	33	2045	2192	0.0161369193154034	0.0150547445255474	0.00784966698382493
"C8"	"C7"	13	1385	2192	0.00938628158844765	0.00593065693430657	0.00364758698092031
"C9"	"C7"	27	1967	2192	0.0137264870360956	0.0123175182481752	0.00653436592449177
"C1"	"C8"	9	5660	1387	0.00159010600706714	0.00648882480173035	0.00127877237851662
"C10"	"C8"	78	4131	1387	0.018881626724764	0.0562364816149964	0.0143382352941176
"C11"	"C8"	0	701	1387	0	0	0
"C12"	"C8"	0	700	1387	0	0	0
"C2"	"C8"	0	6198	1387	0	0	0
"C3"	"C8"	15	3477	1387	0.00431406384814495	0.0108147080028839	0.00309342132398433
"C4"	"C8"	1	4238	1387	0.000235960358659745	0.000720980533525595	0.000177809388335704
"C5"	"C8"	0	1383	1387	0	0	0
"C6"	"C8"	0	2209	1387	0	0	0
"C7"	"C8"	5	2045	1387	0.00244498777506113	0.00360490266762797	0.00145900204260286
"C8"	"C8"	44	1385	1387	0.0317689530685921	0.0317231434751262	0.0161290322580645
"C9"	"C8"	1235	1967	1387	0.627859684799187	0.89041095890411	0.582822085889571
"C1"	"C9"	5	5660	730	0.00088339222614841	0.00684931506849315	0.000783085356303837
"C10"	"C9"	649	4131	730	0.157104817235536	0.889041095890411	0.154083570750237
"C11"	"C9"	0	701	730	0	0	0
"C12"	"C9"	0	700	730	0	0	0
"C2"	"C9"	19	6198	730	0.00306550500161342	0.026027397260274	0.00275003618468664
"C3"	"C9"	34	3477	730	0.00977854472246189	0.0465753424657534	0.00814761562425114
"C4"	"C9"	0	4238	730	0	0	0
"C5"	"C9"	0	1383	730	0	0	0
"C6"	"C9"	2	2209	730	0.000905387052965143	0.00273972602739726	0.000680966973101805
"C7"	"C9"	11	2045	730	0.00537897310513448	0.0150684931506849	0.00397973950795948
"C8"	"C9"	0	1385	730	0	0	0
"C9"	"C9"	10	1967	730	0.00508388408744281	0.0136986301369863	0.00372162262746558
