model	target	n	target_variance	n_predictors	oob_r2	oob_rmse	oob_mae	internal_meta_r2	internal_meta_rmse	evaluation
"wang_style_cellcell_intra"	"M01"	3497	74.2451753148277	8	0.984079695268339	1.08704544992431	0.60461775270569	0.984078328762258	1.08443106290688	"OOB + random meta folds; not spatial CV"
"wang_style_cellcell_intra"	"M02"	3497	0.989949396940929	8	0.878112174674722	0.347315813806422	0.219130583826226	0.878131309525284	0.346459446961302	"OOB + random meta folds; not spatial CV"
"wang_style_cellcell_intra"	"M03"	3497	551.803702905333	8	0.990021703153605	2.34616423948135	1.28423813336854	0.990064514674332	2.33295998607349	"OOB + random meta folds; not spatial CV"
"wang_style_cellcell_intra"	"M04"	3497	0.0338622959383957	8	0.631627750556375	0.1116707799232	0.0826802603451363	0.633276513963773	0.11129498386609	"OOB + random meta folds; not spatial CV"
"wang_style_cellcell_intra"	"M05"	3497	2.27675901251655	8	0.976202811206132	0.232733690398147	0.136969234109578	0.975993863514725	0.232447235320349	"OOB + random meta folds; not spatial CV"
"wang_style_cellcell_intra"	"M06"	3497	0.0717617086684754	8	0.636388669544704	0.161511326910279	0.0953505334521685	0.636876936464623	0.159790466917418	"OOB + random meta folds; not spatial CV"
"wang_style_cellcell_intra"	"M07"	3497	34.5710187474112	8	0.972495440243537	0.974981406717413	0.547676839112593	0.972601397401076	0.969366608832287	"OOB + random meta folds; not spatial CV"
"wang_style_cellcell_intra"	"M08"	3497	0.0253881282934223	8	0.284328082708135	0.134775274783077	0.0747335773530995	0.274920983843043	0.133967064861425	"OOB + random meta folds; not spatial CV"
"wang_style_cellcell_intra"	"M09"	3497	4.00242002682227	8	0.931772829149994	0.522489910875438	0.334029057704732	0.931726150997655	0.520513498815225	"OOB + random meta folds; not spatial CV"
"mp10_technical_baseline"	"MP10"	2414	0.000960689990507239	2	0.281968094271337	0.0262587187881128	0.0206165062809072	0.298561191062161	0.0259187049878706	"OOB + random meta folds; not spatial CV"
"mp10_target_extension"	"MP10"	2414	0.000960689990507239	31	0.425516176010156	0.0234877038973596	0.0184726536686138	0.425607956430863	0.0234286111543571	"OOB + random meta folds; not spatial CV"
